#
# A fatal error has been detected by the Java Runtime Environment:
#
#  EXCEPTION_ACCESS_VIOLATION (0xc0000005) at pc=0x0000022c9ba3959f, pid=14076, tid=10148
#
# JRE version: OpenJDK Runtime Environment Temurin-17.0.16+8 (17.0.16+8) (build 17.0.16+8)
# Java VM: OpenJDK 64-Bit Server VM Temurin-17.0.16+8 (17.0.16+8, mixed mode, sharing, tiered, compressed oops, compressed class ptrs, g1 gc, windows-amd64)
# Problematic frame:
# v  ~BufferBlob::vtable chunks
#
# No core dump will be written. Minidumps are not enabled by default on client versions of Windows
#
# If you would like to submit a bug report, please visit:
#   https://github.com/adoptium/adoptium-support/issues
#

---------------  S U M M A R Y ------------

Command Line: --add-opens=java.base/java.util=ALL-UNNAMED --add-opens=java.base/java.lang=ALL-UNNAMED --add-opens=java.base/java.lang.invoke=ALL-UNNAMED --add-opens=java.prefs/java.util.prefs=ALL-UNNAMED --add-exports=jdk.compiler/com.sun.tools.javac.api=ALL-UNNAMED --add-exports=jdk.compiler/com.sun.tools.javac.util=ALL-UNNAMED --add-opens=java.base/java.nio.charset=ALL-UNNAMED --add-opens=java.base/java.net=ALL-UNNAMED --add-opens=java.base/java.util.concurrent.atomic=ALL-UNNAMED -Xmx2g -Dfile.encoding=UTF-8 -Duser.country=US -Duser.language=en -Duser.variant -javaagent:C:\Users\ssaha\.gradle\wrapper\dists\gradle-8.9-bin\90cnw93cvbtalezasaz0blq0a\gradle-8.9\lib\agents\gradle-instrumentation-agent-8.9.jar org.gradle.launcher.daemon.bootstrap.GradleDaemon 8.9

Host: Intel(R) Core(TM) i3-5005U CPU @ 2.00GHz, 4 cores, 7G,  Windows 10 , 64 bit Build 19041 (10.0.19041.5915)
Time: Mon Sep 29 21:50:50 2025 Sri Lanka Standard Time elapsed time: 3787.625152 seconds (0d 1h 3m 7s)

---------------  T H R E A D  ---------------

Current thread (0x0000022cfb4289b0):  JavaThread "ForkJoinPool-1-worker-3" daemon [_thread_in_Java, id=10148, stack(0x000000a7a3800000,0x000000a7a3900000)]

Stack: [0x000000a7a3800000,0x000000a7a3900000],  sp=0x000000a7a38feac8,  free space=1018k
Native frames: (J=compiled Java code, j=interpreted, Vv=VM code, C=native code)
C  0x0000022c9ba3959f

The last pc belongs to vtable chunks (printed below).

siginfo: EXCEPTION_ACCESS_VIOLATION (0xc0000005), reading address 0xffffffffffffffff


Registers:
RAX=0x0000022cab000082, RBX=0x701000007ffcba7b, RCX=0x000067e1ffffffff, RDX=0x0000000087c82f88
RSP=0x000000a7a38feac8, RBP=0x0000000087c82f88, RSI=0x00000000a0a7f740, RDI=0x00000000a0a7fce0
R8 =0x0000022ca33f0000, R9 =0x00000000ffffffff, R10=0x0000022cab000000, R11=0x0000000000000074
R12=0x0000000000000000, R13=0x0000000000000218, R14=0x000000a7a38feb60, R15=0x0000022cfb4289b0
RIP=0x0000022c9ba3959f, EFLAGS=0x0000000000010206

XMM[0]=0x0000000000000000 0x00000000a24cd658
XMM[1]=0x0000000000000000 0x00000000a26db8c0
XMM[2]=0x0000000000000000 0x00000000903c9e60
XMM[3]=0x0000000000000000 0x0000000000000002
XMM[4]=0x0000000000000000 0x0000000000000000
XMM[5]=0x0000000000000000 0x0000000000000000
XMM[6]=0x0000000000000000 0x0000000000000000
XMM[7]=0x0000000000000000 0x000000000000003f
XMM[8]=0x0000000000000000 0x0000000001e64fe0
XMM[9]=0x0000000000000000 0x0000022cace64850
XMM[10]=0x0000000000000000 0x00000000feeae980
XMM[11]=0x0000000000000000 0x00000000feeae980
XMM[12]=0x0000000000000000 0x0000000000000000
XMM[13]=0x0000000000000000 0x0000000000000000
XMM[14]=0x0000000000000000 0x0000000000000000
XMM[15]=0x0000000000000000 0x0000000000000000
  MXCSR=0x00001fa1


Register to memory mapping:

RIP=0x0000022c9ba3959f is at entry_point+23 in a vtable stub
vtable stub (index = 16, receiver_location = 4, code = [0x0000022c9ba39588, 0x0000022c9ba395a3])
RAX=0x0000022cab000082 is pointing into metadata
RBX=0x701000007ffcba7b is an unknown value
RCX=0x000067e1ffffffff is an unknown value
RDX=0x0000000087c82f88 is pointing into object: java.lang.reflect.Field 
{0x0000000087c82f78} - klass: 'java/lang/reflect/Field'
 - ---- fields (total size 9 words):
 - 'override' 'Z' @12  false
 - volatile 'accessCheckCache' 'Ljava/lang/Object;' @16  NULL (0)
 - private 'trustedFinal' 'Z' @13  false
 - private 'slot' 'I' @20  31 (1f)
 - private 'modifiers' 'I' @24  130 (82)
 - private 'clazz' 'Ljava/lang/Class;' @28  a 'java/lang/Class'{0x0000000082313c60} = 'org/gradle/api/internal/project/DefaultProject_Decorated' (82313c60)
 - private 'name' 'Ljava/lang/String;' @32  "__taskDependencyFactory__"{0x0000000087c82fc0} (87c82fc0)
 - private 'type' 'Ljava/lang/Class;' @36  a 'java/lang/Class'{0x0000000080aeb4d8} = 'org/gradle/api/internal/tasks/TaskDependencyFactory' (80aeb4d8)
 - private transient 'signature' 'Ljava/lang/String;' @40  NULL (0)
 - private transient 'genericInfo' 'Lsun/reflect/generics/repository/FieldRepository;' @44  NULL (0)
 - private 'annotations' '[B' @48  NULL (0)
 - private 'fieldAccessor' 'Ljdk/internal/reflect/FieldAccessor;' @52  NULL (0)
 - private 'overrideFieldAccessor' 'Ljdk/internal/reflect/FieldAccessor;' @56  NULL (0)
 - private 'root' 'Ljava/lang/reflect/Field;' @60  NULL (0)
 - private volatile transient 'declaredAnnotations' 'Ljava/util/Map;' @64  NULL (0)
RSP=0x000000a7a38feac8 is pointing into the stack for thread: 0x0000022cfb4289b0
RBP=0x0000000087c82f88 is pointing into object: java.lang.reflect.Field 
{0x0000000087c82f78} - klass: 'java/lang/reflect/Field'
 - ---- fields (total size 9 words):
 - 'override' 'Z' @12  false
 - volatile 'accessCheckCache' 'Ljava/lang/Object;' @16  NULL (0)
 - private 'trustedFinal' 'Z' @13  false
 - private 'slot' 'I' @20  31 (1f)
 - private 'modifiers' 'I' @24  130 (82)
 - private 'clazz' 'Ljava/lang/Class;' @28  a 'java/lang/Class'{0x0000000082313c60} = 'org/gradle/api/internal/project/DefaultProject_Decorated' (82313c60)
 - private 'name' 'Ljava/lang/String;' @32  "__taskDependencyFactory__"{0x0000000087c82fc0} (87c82fc0)
 - private 'type' 'Ljava/lang/Class;' @36  a 'java/lang/Class'{0x0000000080aeb4d8} = 'org/gradle/api/internal/tasks/TaskDependencyFactory' (80aeb4d8)
 - private transient 'signature' 'Ljava/lang/String;' @40  NULL (0)
 - private transient 'genericInfo' 'Lsun/reflect/generics/repository/FieldRepository;' @44  NULL (0)
 - private 'annotations' '[B' @48  NULL (0)
 - private 'fieldAccessor' 'Ljdk/internal/reflect/FieldAccessor;' @52  NULL (0)
 - private 'overrideFieldAccessor' 'Ljdk/internal/reflect/FieldAccessor;' @56  NULL (0)
 - private 'root' 'Ljava/lang/reflect/Field;' @60  NULL (0)
 - private volatile transient 'declaredAnnotations' 'Ljava/util/Map;' @64  NULL (0)
RSI=0x00000000a0a7f740 is an oop: com.android.tools.r8.graph.F0 
{0x00000000a0a7f740} - klass: 'com/android/tools/r8/graph/F0'
 - ---- fields (total size 7 words):
 - public volatile 'b' 'I' @12  -1872240567 (9067e049)
 - public final 'e' 'I' @16  43 (2b)
 - public final 'f' 'I' @20  1
 - public final 'g' 'I' @24  17 (11)
 - public final 'h' '[Lcom/android/tools/r8/graph/F0$a;' @28  a 'com/android/tools/r8/graph/F0$a'[0] {0x00000000a0a7f778} (a0a7f778)
 - public final 'i' '[Lcom/android/tools/r8/graph/F0$b;' @32  a 'com/android/tools/r8/graph/F0$b'[0] {0x00000000a0a7f788} (a0a7f788)
 - public final 'j' '[Lcom/android/tools/r8/dex/code/B1;' @36  a 'com/android/tools/r8/dex/code/B1'[320] {0x00000000a0a7f798} (a0a7f798)
 - public 'k' 'Lcom/android/tools/r8/graph/D2;' @40  a 'com/android/tools/r8/graph/D2'{0x000000009105a7c0} (9105a7c0)
 - public 'l' 'Lcom/android/tools/r8/graph/S0;' @44  a 'com/android/tools/r8/graph/S0$a'{0x00000000a0a7fcc0} (a0a7fcc0)
 - public 'm' 'Lcom/android/tools/r8/graph/V0;' @48  NULL (0)
 - public final 'n' 'Lcom/android/tools/r8/internal/J6;' @52  a 'com/android/tools/r8/internal/J6'{0x000000008bef2cf8} (8bef2cf8)
RDI=0x00000000a0a7fce0 is an oop: [Lcom.android.tools.r8.graph.K0; 
{0x00000000a0a7fce0} - klass: 'com/android/tools/r8/graph/K0'[]
 - length: 303
R8 =0x0000022ca33f0000 points into unknown readable memory: 0x4040404040404000 | 00 40 40 40 40 40 40 40
R9 =0x00000000ffffffff points into unknown readable memory: 00
R10=0x0000022cab000000 is pointing into metadata
R11=0x0000000000000074 is an unknown value
R12=0x0 is NULL
R13=0x0000000000000218 is an unknown value
R14=0x000000a7a38feb60 is pointing into the stack for thread: 0x0000022cfb4289b0
R15=0x0000022cfb4289b0 is a thread


Top of Stack: (sp=0x000000a7a38feac8)
0x000000a7a38feac8:   0000022c9d457104 000000a7a38feb70
0x000000a7a38fead8:   00007ffcba694ec6 0000022cfb4289b0
0x000000a7a38feae8:   00000000cf4c0118 00000000cf4c00d8
0x000000a7a38feaf8:   00000074a0a7fce0 00000000a0a7f740
0x000000a7a38feb08:   0000022c9bf11ac6 00000000a0a7fcc0
0x000000a7a38feb18:   00000000a0a7fce0 0000022ca33f0000
0x000000a7a38feb28:   000000000000012f 00000000a3c42470
0x000000a7a38feb38:   00007ffca491eeb8 00000000c9172528
0x000000a7a38feb48:   0000022c9d673fa4 00000000cf4c0de8
0x000000a7a38feb58:   ffffffffca318540 0000000080a9b830
0x000000a7a38feb68:   00008001ca318540 00000000cf4c00d8
0x000000a7a38feb78:   0000022c9d682000 00000000a0a7f740
0x000000a7a38feb88:   cb600000cf4c0118 00000000cf4c0118
0x000000a7a38feb98:   00000000a3c42470 00000000a0a7f740
0x000000a7a38feba8:   0000022c9d6894e8 000000000000a852
0x000000a7a38febb8:   0000022c9c08617c 00000000a26db8e8
0x000000a7a38febc8:   0000022c9d683a0c a26db8e8a24cd680
0x000000a7a38febd8:   0000000000000007 00000000c91caa80
0x000000a7a38febe8:   0000022c9d560d6c 0000800100000000
0x000000a7a38febf8:   00000000cf4c1598 00000000ffffffff
0x000000a7a38fec08:   00000000924b3868 00000001924b3960
0x000000a7a38fec18:   00000000a3c42470 00000000924b3948
0x000000a7a38fec28:   00000000c91caaa8 00000000924b3960
0x000000a7a38fec38:   01f7e67000000002 00000000c91caa90
0x000000a7a38fec48:   0000ffff00000000 00000000c91caa90
0x000000a7a38fec58:   00000000924b3868 00000000cc17c9a0
0x000000a7a38fec68:   0000022cfb4289b0 000000000000444a
0x000000a7a38fec78:   0000000000000000 00000000924b3930
0x000000a7a38fec88:   0000022c9d4420f4 0000000092f1ca78
0x000000a7a38fec98:   0000022cf83f2108 000000009a741b98
0x000000a7a38feca8:   0000022c9d4424ec 00000000cf4c00d8
0x000000a7a38fecb8:   00000000cf4c00d8 00000000cf4c00d8 

Instructions: (pc=0x0000022c9ba3959f)
0x0000022c9ba3949f:   4d 33 ed 49 3b c6 75 24 48 85 db 74 46 48 3b c3
0x0000022c9ba394af:   74 35 49 8b 1b 49 83 c3 10 48 3b c3 74 29 48 85
0x0000022c9ba394bf:   db 75 ef eb 2e 49 8b 1b 49 83 c3 10 48 3b c3 45
0x0000022c9ba394cf:   0f 44 6b f8 4c 3b f3 74 07 48 85 db 75 e7 eb 13
0x0000022c9ba394df:   4d 85 ed 74 cd eb 04 45 8b 6b f8 4b 8b 5c 2a 58
0x0000022c9ba394ef:   ff 63 40 e9 89 75 f3 ff 00 00 44 89 84 24 d0 00
0x0000022c9ba394ff:   00 00 44 89 94 24 88 00 00 00 48 89 94 24 90 00
0x0000022c9ba3950f:   00 00 44 89 9c 24 d4 00 00 00 00 00 00 00 00 00
0x0000022c9ba3951f:   00 24 00 17 00 00 00 01 d3 8b 42 08 49 ba 00 00
0x0000022c9ba3952f:   00 ab 2c 02 00 00 49 03 c2 48 8b 98 e8 02 00 00
0x0000022c9ba3953f:   ff 63 40 19 f8 49 83 c3 f8 00 00 00 00 00 00 00
0x0000022c9ba3954f:   00 0a 00 17 00 00 00 01 8b 8b 42 08 49 ba 00 00
0x0000022c9ba3955f:   00 ab 2c 02 00 00 49 03 c2 48 8b 98 18 02 00 00
0x0000022c9ba3956f:   ff 63 40 00 4d 8b 57 30 4b 00 00 00 00 00 00 00
0x0000022c9ba3957f:   00 10 00 17 00 00 00 01 ff 8b 42 08 49 ba 00 00
0x0000022c9ba3958f:   00 ab 2c 02 00 00 49 03 c2 48 8b 98 48 02 00 00
0x0000022c9ba3959f:   ff 63 40 00 00 00 00 00 00 00 00 00 00 00 00 00
0x0000022c9ba395af:   00 05 00 7f 00 07 00 00 e9 4c 8b 70 08 48 8b 00
0x0000022c9ba395bf:   44 8b 52 08 49 bb 00 00 00 ab 2c 02 00 00 4d 03
0x0000022c9ba395cf:   d3 45 8b 9a a0 00 00 00 4b 8b 9c da c8 01 00 00
0x0000022c9ba395df:   4f 8d 9c da d8 01 00 00 4d 33 ed 49 3b c6 75 24
0x0000022c9ba395ef:   48 85 db 74 46 48 3b c3 74 35 49 8b 1b 49 83 c3
0x0000022c9ba395ff:   10 48 3b c3 74 29 48 85 db 75 ef eb 2e 49 8b 1b
0x0000022c9ba3960f:   49 83 c3 10 48 3b c3 45 0f 44 6b f8 4c 3b f3 74
0x0000022c9ba3961f:   07 48 85 db 75 e7 eb 13 4d 85 ed 74 cd eb 04 45
0x0000022c9ba3962f:   8b 6b f8 4b 8b 5c 2a 28 ff 63 40 e9 41 74 f3 ff
0x0000022c9ba3963f:   ff 48 bb 00 00 00 00 00 00 00 00 e9 fb ff ff ff
0x0000022c9ba3964f:   e9 2c a4 fd ff e8 00 00 00 00 48 83 2c 24 05 e9
0x0000022c9ba3965f:   3d f8 d9 a1 9b 2c 02 00 00 27 00 17 00 00 00 01
0x0000022c9ba3966f:   48 8b 42 08 49 ba 00 00 00 ab 2c 02 00 00 49 03
0x0000022c9ba3967f:   c2 48 8b 98 00 03 00 00 ff 63 40 48 83 2c 24 05
0x0000022c9ba3968f:   e9 00 00 00 00 00 00 00 00 12 00 17 00 00 00 01 


Stack slot to memory mapping:
stack at sp + 0 slots: 0x0000022c9d457104 is at entry_point+228 in (nmethod*)0x0000022c9d456d90
Compiled method (c2) 3788039 35372       4       com.android.tools.r8.graph.F0::a (18 bytes)
 total in heap  [0x0000022c9d456d90,0x0000022c9d459bb8] = 11816
 relocation     [0x0000022c9d456ef0,0x0000022c9d457000] = 272
 constants      [0x0000022c9d457000,0x0000022c9d457020] = 32
 main code      [0x0000022c9d457020,0x0000022c9d458b80] = 7008
 stub code      [0x0000022c9d458b80,0x0000022c9d458bf0] = 112
 oops           [0x0000022c9d458bf0,0x0000022c9d458c10] = 32
 metadata       [0x0000022c9d458c10,0x0000022c9d458d20] = 272
 scopes data    [0x0000022c9d458d20,0x0000022c9d459600] = 2272
 scopes pcs     [0x0000022c9d459600,0x0000022c9d4599d0] = 976
 dependencies   [0x0000022c9d4599d0,0x0000022c9d459a00] = 48
 handler table  [0x0000022c9d459a00,0x0000022c9d459b50] = 336
 nul chk table  [0x0000022c9d459b50,0x0000022c9d459bb8] = 104
stack at sp + 1 slots: 0x000000a7a38feb70 is pointing into the stack for thread: 0x0000022cfb4289b0
stack at sp + 2 slots: 0x00007ffcba694ec6 jvm.dll
stack at sp + 3 slots: 0x0000022cfb4289b0 is a thread
stack at sp + 4 slots: 0x00000000cf4c0118 is an oop: com.android.tools.r8.internal.QR 
{0x00000000cf4c0118} - klass: 'com/android/tools/r8/internal/QR'
 - ---- fields (total size 9 words):
 - public 'b' 'I' @12  -2 (fffffffe)
 - public transient 'e' 'I' @16  65535 (ffff)
 - public transient 'g' 'I' @20  24196 (5e84)
 - public transient 'h' 'I' @24  57474 (e082)
 - public transient 'j' 'I' @28  65536 (10000)
 - public transient 'k' 'I' @32  49152 (c000)
 - public 'l' 'I' @36  30843 (787b)
 - public transient 'f' 'Z' @40  false
 - public transient 'c' '[Ljava/lang/Object;' @44  a 'java/lang/Object'[65537] {0x00000000cb600000} (cb600000)
 - public transient 'd' '[I' @48  [I{0x00000000cb640018} (cb640018)
 - public transient 'i' '[J' @52  [J{0x000000008b400000} (8b400000)
 - public transient 'm' 'Lcom/android/tools/r8/internal/NR;' @56  NULL (0)
 - public transient 'n' 'Lcom/android/tools/r8/internal/KR;' @60  NULL (0)
 - public transient 'o' 'Lcom/android/tools/r8/internal/HR;' @64  NULL (0)
stack at sp + 5 slots: 0x00000000cf4c00d8 is an oop: com.android.tools.r8.dex.K 
{0x00000000cf4c00d8} - klass: 'com/android/tools/r8/dex/K'
 - ---- fields (total size 8 words):
 - public final 'a' 'Lcom/android/tools/r8/internal/QR;' @12  a 'com/android/tools/r8/internal/QR'{0x00000000cf4c0118} (cf4c0118)
 - public final 'b' 'Lcom/android/tools/r8/internal/dJ;' @16  a 'com/android/tools/r8/internal/dJ'{0x00000000cf4c03a8} (cf4c03a8)
 - public final 'c' 'Lcom/android/tools/r8/internal/dJ;' @20  a 'com/android/tools/r8/internal/dJ'{0x00000000cf4c0638} (cf4c0638)
 - public final 'd' 'Lcom/android/tools/r8/internal/QR;' @24  a 'com/android/tools/r8/internal/QR'{0x00000000cf4c08c8} (cf4c08c8)
 - public final 'e' 'Lcom/android/tools/r8/internal/dJ;' @28  a 'com/android/tools/r8/internal/dJ'{0x00000000cf4c0b58} (cf4c0b58)
 - public final 'f' 'Lcom/android/tools/r8/internal/dJ;' @32  a 'com/android/tools/r8/internal/dJ'{0x00000000cf4c0de8} (cf4c0de8)
 - public final 'g' 'Lcom/android/tools/r8/internal/dJ;' @36  a 'com/android/tools/r8/internal/dJ'{0x00000000cf4c1078} (cf4c1078)
 - public final 'h' 'Lcom/android/tools/r8/internal/dJ;' @40  a 'com/android/tools/r8/internal/dJ'{0x00000000cf4c1308} (cf4c1308)
 - public final 'i' 'Lcom/android/tools/r8/internal/QR;' @44  a 'com/android/tools/r8/internal/QR'{0x00000000cf4c1598} (cf4c1598)
 - public final 'j' 'Lcom/android/tools/r8/internal/dJ;' @48  a 'com/android/tools/r8/internal/dJ'{0x00000000cf4c1828} (cf4c1828)
 - public final 'k' 'Ljava/util/IdentityHashMap;' @52  a 'java/util/IdentityHashMap'{0x00000000cf4c1ab8} (cf4c1ab8)
 - public final 'l' 'Ljava/util/IdentityHashMap;' @56  a 'java/util/IdentityHashMap'{0x00000000cf4c1bf0} (cf4c1bf0)
 - public final 'm' 'Lcom/android/tools/r8/utils/A1;' @60  a 'com/android/tools/r8/utils/A1'{0x0000000089000a58} (89000a58)
stack at sp + 6 slots: 0x00000074a0a7fce0 is an unknown value
stack at sp + 7 slots: 0x00000000a0a7f740 is an oop: com.android.tools.r8.graph.F0 
{0x00000000a0a7f740} - klass: 'com/android/tools/r8/graph/F0'
 - ---- fields (total size 7 words):
 - public volatile 'b' 'I' @12  -1872240567 (9067e049)
 - public final 'e' 'I' @16  43 (2b)
 - public final 'f' 'I' @20  1
 - public final 'g' 'I' @24  17 (11)
 - public final 'h' '[Lcom/android/tools/r8/graph/F0$a;' @28  a 'com/android/tools/r8/graph/F0$a'[0] {0x00000000a0a7f778} (a0a7f778)
 - public final 'i' '[Lcom/android/tools/r8/graph/F0$b;' @32  a 'com/android/tools/r8/graph/F0$b'[0] {0x00000000a0a7f788} (a0a7f788)
 - public final 'j' '[Lcom/android/tools/r8/dex/code/B1;' @36  a 'com/android/tools/r8/dex/code/B1'[320] {0x00000000a0a7f798} (a0a7f798)
 - public 'k' 'Lcom/android/tools/r8/graph/D2;' @40  a 'com/android/tools/r8/graph/D2'{0x000000009105a7c0} (9105a7c0)
 - public 'l' 'Lcom/android/tools/r8/graph/S0;' @44  a 'com/android/tools/r8/graph/S0$a'{0x00000000a0a7fcc0} (a0a7fcc0)
 - public 'm' 'Lcom/android/tools/r8/graph/V0;' @48  NULL (0)
 - public final 'n' 'Lcom/android/tools/r8/internal/J6;' @52  a 'com/android/tools/r8/internal/J6'{0x000000008bef2cf8} (8bef2cf8)

--------------------------------------------------------------------------------
Decoding CodeBlob, name: vtable chunks, at  [0x0000022c9ba39000, 0x0000022c9ba3a708]  5896 bytes
[MachCode]
  0x0000022c9ba39000: 0000 0000 | 0000 0000 | 0e00 7f00 | 0700 0000 | 4c8b 7008 | 488b 0044 | 8b52 0849 | bb00 0000 
  0x0000022c9ba39020: ab2c 0200 | 004d 03d3 | 458b 9aa0 | 0000 004b | 8b9c dac8 | 0100 004f | 8d9c dad8 | 0100 004d 
  0x0000022c9ba39040: 33ed 493b | c675 2448 | 85db 7446 | 483b c374 | 3549 8b1b | 4983 c310 | 483b c374 | 2948 85db 
  0x0000022c9ba39060: 75ef eb2e | 498b 1b49 | 83c3 1048 | 3bc3 450f | 446b f84c | 3bf3 7407 | 4885 db75 | e7eb 134d 
  0x0000022c9ba39080: 85ed 74cd | eb04 458b | 6bf8 4b8b | 5c2a 70ff | 6340 e9e9 | 79f3 ff8b | 8c24 b000 | 0000 458b 
  0x0000022c9ba390a0: 4114 458b | d841 ffcb | 418b c0f0 | 450f b159 | 1440 0f94 | c540 0fb6 | 0000 0000 | 0000 0000 
  0x0000022c9ba390c0: 1100 1700 | 0000 018b | 8b42 0849 | ba00 0000 | ab2c 0200 | 0049 03c2 | 488b 9850 | 0200 00ff 
  0x0000022c9ba390e0: 6340 249c | 0000 0044 | 40d9 a19b | 2c02 0000 | 2900 1700 | 0000 0144 | 8b42 0849 | ba00 0000 
  0x0000022c9ba39100: ab2c 0200 | 0049 03c2 | 488b 9810 | 0300 00ff | 6340 a3fe | ffff 448b | 0000 0000 | 0000 0000 
  0x0000022c9ba39120: 1900 1700 | 0000 0144 | 8b42 0849 | ba00 0000 | ab2c 0200 | 0049 03c2 | 488b 9890 | 0200 00ff 
  0x0000022c9ba39140: 6340 5720 | 498b cb4d | 0000 0000 | 0000 0000 | 2300 1700 | 0000 0113 | 8b42 0849 | ba00 0000 
  0x0000022c9ba39160: ab2c 0200 | 0049 03c2 | 488b 98e0 | 0200 00ff | 6340 84e1 | fcff ff4d | 0000 0000 | 0000 0000 
  0x0000022c9ba39180: 1500 1700 | 0000 014d | 8b42 0849 | ba00 0000 | ab2c 0200 | 0049 03c2 | 488b 9870 | 0200 00ff 
  0x0000022c9ba391a0: 6340 db0f | 846a fcff | 0000 0000 | 0000 0000 | 1600 1700 | 0000 0100 | 8b42 0849 | ba00 0000 
  0x0000022c9ba391c0: ab2c 0200 | 0049 03c2 | 488b 9878 | 0200 00ff | 6340 404d | 8b5f 50f0 | 0000 0000 | 0000 0000 
  0x0000022c9ba391e0: 0600 7f00 | 0700 0088 | 4c8b 7008 | 488b 0044 | 8b52 0849 | bb00 0000 | ab2c 0200 | 004d 03d3 
  0x0000022c9ba39200: 458b 9aa0 | 0000 004b | 8b9c dac8 | 0100 004f | 8d9c dad8 | 0100 004d | 33ed 493b | c675 2448 
  0x0000022c9ba39220: 85db 7446 | 483b c374 | 3549 8b1b | 4983 c310 | 483b c374 | 2948 85db | 75ef eb2e | 498b 1b49 
  0x0000022c9ba39240: 83c3 1048 | 3bc3 450f | 446b f84c | 3bf3 7407 | 4885 db75 | e7eb 134d | 85ed 74cd | eb04 458b 
  0x0000022c9ba39260: 6bf8 4b8b | 5c2a 30ff | 6340 e911 | 78f3 fffb | ffff 4488 | 214d 85db | 7515 498b | d749 baf0 
  0x0000022c9ba39280: 2954 bafc | 7f00 0041 | ffd2 e979 | fbff ff4b | 0000 0000 | 0000 0000 | 1300 8200 | 0700 00ff 
  0x0000022c9ba392a0: 4c8b 7008 | 488b 0044 | 8b52 0849 | bb00 0000 | ab2c 0200 | 004d 03d3 | 458b 9aa0 | 0000 004b 
  0x0000022c9ba392c0: 8b9c dac8 | 0100 004f | 8d9c dad8 | 0100 004d | 33ed 493b | c675 2448 | 85db 7449 | 483b c374 
  0x0000022c9ba392e0: 3549 8b1b | 4983 c310 | 483b c374 | 2948 85db | 75ef eb31 | 498b 1b49 | 83c3 1048 | 3bc3 450f 
  0x0000022c9ba39300: 446b f84c | 3bf3 7407 | 4885 db75 | e7eb 164d | 85ed 74cd | eb04 458b | 6bf8 4b8b | 9c2a 9800 
  0x0000022c9ba39320: 0000 ff63 | 40e9 5677 | f3ff 2049 | 8bcb 4d85 | d20f 84da | 0500 004d | 8b5f 304b | 894c 13f8 
  0x0000022c9ba39340: 4983 c2f8 | 4d89 5720 | 0000 0000 | 0000 0000 | 2a00 1700 | 0000 0144 | 8b42 0849 | ba00 0000 
  0x0000022c9ba39360: ab2c 0200 | 0049 03c2 | 488b 9818 | 0300 00ff | 6340 2954 | bafc 7f00 | 0000 0000 | 0000 0000 
  0x0000022c9ba39380: 2200 1700 | 0000 0183 | 8b42 0849 | ba00 0000 | ab2c 0200 | 0049 03c2 | 488b 98d8 | 0200 00ff 
  0x0000022c9ba393a0: 6340 3900 | 0f84 37f9 | 0000 0000 | 0000 0000 | 0400 7f00 | 0700 00f0 | 4c8b 7008 | 488b 0044 
  0x0000022c9ba393c0: 8b52 0849 | bb00 0000 | ab2c 0200 | 004d 03d3 | 458b 9aa0 | 0000 004b | 8b9c dac8 | 0100 004f 
  0x0000022c9ba393e0: 8d9c dad8 | 0100 004d | 33ed 493b | c675 2448 | 85db 7446 | 483b c374 | 3549 8b1b | 4983 c310 
  0x0000022c9ba39400: 483b c374 | 2948 85db | 75ef eb2e | 498b 1b49 | 83c3 1048 | 3bc3 450f | 446b f84c | 3bf3 7407 
  0x0000022c9ba39420: 4885 db75 | e7eb 134d | 85ed 74cd | eb04 458b | 6bf8 4b8b | 5c2a 20ff | 6340 e941 | 76f3 ff4d 
  0x0000022c9ba39440: 8b57 404d | 8b5f 50f0 | 8344 24c0 | 0080 3900 | 0f84 cef7 | ffff 4488 | 214d 85d2 | 7515 498b 
  0x0000022c9ba39460: 90d7 a19b | 2c02 0000 | 0b00 7f00 | 0700 00b1 | 4c8b 7008 | 488b 0044 | 8b52 0849 | bb00 0000 
  0x0000022c9ba39480: ab2c 0200 | 004d 03d3 | 458b 9aa0 | 0000 004b | 8b9c dac8 | 0100 004f | 8d9c dad8 | 0100 004d 
  0x0000022c9ba394a0: 33ed 493b | c675 2448 | 85db 7446 | 483b c374 | 3549 8b1b | 4983 c310 | 483b c374 | 2948 85db 
  0x0000022c9ba394c0: 75ef eb2e | 498b 1b49 | 83c3 1048 | 3bc3 450f | 446b f84c | 3bf3 7407 | 4885 db75 | e7eb 134d 
  0x0000022c9ba394e0: 85ed 74cd | eb04 458b | 6bf8 4b8b | 5c2a 58ff | 6340 e989 | 75f3 ff00 | 0044 8984 | 24d0 0000 
  0x0000022c9ba39500: 0044 8994 | 2488 0000 | 0048 8994 | 2490 0000 | 0044 899c | 24d4 0000 | 0000 0000 | 0000 0000 
  0x0000022c9ba39520: 2400 1700 | 0000 01d3 | 8b42 0849 | ba00 0000 | ab2c 0200 | 0049 03c2 | 488b 98e8 | 0200 00ff 
  0x0000022c9ba39540: 6340 19f8 | 4983 c3f8 | 0000 0000 | 0000 0000 | 0a00 1700 | 0000 018b | 8b42 0849 | ba00 0000 
  0x0000022c9ba39560: ab2c 0200 | 0049 03c2 | 488b 9818 | 0200 00ff | 6340 004d | 8b57 304b | 0000 0000 | 0000 0000 
  0x0000022c9ba39580: 1000 1700 | 0000 01ff | 8b42 0849 | ba00 0000 | ab2c 0200 | 0049 03c2 | 488b 9848 | 0200 00ff 
  0x0000022c9ba395a0: 6340 0000 | 0000 0000 | 0000 0000 | 0000 0000 | 0500 7f00 | 0700 00e9 | 4c8b 7008 | 488b 0044 
  0x0000022c9ba395c0: 8b52 0849 | bb00 0000 | ab2c 0200 | 004d 03d3 | 458b 9aa0 | 0000 004b | 8b9c dac8 | 0100 004f 
  0x0000022c9ba395e0: 8d9c dad8 | 0100 004d | 33ed 493b | c675 2448 | 85db 7446 | 483b c374 | 3549 8b1b | 4983 c310 
  0x0000022c9ba39600: 483b c374 | 2948 85db | 75ef eb2e | 498b 1b49 | 83c3 1048 | 3bc3 450f | 446b f84c | 3bf3 7407 
  0x0000022c9ba39620: 4885 db75 | e7eb 134d | 85ed 74cd | eb04 458b | 6bf8 4b8b | 5c2a 28ff | 6340 e941 | 74f3 ffff 
  0x0000022c9ba39640: 48bb 0000 | 0000 0000 | 0000 e9fb | ffff ffe9 | 2ca4 fdff | e800 0000 | 0048 832c | 2405 e93d 
  0x0000022c9ba39660: f8d9 a19b | 2c02 0000 | 2700 1700 | 0000 0148 | 8b42 0849 | ba00 0000 | ab2c 0200 | 0049 03c2 
  0x0000022c9ba39680: 488b 9800 | 0300 00ff | 6340 4883 | 2c24 05e9 | 0000 0000 | 0000 0000 | 1200 1700 | 0000 01f3 
  0x0000022c9ba396a0: 8b42 0849 | ba00 0000 | ab2c 0200 | 0049 03c2 | 488b 9858 | 0200 00ff | 6340 832c | 2405 e9dd 
  0x0000022c9ba396c0: 4893 a39b | 2c02 0000 | 0900 7f00 | 0700 00e9 | 4c8b 7008 | 488b 0044 | 8b52 0849 | bb00 0000 
  0x0000022c9ba396e0: ab2c 0200 | 004d 03d3 | 458b 9aa0 | 0000 004b | 8b9c dac8 | 0100 004f | 8d9c dad8 | 0100 004d 
  0x0000022c9ba39700: 33ed 493b | c675 2448 | 85db 7446 | 483b c374 | 3549 8b1b | 4983 c310 | 483b c374 | 2948 85db 
  0x0000022c9ba39720: 75ef eb2e | 498b 1b49 | 83c3 1048 | 3bc3 450f | 446b f84c | 3bf3 7407 | 4885 db75 | e7eb 134d 
  0x0000022c9ba39740: 85ed 74cd | eb04 458b | 6bf8 4b8b | 5c2a 48ff | 6340 e929 | 73f3 ff1a | f849 83c3 | f84d 895f 
  0x0000022c9ba39760: 40e9 11f9 | ffff 48ba | 487c 19ab | 2c02 0000 | 6666 90e8 | 884e feff | 0000 0000 | 0000 0000 
  0x0000022c9ba39780: 1300 1700 | 0000 0102 | 8b42 0849 | ba00 0000 | ab2c 0200 | 0049 03c2 | 488b 9860 | 0200 00ff 
  0x0000022c9ba397a0: 6340 90e8 | 58d1 f3ff | 0000 0000 | 0000 0000 | 1b00 1700 | 0000 01e8 | 8b42 0849 | ba00 0000 
  0x0000022c9ba397c0: ab2c 0200 | 0049 03c2 | 488b 98a0 | 0200 00ff | 6340 242c | 8974 2428 | 0000 0000 | 0000 0000 
  0x0000022c9ba397e0: 0b00 1700 | 0000 01e8 | 8b42 0849 | ba00 0000 | ab2c 0200 | 0049 03c2 | 488b 9820 | 0200 00ff 
  0x0000022c9ba39800: 6340 3844 | 8b44 2434 | 0000 0000 | 0000 0000 | 1800 1700 | 0000 016c | 8b42 0849 | ba00 0000 
  0x0000022c9ba39820: ab2c 0200 | 0049 03c2 | 488b 9888 | 0200 00ff | 6340 feff | 8b74 2428 | 9092 a39b | 2c02 0000 
  0x0000022c9ba39840: 2000 1700 | 0000 01ff | 8b42 0849 | ba00 0000 | ab2c 0200 | 0049 03c2 | 488b 98c8 | 0200 00ff 
  0x0000022c9ba39860: 6340 8bcb | 488d 9424 | 0000 0000 | 0000 0000 | 0d00 1700 | 0000 0100 | 8b42 0849 | ba00 0000 
  0x0000022c9ba39880: ab2c 0200 | 0049 03c2 | 488b 9830 | 0200 00ff | 6340 8b54 | 2424 4489 | a893 a39b | 2c02 0000 
  0x0000022c9ba398a0: 2f00 1700 | 0000 0154 | 8b42 0849 | ba00 0000 | ab2c 0200 | 0049 03c2 | 488b 9840 | 0300 00ff 
  0x0000022c9ba398c0: 6340 41ff | d2e9 49f5 | 0000 0000 | 0000 0000 | 0400 1700 | 0000 0141 | 8b42 0849 | ba00 0000 
  0x0000022c9ba398e0: ab2c 0200 | 0049 03c2 | 488b 98e8 | 0100 00ff | 6340 8944 | 2430 90e8 | 0000 0000 | 0000 0000 
  0x0000022c9ba39900: 3400 1700 | 0000 0100 | 8b42 0849 | ba00 0000 | ab2c 0200 | 0049 03c2 | 488b 9868 | 0300 00ff 
  0x0000022c9ba39920: 6340 0000 | ffff ffff | 1895 a39b | 2c02 0000 | 0f00 7f00 | 0700 0000 | 4c8b 7008 | 488b 0044 
  0x0000022c9ba39940: 8b52 0849 | bb00 0000 | ab2c 0200 | 004d 03d3 | 458b 9aa0 | 0000 004b | 8b9c dac8 | 0100 004f 
  0x0000022c9ba39960: 8d9c dad8 | 0100 004d | 33ed 493b | c675 2448 | 85db 7446 | 483b c374 | 3549 8b1b | 4983 c310 
  0x0000022c9ba39980: 483b c374 | 2948 85db | 75ef eb2e | 498b 1b49 | 83c3 1048 | 3bc3 450f | 446b f84c | 3bf3 7407 
  0x0000022c9ba399a0: 4885 db75 | e7eb 134d | 85ed 74cd | eb04 458b | 6bf8 4b8b | 5c2a 78ff | 6340 e9c1 | 70f3 ff54 
  0x0000022c9ba399c0: 2430 4489 | 5424 2c44 | 8944 2428 | 4c89 7424 | 2044 8bf3 | 498b d749 | ba10 2a54 | bafc 7f00 
  0x0000022c9ba399e0: 4891 a39b | 2c02 0000 | 1000 8200 | 0700 0024 | 4c8b 7008 | 488b 0044 | 8b52 0849 | bb00 0000 
  0x0000022c9ba39a00: ab2c 0200 | 004d 03d3 | 458b 9aa0 | 0000 004b | 8b9c dac8 | 0100 004f | 8d9c dad8 | 0100 004d 
  0x0000022c9ba39a20: 33ed 493b | c675 2448 | 85db 7449 | 483b c374 | 3549 8b1b | 4983 c310 | 483b c374 | 2948 85db 
  0x0000022c9ba39a40: 75ef eb31 | 498b 1b49 | 83c3 1048 | 3bc3 450f | 446b f84c | 3bf3 7407 | 4885 db75 | e7eb 164d 
  0x0000022c9ba39a60: 85ed 74cd | eb04 458b | 6bf8 4b8b | 9c2a 8000 | 0000 ff63 | 40e9 0670 | f3ff ffff | ff48 8b6c 
  0x0000022c9ba39a80: 3800 0000 | 0000 0000 | 00ce f3ff | 4c8b 5424 | 0000 0000 | 0000 0000 | a895 a39b | 2c02 0000 
  0x0000022c9ba39aa0: 2e00 1700 | 0000 01ff | 8b42 0849 | ba00 0000 | ab2c 0200 | 0049 03c2 | 488b 9838 | 0300 00ff 
  0x0000022c9ba39ac0: 6340 a39b | 2c02 0000 | 0000 0000 | 0000 0000 | 1200 8200 | 0700 0000 | 4c8b 7008 | 488b 0044 
  0x0000022c9ba39ae0: 8b52 0849 | bb00 0000 | ab2c 0200 | 004d 03d3 | 458b 9aa0 | 0000 004b | 8b9c dac8 | 0100 004f 
  0x0000022c9ba39b00: 8d9c dad8 | 0100 004d | 33ed 493b | c675 2448 | 85db 7449 | 483b c374 | 3549 8b1b | 4983 c310 
  0x0000022c9ba39b20: 483b c374 | 2948 85db | 75ef eb31 | 498b 1b49 | 83c3 1048 | 3bc3 450f | 446b f84c | 3bf3 7407 
  0x0000022c9ba39b40: 4885 db75 | e7eb 164d | 85ed 74cd | eb04 458b | 6bf8 4b8b | 9c2a 9000 | 0000 ff63 | 40e9 1e6f 
  0x0000022c9ba39b60: f3ff 0000 | 0000 0000 | 0000 c38b | eac1 ed10 | 7813 c2ba | fc7f 0000 | 49aa 2c02 | 0000 eba2 
  0x0000022c9ba39b80: 0000 0000 | 0000 0000 | 1f00 1700 | 0000 0103 | 8b42 0849 | ba00 0000 | ab2c 0200 | 0049 03c2 
  0x0000022c9ba39ba0: 488b 98c0 | 0200 00ff | 6340 2410 | 488b c248 | 0000 0000 | 0000 0000 | 3800 1700 | 0000 0100 
  0x0000022c9ba39bc0: 8b42 0849 | ba00 0000 | ab2c 0200 | 0049 03c2 | 488b 9888 | 0300 00ff | 6340 2c02 | 0000 4d89 
  0x0000022c9ba39be0: a8d6 a19b | 2c02 0000 | 1500 8200 | 0700 0044 | 4c8b 7008 | 488b 0044 | 8b52 0849 | bb00 0000 
  0x0000022c9ba39c00: ab2c 0200 | 004d 03d3 | 458b 9aa0 | 0000 004b | 8b9c dac8 | 0100 004f | 8d9c dad8 | 0100 004d 
  0x0000022c9ba39c20: 33ed 493b | c675 2448 | 85db 7449 | 483b c374 | 3549 8b1b | 4983 c310 | 483b c374 | 2948 85db 
  0x0000022c9ba39c40: 75ef eb31 | 498b 1b49 | 83c3 1048 | 3bc3 450f | 446b f84c | 3bf3 7407 | 4885 db75 | e7eb 164d 
  0x0000022c9ba39c60: 85ed 74cd | eb04 458b | 6bf8 4b8b | 9c2a a800 | 0000 ff63 | 40e9 066e | f3ff 0041 | ffd2 448b 
  0x0000022c9ba39c80: e87b ccf3 | ff49 3ba7 | 4803 0000 | 0f87 0000 | 0000 3bc2 | 0f85 e673 | c89a a39b | 2c02 0000 
  0x0000022c9ba39ca0: 2100 1700 | 0000 01fe | 8b42 0849 | ba00 0000 | ab2c 0200 | 0049 03c2 | 488b 98d0 | 0200 00ff 
  0x0000022c9ba39cc0: 6340 2048 | 83e9 0448 | 0000 0000 | 0000 0000 | 0d00 7f00 | 0700 0008 | 4c8b 7008 | 488b 0044 
  0x0000022c9ba39ce0: 8b52 0849 | bb00 0000 | ab2c 0200 | 004d 03d3 | 458b 9aa0 | 0000 004b | 8b9c dac8 | 0100 004f 
  0x0000022c9ba39d00: 8d9c dad8 | 0100 004d | 33ed 493b | c675 2448 | 85db 7446 | 483b c374 | 3549 8b1b | 4983 c310 
  0x0000022c9ba39d20: 483b c374 | 2948 85db | 75ef eb2e | 498b 1b49 | 83c3 1048 | 3bc3 450f | 446b f84c | 3bf3 7407 
  0x0000022c9ba39d40: 4885 db75 | e7eb 134d | 85ed 74cd | eb04 458b | 6bf8 4b8b | 5c2a 68ff | 6340 e921 | 6df3 ffc2 
  0x0000022c9ba39d60: 0200 0000 | 746f 4981 | ba86 0000 | 0000 0000 | 0074 0949 | ff8a 8600 | 0000 eb51 | 498b 8296 
  0x0000022c9ba39d80: 30d5 a19b | 2c02 0000 | 2c00 1700 | 0000 013e | 8b42 0849 | ba00 0000 | ab2c 0200 | 0049 03c2 
  0x0000022c9ba39da0: 488b 9828 | 0300 00ff | 6340 0000 | 0000 f083 | 0000 0000 | 0000 0000 | 3600 1700 | 0000 010d 
  0x0000022c9ba39dc0: 8b42 0849 | ba00 0000 | ab2c 0200 | 0049 03c2 | 488b 9878 | 0300 00ff | 6340 0fb1 | 1375 1048 
  0x0000022c9ba39de0: c89c a39b | 2c02 0000 | 2600 1700 | 0000 0148 | 8b42 0849 | ba00 0000 | ab2c 0200 | 0049 03c2 
  0x0000022c9ba39e00: 488b 98f8 | 0200 00ff | 6340 ffd2 | ebd1 49ba | 0000 0000 | 0000 0000 | 4b00 1700 | 0000 0100 
  0x0000022c9ba39e20: 8b42 0849 | ba00 0000 | ab2c 0200 | 0049 03c2 | 488b 9820 | 0400 00ff | 6340 a39b | 2c02 0000 
  0x0000022c9ba39e40: 0000 0000 | 0000 0000 | 1c00 8200 | 0700 0000 | 4c8b 7008 | 488b 0044 | 8b52 0849 | bb00 0000 
  0x0000022c9ba39e60: ab2c 0200 | 004d 03d3 | 458b 9aa0 | 0000 004b | 8b9c dac8 | 0100 004f | 8d9c dad8 | 0100 004d 
  0x0000022c9ba39e80: 33ed 493b | c675 2448 | 85db 7449 | 483b c374 | 3549 8b1b | 4983 c310 | 483b c374 | 2948 85db 
  0x0000022c9ba39ea0: 75ef eb31 | 498b 1b49 | 83c3 1048 | 3bc3 450f | 446b f84c | 3bf3 7407 | 4885 db75 | e7eb 164d 
  0x0000022c9ba39ec0: 85ed 74cd | eb04 458b | 6bf8 4b8b | 9c2a e000 | 0000 ff63 | 40e9 a66b | f3ff ffdb | f3ff c000 
  0x0000022c9ba39ee0: 8039 000f | 8401 ffff | ff44 8821 | 4d85 db75 | 1849 8bd7 | c5f8 7749 | b0da a19b | 2c02 0000 
  0x0000022c9ba39f00: 3200 1700 | 0000 0100 | 8b42 0849 | ba00 0000 | ab2c 0200 | 0049 03c2 | 488b 9858 | 0300 00ff 
  0x0000022c9ba39f20: 6340 0000 | ffff ffff | 80d2 a19b | 2c02 0000 | 3300 1700 | 0000 0100 | 8b42 0849 | ba00 0000 
  0x0000022c9ba39f40: ab2c 0200 | 0049 03c2 | 488b 9860 | 0300 00ff | 6340 a39b | 2c02 0000 | 0000 0000 | 0000 0000 
  0x0000022c9ba39f60: 3b00 1700 | 0000 0100 | 8b42 0849 | ba00 0000 | ab2c 0200 | 0049 03c2 | 488b 98a0 | 0300 00ff 
  0x0000022c9ba39f80: 6340 db5c | 3a10 0000 | 0000 0000 | 0000 0000 | 4700 1700 | 0000 01eb | 8b42 0849 | ba00 0000 
  0x0000022c9ba39fa0: ab2c 0200 | 0049 03c2 | 488b 9800 | 0400 00ff | 6340 087d | ed48 83c1 | 78d6 a19b | 2c02 0000 
  0x0000022c9ba39fc0: 1700 8200 | 0700 0048 | 4c8b 7008 | 488b 0044 | 8b52 0849 | bb00 0000 | ab2c 0200 | 004d 03d3 
  0x0000022c9ba39fe0: 458b 9aa0 | 0000 004b | 8b9c dac8 | 0100 004f | 8d9c dad8 | 0100 004d | 33ed 493b | c675 2448 
  0x0000022c9ba3a000: 85db 7449 | 483b c374 | 3549 8b1b | 4983 c310 | 483b c374 | 2948 85db | 75ef eb31 | 498b 1b49 
  0x0000022c9ba3a020: 83c3 1048 | 3bc3 450f | 446b f84c | 3bf3 7407 | 4885 db75 | e7eb 164d | 85ed 74cd | eb04 458b 
  0x0000022c9ba3a040: 6bf8 4b8b | 9c2a b800 | 0000 ff63 | 40e9 2e6a | f3ff 04cf | 48ff c97d | f7eb 44c5 | fdef c0e9 
  0x0000022c9ba3a060: 0d00 0000 | c5fe 7f07 | c5fe 7f47 | 2048 83c7 | a897 a39b | 2c02 0000 | 1800 8200 | 0700 007f 
  0x0000022c9ba3a080: 4c8b 7008 | 488b 0044 | 8b52 0849 | bb00 0000 | ab2c 0200 | 004d 03d3 | 458b 9aa0 | 0000 004b 
  0x0000022c9ba3a0a0: 8b9c dac8 | 0100 004f | 8d9c dad8 | 0100 004d | 33ed 493b | c675 2448 | 85db 7449 | 483b c374 
  0x0000022c9ba3a0c0: 3549 8b1b | 4983 c310 | 483b c374 | 2948 85db | 75ef eb31 | 498b 1b49 | 83c3 1048 | 3bc3 450f 
  0x0000022c9ba3a0e0: 446b f84c | 3bf3 7407 | 4885 db75 | e7eb 164d | 85ed 74cd | eb04 458b | 6bf8 4b8b | 9c2a c000 
  0x0000022c9ba3a100: 0000 ff63 | 40e9 7669 | f3ff 77e8 | f0c7 f3ff | ba45 ffff | ff48 895c | 2420 4c89 | 7424 2848 
  0x0000022c9ba3a120: 895c 2430 | 4489 6c24 | f0d7 a19b | 2c02 0000 | 1900 8200 | 0700 00e8 | 4c8b 7008 | 488b 0044 
  0x0000022c9ba3a140: 8b52 0849 | bb00 0000 | ab2c 0200 | 004d 03d3 | 458b 9aa0 | 0000 004b | 8b9c dac8 | 0100 004f 
  0x0000022c9ba3a160: 8d9c dad8 | 0100 004d | 33ed 493b | c675 2448 | 85db 7449 | 483b c374 | 3549 8b1b | 4983 c310 
  0x0000022c9ba3a180: 483b c374 | 2948 85db | 75ef eb31 | 498b 1b49 | 83c3 1048 | 3bc3 450f | 446b f84c | 3bf3 7407 
  0x0000022c9ba3a1a0: 4885 db75 | e7eb 164d | 85ed 74cd | eb04 458b | 6bf8 4b8b | 9c2a c800 | 0000 ff63 | 40e9 be68 
  0x0000022c9ba3a1c0: f3ff 0300 | 00e9 36d8 | f3ff 0200 | 004d 8997 | 6003 0000 | e927 d8f3 | ff00 e921 | d8f3 ff00 
  0x0000022c9ba3a1e0: 0090 a39b | 2c02 0000 | 2500 1700 | 0000 0100 | 8b42 0849 | ba00 0000 | ab2c 0200 | 0049 03c2 
  0x0000022c9ba3a200: 488b 98f0 | 0200 00ff | 6340 0000 | 0000 0000 | 7893 a39b | 2c02 0000 | 1100 8200 | 0700 0000 
  0x0000022c9ba3a220: 4c8b 7008 | 488b 0044 | 8b52 0849 | bb00 0000 | ab2c 0200 | 004d 03d3 | 458b 9aa0 | 0000 004b 
  0x0000022c9ba3a240: 8b9c dac8 | 0100 004f | 8d9c dad8 | 0100 004d | 33ed 493b | c675 2448 | 85db 7449 | 483b c374 
  0x0000022c9ba3a260: 3549 8b1b | 4983 c310 | 483b c374 | 2948 85db | 75ef eb31 | 498b 1b49 | 83c3 1048 | 3bc3 450f 
  0x0000022c9ba3a280: 446b f84c | 3bf3 7407 | 4885 db75 | e7eb 164d | 85ed 74cd | eb04 458b | 6bf8 4b8b | 9c2a 8800 
  0x0000022c9ba3a2a0: 0000 ff63 | 40e9 d667 | f3ff ffff | ff48 bb00 | 0000 0000 | 0000 00e9 | fbff ffff | 48bb 0000 
  0x0000022c9ba3a2c0: 0000 0000 | 0000 e9fb | 0000 0000 | 0000 0000 | 3e00 1700 | 0000 01ff | 8b42 0849 | ba00 0000 
  0x0000022c9ba3a2e0: ab2c 0200 | 0049 03c2 | 488b 98b8 | 0300 00ff | 6340 00e9 | fbff ffff | 0000 0000 | 0000 0000 
  0x0000022c9ba3a300: 6200 1700 | 0000 0148 | 8b42 0849 | ba00 0000 | ab2c 0200 | 0049 03c2 | 488b 98d8 | 0400 00ff 
  0x0000022c9ba3a320: 6340 2c24 | 05e9 76c9 | 0000 0000 | 0000 0000 | 7200 1700 | 0000 0100 | 8b42 0849 | ba00 0000 
  0x0000022c9ba3a340: ab2c 0200 | 0049 03c2 | 488b 9858 | 0500 00ff | 6340 0000 | 0000 0000 | 50d8 a19b | 2c02 0000 
  0x0000022c9ba3a360: 1f00 8200 | 0700 0000 | 4c8b 7008 | 488b 0044 | 8b52 0849 | bb00 0000 | ab2c 0200 | 004d 03d3 
  0x0000022c9ba3a380: 458b 9aa0 | 0000 004b | 8b9c dac8 | 0100 004f | 8d9c dad8 | 0100 004d | 33ed 493b | c675 2448 
  0x0000022c9ba3a3a0: 85db 7449 | 483b c374 | 3549 8b1b | 4983 c310 | 483b c374 | 2948 85db | 75ef eb31 | 498b 1b49 
  0x0000022c9ba3a3c0: 83c3 1048 | 3bc3 450f | 446b f84c | 3bf3 7407 | 4885 db75 | e7eb 164d | 85ed 74cd | eb04 458b 
  0x0000022c9ba3a3e0: 6bf8 4b8b | 9c2a f800 | 0000 ff63 | 40e9 8e66 | f3ff 0000 | 0000 0000 | 0000 0000 | 0000 0000 
  0x0000022c9ba3a400: 0000 0000 | 0000 0000 | 0000 0000 | 0000 0000 | 809b a39b | 2c02 0000 | 1400 8200 | 0700 0000 
  0x0000022c9ba3a420: 4c8b 7008 | 488b 0044 | 8b52 0849 | bb00 0000 | ab2c 0200 | 004d 03d3 | 458b 9aa0 | 0000 004b 
  0x0000022c9ba3a440: 8b9c dac8 | 0100 004f | 8d9c dad8 | 0100 004d | 33ed 493b | c675 2448 | 85db 7449 | 483b c374 
  0x0000022c9ba3a460: 3549 8b1b | 4983 c310 | 483b c374 | 2948 85db | 75ef eb31 | 498b 1b49 | 83c3 1048 | 3bc3 450f 
  0x0000022c9ba3a480: 446b f84c | 3bf3 7407 | 4885 db75 | e7eb 164d | 85ed 74cd | eb04 458b | 6bf8 4b8b | 9c2a a000 
  0x0000022c9ba3a4a0: 0000 ff63 | 40e9 d665 | f3ff ffff | ff48 bb00 | 0000 0000 | 0000 00e9 | fbff ffff | 48bb 0000 
  0x0000022c9ba3a4c0: 0000 0000 | 0000 e9fb | 10d9 a19b | 2c02 0000 | 1600 8200 | 0700 00ff | 4c8b 7008 | 488b 0044 
  0x0000022c9ba3a4e0: 8b52 0849 | bb00 0000 | ab2c 0200 | 004d 03d3 | 458b 9aa0 | 0000 004b | 8b9c dac8 | 0100 004f 
  0x0000022c9ba3a500: 8d9c dad8 | 0100 004d | 33ed 493b | c675 2448 | 85db 7449 | 483b c374 | 3549 8b1b | 4983 c310 
  0x0000022c9ba3a520: 483b c374 | 2948 85db | 75ef eb31 | 498b 1b49 | 83c3 1048 | 3bc3 450f | 446b f84c | 3bf3 7407 
  0x0000022c9ba3a540: 4885 db75 | e7eb 164d | 85ed 74cd | eb04 458b | 6bf8 4b8b | 9c2a b000 | 0000 ff63 | 40e9 1e65 
  0x0000022c9ba3a560: f3ff ff00 | 0000 0000 | 0000 e9fb | ffff ffe9 | 0c95 fdff | e800 0000 | 0048 832c | 2405 e91d 
  0x0000022c9ba3a580: 0000 0000 | 0000 0000 | 3900 1700 | 0000 01e9 | 8b42 0849 | ba00 0000 | ab2c 0200 | 0049 03c2 
  0x0000022c9ba3a5a0: 488b 9890 | 0300 00ff | 6340 e9fb | ffff ffe9 | 409e a39b | 2c02 0000 | 1700 1700 | 0000 01dd 
  0x0000022c9ba3a5c0: 8b42 0849 | ba00 0000 | ab2c 0200 | 0049 03c2 | 488b 9880 | 0200 00ff | 6340 832c | 2405 e9bd 
  0x0000022c9ba3a5e0: 0000 0000 | 0000 0000 | 4100 1700 | 0000 01e9 | 8b42 0849 | ba00 0000 | ab2c 0200 | 0049 03c2 
  0x0000022c9ba3a600: 488b 98d0 | 0300 00ff | 6340 0000 | 0000 0000 | 0000 0000 | 0000 0000 | 3700 1700 | 0000 0100 
  0x0000022c9ba3a620: 8b42 0849 | ba00 0000 | ab2c 0200 | 0049 03c2 | 488b 9880 | 0300 00ff | 6340 0000 | 0000 0000 
  0x0000022c9ba3a640: d891 a39b | 2c02 0000 | 2d00 1700 | 0000 0100 | 8b42 0849 | ba00 0000 | ab2c 0200 | 0049 03c2 
  0x0000022c9ba3a660: 488b 9830 | 0300 00ff | 6340 0000 | 0000 0000 | 0000 0000 | 0000 0000 | 7b00 1700 | 0000 0100 
  0x0000022c9ba3a680: 8b42 0849 | ba00 0000 | ab2c 0200 | 0049 03c2 | 488b 98a0 | 0500 00ff | 6340 0000 | 0000 0000 
  0x0000022c9ba3a6a0: 0000 0000 | 0000 0000 | c000 1700 | 0000 0100 | 8b42 0849 | ba00 0000 | ab2c 0200 | 0049 03c2 
  0x0000022c9ba3a6c0: 488b 98c8 | 0700 00ff | 6340 0000 | 0000 0000 | 0000 0000 | 0000 0000 | bf00 1700 | 0000 0100 
  0x0000022c9ba3a6e0: 8b42 0849 | ba00 0000 | ab2c 0200 | 0049 03c2 | 488b 98c0 | 0700 00ff | 6340 0000 | 0000 0000 
  0x0000022c9ba3a700: 0000 0000 | 0000 0000 
[/MachCode]
--------------------------------------------------------------------------------


---------------  P R O C E S S  ---------------

Threads class SMR info:
_java_thread_list=0x0000022cf59d4de0, length=82, elements={
0x0000022c8c891630, 0x0000022caa49baa0, 0x0000022caa49c830, 0x0000022caa4b3e70,
0x0000022caa4b6750, 0x0000022caa4b7020, 0x0000022caa4b78f0, 0x0000022caa4bb9f0,
0x0000022caa4dc310, 0x0000022caa4dec30, 0x0000022caa482190, 0x0000022caa799b20,
0x0000022cf15f6dc0, 0x0000022cf165e860, 0x0000022cf162e9b0, 0x0000022cf02c0780,
0x0000022cf02bf340, 0x0000022cf02c0c90, 0x0000022cf02bdf00, 0x0000022cf02be410,
0x0000022cf3e393d0, 0x0000022cf3e3e4d0, 0x0000022cf0946e90, 0x0000022cf0949710,
0x0000022cf0946470, 0x0000022cf32e1ae0, 0x0000022cf503db60, 0x0000022cfa182e10,
0x0000022cfa2af960, 0x0000022cf5b0aa20, 0x0000022cf5b0cd90, 0x0000022cf094d8e0,
0x0000022cf094a130, 0x0000022cf094ba80, 0x0000022cf094a640, 0x0000022cf09482d0,
0x0000022cf094c4a0, 0x0000022cf09487e0, 0x0000022cf0949200, 0x0000022cfa2b0890,
0x0000022cfa2afe70, 0x0000022cfa2b12b0, 0x0000022cfa183320, 0x0000022cfa184250,
0x0000022cfa184760, 0x0000022cfa1823f0, 0x0000022cfa182900, 0x0000022cf5834820,
0x0000022cf5834d30, 0x0000022cfa2b0da0, 0x0000022cfa2b17c0, 0x0000022cfa2b0380,
0x0000022cf09473a0, 0x0000022cf0949c20, 0x0000022cf094c9b0, 0x0000022cf094ddf0,
0x0000022cf094ab50, 0x0000022cfa2aef40, 0x0000022cf094cec0, 0x0000022cfafc24a0,
0x0000022cf5835750, 0x0000022cf5835c60, 0x0000022cf5834310, 0x0000022cf5b0a000,
0x0000022cf48644c0, 0x0000022cfb4289b0, 0x0000022cf5b0af30, 0x0000022cfafc4300,
0x0000022cfb427060, 0x0000022cf4862150, 0x0000022cf485f3c0, 0x0000022cf5619de0,
0x0000022cfafc4810, 0x0000022cfafc1060, 0x0000022cfafc1570, 0x0000022cfafc2ec0,
0x0000022cfafc33d0, 0x0000022cfa183d40, 0x0000022cfb1d8cb0, 0x0000022cf5618490,
0x0000022cf2371fa0, 0x0000022cfbbb85b0
}
_to_delete_list=0x0000022cf59d4c60, length=81, elements={
0x0000022c8c891630, 0x0000022caa49baa0, 0x0000022caa49c830, 0x0000022caa4b3e70,
0x0000022caa4b6750, 0x0000022caa4b7020, 0x0000022caa4b78f0, 0x0000022caa4bb9f0,
0x0000022caa4dc310, 0x0000022caa4dec30, 0x0000022caa482190, 0x0000022caa799b20,
0x0000022cf15f6dc0, 0x0000022cf165e860, 0x0000022cf162e9b0, 0x0000022cf02c0780,
0x0000022cf02bf340, 0x0000022cf02c0c90, 0x0000022cf02bdf00, 0x0000022cf02be410,
0x0000022cf3e393d0, 0x0000022cf3e3e4d0, 0x0000022cf0946e90, 0x0000022cf0949710,
0x0000022cf0946470, 0x0000022cf32e1ae0, 0x0000022cf503db60, 0x0000022cfa182e10,
0x0000022cfa2af960, 0x0000022cf5b0aa20, 0x0000022cf5b0cd90, 0x0000022cf094d8e0,
0x0000022cf094a130, 0x0000022cf094ba80, 0x0000022cf094a640, 0x0000022cf09482d0,
0x0000022cf094c4a0, 0x0000022cf09487e0, 0x0000022cf0949200, 0x0000022cfa2b0890,
0x0000022cfa2afe70, 0x0000022cfa2b12b0, 0x0000022cfa183320, 0x0000022cfa184250,
0x0000022cfa184760, 0x0000022cfa1823f0, 0x0000022cfa182900, 0x0000022cf5834820,
0x0000022cf5834d30, 0x0000022cfa2b0da0, 0x0000022cfa2b17c0, 0x0000022cfa2b0380,
0x0000022cf09473a0, 0x0000022cf0949c20, 0x0000022cf094c9b0, 0x0000022cf094ddf0,
0x0000022cf094ab50, 0x0000022cfa2aef40, 0x0000022cf094cec0, 0x0000022cfafc24a0,
0x0000022cf5835750, 0x0000022cf5835c60, 0x0000022cf5834310, 0x0000022cf5b0a000,
0x0000022cf48644c0, 0x0000022cfb4289b0, 0x0000022cf5b0af30, 0x0000022cfafc4300,
0x0000022cfb427060, 0x0000022cf4862150, 0x0000022cf485f3c0, 0x0000022cf5619de0,
0x0000022cfafc4810, 0x0000022cfafc1060, 0x0000022cfafc1570, 0x0000022cfafc2ec0,
0x0000022cfafc33d0, 0x0000022cfa183d40, 0x0000022cfb1d8cb0, 0x0000022cf5618490,
0x0000022cf2371fa0
}

Java Threads: ( => current thread )
  0x0000022c8c891630 JavaThread "main" [_thread_blocked, id=9184, stack(0x000000a79f100000,0x000000a79f200000)]
  0x0000022caa49baa0 JavaThread "Reference Handler" daemon [_thread_blocked, id=5668, stack(0x000000a79f800000,0x000000a79f900000)]
  0x0000022caa49c830 JavaThread "Finalizer" daemon [_thread_blocked, id=11328, stack(0x000000a79f900000,0x000000a79fa00000)]
  0x0000022caa4b3e70 JavaThread "Signal Dispatcher" daemon [_thread_blocked, id=8776, stack(0x000000a79fa00000,0x000000a79fb00000)]
  0x0000022caa4b6750 JavaThread "Attach Listener" daemon [_thread_blocked, id=4592, stack(0x000000a79fb00000,0x000000a79fc00000)]
  0x0000022caa4b7020 JavaThread "Service Thread" daemon [_thread_blocked, id=14224, stack(0x000000a79fc00000,0x000000a79fd00000)]
  0x0000022caa4b78f0 JavaThread "Monitor Deflation Thread" daemon [_thread_blocked, id=348, stack(0x000000a79fd00000,0x000000a79fe00000)]
  0x0000022caa4bb9f0 JavaThread "C2 CompilerThread0" daemon [_thread_blocked, id=11424, stack(0x000000a79fe00000,0x000000a79ff00000)]
  0x0000022caa4dc310 JavaThread "C1 CompilerThread0" daemon [_thread_blocked, id=11868, stack(0x000000a79ff00000,0x000000a7a0000000)]
  0x0000022caa4dec30 JavaThread "Sweeper thread" daemon [_thread_blocked, id=7060, stack(0x000000a7a0000000,0x000000a7a0100000)]
  0x0000022caa482190 JavaThread "Common-Cleaner" daemon [_thread_blocked, id=11676, stack(0x000000a7a0100000,0x000000a7a0200000)]
  0x0000022caa799b20 JavaThread "Notification Thread" daemon [_thread_blocked, id=10848, stack(0x000000a7a0200000,0x000000a7a0300000)]
  0x0000022cf15f6dc0 JavaThread "Daemon health stats" [_thread_blocked, id=14492, stack(0x000000a7a0600000,0x000000a7a0700000)]
  0x0000022cf165e860 JavaThread "Incoming local TCP Connector on port 52342" [_thread_in_native, id=14556, stack(0x000000a7a0a00000,0x000000a7a0b00000)]
  0x0000022cf162e9b0 JavaThread "Daemon periodic checks" [_thread_blocked, id=7420, stack(0x000000a7a0b00000,0x000000a7a0c00000)]
  0x0000022cf02c0780 JavaThread "Cache worker for journal cache (C:\Users\ssaha\.gradle\caches\journal-1)" [_thread_blocked, id=7596, stack(0x000000a7a1300000,0x000000a7a1400000)]
  0x0000022cf02bf340 JavaThread "File lock request listener" [_thread_in_native, id=9600, stack(0x000000a7a1400000,0x000000a7a1500000)]
  0x0000022cf02c0c90 JavaThread "Cache worker for file hash cache (C:\Users\ssaha\.gradle\caches\8.9\fileHashes)" [_thread_blocked, id=7632, stack(0x000000a7a1600000,0x000000a7a1700000)]
  0x0000022cf02bdf00 JavaThread "File watcher server" daemon [_thread_in_native, id=476, stack(0x000000a7a1900000,0x000000a7a1a00000)]
  0x0000022cf02be410 JavaThread "File watcher consumer" daemon [_thread_blocked, id=2592, stack(0x000000a7a1a00000,0x000000a7a1b00000)]
  0x0000022cf3e393d0 JavaThread "Cache worker for file content cache (C:\Users\ssaha\.gradle\caches\8.9\fileContent)" [_thread_blocked, id=12980, stack(0x000000a7a1b00000,0x000000a7a1c00000)]
  0x0000022cf3e3e4d0 JavaThread "Memory manager" [_thread_blocked, id=8688, stack(0x000000a7a2800000,0x000000a7a2900000)]
  0x0000022cf0946e90 JavaThread "RMI Scheduler(0)" daemon [_thread_blocked, id=3100, stack(0x000000a7a5400000,0x000000a7a5500000)]
  0x0000022cf0949710 JavaThread "RMI TCP Accept-0" daemon [_thread_in_native, id=7492, stack(0x000000a7a5700000,0x000000a7a5800000)]
  0x0000022cf0946470 JavaThread "Cache worker for Java compile cache (C:\Users\ssaha\.gradle\caches\8.9\javaCompile)" [_thread_blocked, id=11652, stack(0x000000a7a3d00000,0x000000a7a3e00000)]
  0x0000022cf32e1ae0 JavaThread "Monitor" [_thread_in_native, id=920, stack(0x000000a7a3e00000,0x000000a7a3f00000)]
  0x0000022cf503db60 JavaThread "Device List Monitor" [_thread_in_native, id=436, stack(0x000000a7a3f00000,0x000000a7a4000000)]
  0x0000022cfa182e10 JavaThread "Daemon Thread 4" [_thread_blocked, id=11700, stack(0x000000a79ee00000,0x000000a79ef00000)]
  0x0000022cfa2af960 JavaThread "Handler for socket connection from /127.0.0.1:52342 to /127.0.0.1:60765" [_thread_in_native, id=5960, stack(0x000000a79ef00000,0x000000a79f000000)]
  0x0000022cf5b0aa20 JavaThread "Cancel handler" [_thread_blocked, id=8016, stack(0x000000a79f000000,0x000000a79f100000)]
  0x0000022cf5b0cd90 JavaThread "Daemon worker Thread 4" [_thread_blocked, id=15260, stack(0x000000a7a0c00000,0x000000a7a0d00000)]
  0x0000022cf094d8e0 JavaThread "Asynchronous log dispatcher for DefaultDaemonConnection: socket connection from /127.0.0.1:52342 to /127.0.0.1:60765" [_thread_blocked, id=15052, stack(0x000000a7a0d00000,0x000000a7a0e00000)]
  0x0000022cf094a130 JavaThread "Stdin handler" [_thread_blocked, id=9396, stack(0x000000a7a0e00000,0x000000a7a0f00000)]
  0x0000022cf094ba80 JavaThread "Daemon client event forwarder" [_thread_blocked, id=9696, stack(0x000000a7a0f00000,0x000000a7a1000000)]
  0x0000022cf094a640 JavaThread "Cache worker for file hash cache (C:\Mobile\WordGameMobileApp\.gradle\8.9\fileHashes)" [_thread_blocked, id=9580, stack(0x000000a7a1000000,0x000000a7a1100000)]
  0x0000022cf09482d0 JavaThread "Cache worker for Build Output Cleanup Cache (C:\Mobile\WordGameMobileApp\.gradle\buildOutputCleanup)" [_thread_blocked, id=10020, stack(0x000000a7a1100000,0x000000a7a1200000)]
  0x0000022cf094c4a0 JavaThread "Cache worker for checksums cache (C:\Mobile\WordGameMobileApp\.gradle\8.9\checksums)" [_thread_blocked, id=10984, stack(0x000000a7a1200000,0x000000a7a1300000)]
  0x0000022cf09487e0 JavaThread "Cache worker for cache directory md-rule (C:\Users\ssaha\.gradle\caches\8.9\md-rule)" [_thread_blocked, id=4956, stack(0x000000a7a1500000,0x000000a7a1600000)]
  0x0000022cf0949200 JavaThread "Cache worker for cache directory md-supplier (C:\Users\ssaha\.gradle\caches\8.9\md-supplier)" [_thread_blocked, id=6984, stack(0x000000a7a1700000,0x000000a7a1800000)]
  0x0000022cfa2b0890 JavaThread "Unconstrained build operations" [_thread_blocked, id=2304, stack(0x000000a7a1800000,0x000000a7a1900000)]
  0x0000022cfa2afe70 JavaThread "Unconstrained build operations Thread 2" [_thread_blocked, id=13104, stack(0x000000a7a1c00000,0x000000a7a1d00000)]
  0x0000022cfa2b12b0 JavaThread "Unconstrained build operations Thread 3" [_thread_blocked, id=10324, stack(0x000000a7a1d00000,0x000000a7a1e00000)]
  0x0000022cfa183320 JavaThread "Unconstrained build operations Thread 4" [_thread_blocked, id=5504, stack(0x000000a7a1e00000,0x000000a7a1f00000)]
  0x0000022cfa184250 JavaThread "Unconstrained build operations Thread 5" [_thread_blocked, id=1684, stack(0x000000a7a1f00000,0x000000a7a2000000)]
  0x0000022cfa184760 JavaThread "Unconstrained build operations Thread 6" [_thread_blocked, id=9356, stack(0x000000a7a2000000,0x000000a7a2100000)]
  0x0000022cfa1823f0 JavaThread "build event listener" [_thread_blocked, id=12608, stack(0x000000a7a2200000,0x000000a7a2300000)]
  0x0000022cfa182900 JavaThread "ForkJoinPool.commonPool-worker-10" daemon [_thread_blocked, id=13300, stack(0x000000a7a2300000,0x000000a7a2400000)]
  0x0000022cf5834820 JavaThread "ForkJoinPool.commonPool-worker-11" daemon [_thread_blocked, id=3876, stack(0x000000a7a2400000,0x000000a7a2500000)]
  0x0000022cf5834d30 JavaThread "included builds" [_thread_blocked, id=15056, stack(0x000000a7a2600000,0x000000a7a2700000)]
  0x0000022cfa2b0da0 JavaThread "Execution worker" [_thread_blocked, id=11300, stack(0x000000a7a2700000,0x000000a7a2800000)]
  0x0000022cfa2b17c0 JavaThread "Execution worker Thread 2" [_thread_blocked, id=10644, stack(0x000000a7a2900000,0x000000a7a2a00000)]
  0x0000022cfa2b0380 JavaThread "Execution worker Thread 3" [_thread_blocked, id=9440, stack(0x000000a7a2a00000,0x000000a7a2b00000)]
  0x0000022cf09473a0 JavaThread "Cache worker for execution history cache (C:\Mobile\WordGameMobileApp\.gradle\8.9\executionHistory)" [_thread_blocked, id=9796, stack(0x000000a7a2b00000,0x000000a7a2c00000)]
  0x0000022cf0949c20 JavaThread "Unconstrained build operations Thread 7" [_thread_blocked, id=11740, stack(0x000000a7a2100000,0x000000a7a2200000)]
  0x0000022cf094c9b0 JavaThread "Unconstrained build operations Thread 8" [_thread_blocked, id=10800, stack(0x000000a7a2c00000,0x000000a7a2d00000)]
  0x0000022cf094ddf0 JavaThread "Unconstrained build operations Thread 9" [_thread_blocked, id=7724, stack(0x000000a7a2d00000,0x000000a7a2e00000)]
  0x0000022cf094ab50 JavaThread "WorkerExecutor Queue" [_thread_blocked, id=11808, stack(0x000000a7a2e00000,0x000000a7a2f00000)]
  0x0000022cfa2aef40 JavaThread "WorkerExecutor Queue Thread 2" [_thread_blocked, id=240, stack(0x000000a7a3000000,0x000000a7a3100000)]
  0x0000022cf094cec0 JavaThread "WorkerExecutor Queue Thread 4" [_thread_blocked, id=644, stack(0x000000a7a3200000,0x000000a7a3300000)]
  0x0000022cfafc24a0 JavaThread "WorkerExecutor Queue Thread 5" [_thread_in_native, id=752, stack(0x000000a7a3300000,0x000000a7a3400000)]
  0x0000022cf5835750 JavaThread "Unconstrained build operations Thread 10" [_thread_blocked, id=12952, stack(0x000000a7a3400000,0x000000a7a3500000)]
  0x0000022cf5835c60 JavaThread "Unconstrained build operations Thread 11" [_thread_blocked, id=6748, stack(0x000000a7a3500000,0x000000a7a3600000)]
  0x0000022cf5834310 JavaThread "Unconstrained build operations Thread 12" [_thread_blocked, id=5684, stack(0x000000a7a3600000,0x000000a7a3700000)]
  0x0000022cf5b0a000 JavaThread "ForkJoinPool-1-worker-1" daemon [_thread_blocked, id=936, stack(0x000000a7a3100000,0x000000a7a3200000)]
  0x0000022cf48644c0 JavaThread "ForkJoinPool-1-worker-2" daemon [_thread_blocked, id=5660, stack(0x000000a7a3700000,0x000000a7a3800000)]
=>0x0000022cfb4289b0 JavaThread "ForkJoinPool-1-worker-3" daemon [_thread_in_Java, id=10148, stack(0x000000a7a3800000,0x000000a7a3900000)]
  0x0000022cf5b0af30 JavaThread "ForkJoinPool-1-worker-4" daemon [_thread_blocked, id=7732, stack(0x000000a7a3900000,0x000000a7a3a00000)]
  0x0000022cfafc4300 JavaThread "Unconstrained build operations Thread 13" [_thread_blocked, id=12108, stack(0x000000a7a3b00000,0x000000a7a3c00000)]
  0x0000022cfb427060 JavaThread "pool-23-thread-1" [_thread_blocked, id=10068, stack(0x000000a7a3c00000,0x000000a7a3d00000)]
  0x0000022cf4862150 JavaThread "stderr" [_thread_in_native, id=14468, stack(0x000000a7a4000000,0x000000a7a4100000)]
  0x0000022cf485f3c0 JavaThread "stdout" [_thread_in_native, id=5176, stack(0x000000a7a4100000,0x000000a7a4200000)]
  0x0000022cf5619de0 JavaThread "Unconstrained build operations Thread 14" [_thread_blocked, id=7468, stack(0x000000a7a2500000,0x000000a7a2600000)]
  0x0000022cfafc4810 JavaThread "Unconstrained build operations Thread 15" [_thread_blocked, id=10288, stack(0x000000a7a4200000,0x000000a7a4300000)]
  0x0000022cfafc1060 JavaThread "Unconstrained build operations Thread 16" [_thread_blocked, id=8736, stack(0x000000a7a4300000,0x000000a7a4400000)]
  0x0000022cfafc1570 JavaThread "Unconstrained build operations Thread 17" [_thread_blocked, id=256, stack(0x000000a7a4400000,0x000000a7a4500000)]
  0x0000022cfafc2ec0 JavaThread "Unconstrained build operations Thread 18" [_thread_blocked, id=8660, stack(0x000000a7a4500000,0x000000a7a4600000)]
  0x0000022cfafc33d0 JavaThread "Unconstrained build operations Thread 19" [_thread_blocked, id=10484, stack(0x000000a7a4600000,0x000000a7a4700000)]
  0x0000022cfa183d40 JavaThread "RMI RenewClean-[127.0.0.1:17964,org.jetbrains.kotlin.daemon.common.LoopbackNetworkInterface$ClientLoopbackSocketFactory@4593ac22]" daemon [_thread_blocked, id=1216, stack(0x000000a7a4700000,0x000000a7a4800000)]
  0x0000022cfb1d8cb0 JavaThread "RMI GC Daemon" daemon [_thread_blocked, id=13500, stack(0x000000a7a4800000,0x000000a7a4900000)]
  0x0000022cf5618490 JavaThread "RMI Reaper" [_thread_blocked, id=10328, stack(0x000000a7a4900000,0x000000a7a4a00000)]
  0x0000022cf2371fa0 JavaThread "RMI TCP Connection(28)-127.0.0.1" daemon [_thread_in_native, id=9620, stack(0x000000a7a4a00000,0x000000a7a4b00000)]
  0x0000022cfbbb85b0 JavaThread "C2 CompilerThread1" daemon [_thread_blocked, id=7876, stack(0x000000a7a3a00000,0x000000a7a3b00000)]

Other Threads:
  0x0000022caa4914d0 VMThread "VM Thread" [stack: 0x000000a79f700000,0x000000a79f800000] [id=1820] _threads_hazard_ptr=0x0000022cf59d4c60
  0x0000022caa79a610 WatcherThread [stack: 0x000000a7a0300000,0x000000a7a0400000] [id=14252]
  0x0000022c8c8f09f0 GCTaskThread "GC Thread#0" [stack: 0x000000a79f200000,0x000000a79f300000] [id=3380]
  0x0000022caa931a70 GCTaskThread "GC Thread#1" [stack: 0x000000a7a0400000,0x000000a7a0500000] [id=9616]
  0x0000022caa931d30 GCTaskThread "GC Thread#2" [stack: 0x000000a7a0500000,0x000000a7a0600000] [id=8496]
  0x0000022cf0b5dd40 GCTaskThread "GC Thread#3" [stack: 0x000000a7a0700000,0x000000a7a0800000] [id=3032]
  0x0000022c8c901850 ConcurrentGCThread "G1 Main Marker" [stack: 0x000000a79f300000,0x000000a79f400000] [id=5160]
  0x0000022c8c902920 ConcurrentGCThread "G1 Conc#0" [stack: 0x000000a79f400000,0x000000a79f500000] [id=1460]
  0x0000022caa3520c0 ConcurrentGCThread "G1 Refine#0" [stack: 0x000000a79f500000,0x000000a79f600000] [id=10316]
  0x0000022caa9a4540 ConcurrentGCThread "G1 Refine#1" [stack: 0x000000a7a0800000,0x000000a7a0900000] [id=8068]
  0x0000022cf082fa50 ConcurrentGCThread "G1 Refine#2" [stack: 0x000000a7a0900000,0x000000a7a0a00000] [id=7088]
  0x0000022cfadb5640 ConcurrentGCThread "G1 Refine#3" [stack: 0x000000a7a2f00000,0x000000a7a3000000] [id=12468]
  0x0000022caa352a00 ConcurrentGCThread "G1 Service" [stack: 0x000000a79f600000,0x000000a79f700000] [id=992]

Threads with active compile tasks:

VM state: not at safepoint (normal execution)

VM Mutex/Monitor currently owned by a thread:  ([mutex/lock_event])
[0x0000022c8c88eb00] Heap_lock - owner thread: 0x0000022c8c901850

Heap address: 0x0000000080000000, size: 2048 MB, Compressed Oops mode: 32-bit

CDS archive(s) mapped at: [0x0000022cab000000-0x0000022cabbb0000-0x0000022cabbb0000), size 12255232, SharedBaseAddress: 0x0000022cab000000, ArchiveRelocationMode: 1.
Compressed class space mapped at: 0x0000022cac000000-0x0000022cec000000, reserved size: 1073741824
Narrow klass base: 0x0000022cab000000, Narrow klass shift: 0, Narrow klass range: 0x100000000

GC Precious Log:
 CPUs: 4 total, 4 available
 Memory: 8101M
 Large Page Support: Disabled
 NUMA Support: Disabled
 Compressed Oops: Enabled (32-bit)
 Heap Region Size: 1M
 Heap Min Capacity: 8M
 Heap Initial Capacity: 128M
 Heap Max Capacity: 2G
 Pre-touch: Disabled
 Parallel Workers: 4
 Concurrent Workers: 1
 Concurrent Refinement Workers: 4
 Periodic GC: Disabled

Heap:
 garbage-first heap   total 1331200K, used 820686K [0x0000000080000000, 0x0000000100000000)
  region size 1024K, 173 young (177152K), 19 survivors (19456K)
 Metaspace       used 158374K, committed 159808K, reserved 1245184K
  class space    used 20618K, committed 21312K, reserved 1048576K

Heap Regions: E=young(eden), S=young(survivor), O=old, HS=humongous(starts), HC=humongous(continues), CS=collection set, F=free, OA=open archive, CA=closed archive, TAMS=top-at-mark-start (previous, next)
|   0|0x0000000080000000, 0x0000000080100000, 0x0000000080100000|100%|HS|  |TAMS 0x0000000080100000, 0x0000000080100000| Complete 
|   1|0x0000000080100000, 0x0000000080200000, 0x0000000080200000|100%|HC|  |TAMS 0x0000000080200000, 0x0000000080200000| Complete 
|   2|0x0000000080200000, 0x0000000080300000, 0x0000000080300000|100%|HC|  |TAMS 0x0000000080300000, 0x0000000080300000| Complete 
|   3|0x0000000080300000, 0x0000000080400000, 0x0000000080400000|100%|HC|  |TAMS 0x0000000080400000, 0x0000000080400000| Complete 
|   4|0x0000000080400000, 0x0000000080500000, 0x0000000080500000|100%| O|  |TAMS 0x0000000080500000, 0x0000000080500000| Untracked 
|   5|0x0000000080500000, 0x0000000080600000, 0x0000000080600000|100%| O|  |TAMS 0x0000000080600000, 0x0000000080600000| Untracked 
|   6|0x0000000080600000, 0x0000000080700000, 0x0000000080700000|100%| O|  |TAMS 0x0000000080700000, 0x0000000080700000| Untracked 
|   7|0x0000000080700000, 0x0000000080800000, 0x0000000080800000|100%| O|  |TAMS 0x0000000080800000, 0x0000000080800000| Untracked 
|   8|0x0000000080800000, 0x0000000080900000, 0x0000000080900000|100%|HS|  |TAMS 0x0000000080900000, 0x0000000080900000| Complete 
|   9|0x0000000080900000, 0x0000000080a00000, 0x0000000080a00000|100%| O|  |TAMS 0x0000000080a00000, 0x0000000080a00000| Untracked 
|  10|0x0000000080a00000, 0x0000000080b00000, 0x0000000080b00000|100%| O|  |TAMS 0x0000000080b00000, 0x0000000080b00000| Untracked 
|  11|0x0000000080b00000, 0x0000000080c00000, 0x0000000080c00000|100%| O|  |TAMS 0x0000000080c00000, 0x0000000080c00000| Untracked 
|  12|0x0000000080c00000, 0x0000000080d00000, 0x0000000080d00000|100%| O|  |TAMS 0x0000000080d00000, 0x0000000080d00000| Untracked 
|  13|0x0000000080d00000, 0x0000000080e00000, 0x0000000080e00000|100%| O|  |TAMS 0x0000000080e00000, 0x0000000080e00000| Untracked 
|  14|0x0000000080e00000, 0x0000000080f00000, 0x0000000080f00000|100%| O|  |TAMS 0x0000000080f00000, 0x0000000080f00000| Untracked 
|  15|0x0000000080f00000, 0x0000000081000000, 0x0000000081000000|100%| O|  |TAMS 0x0000000081000000, 0x0000000081000000| Untracked 
|  16|0x0000000081000000, 0x0000000081100000, 0x0000000081100000|100%| O|  |TAMS 0x0000000081100000, 0x0000000081100000| Untracked 
|  17|0x0000000081100000, 0x0000000081200000, 0x0000000081200000|100%| O|  |TAMS 0x0000000081200000, 0x0000000081200000| Untracked 
|  18|0x0000000081200000, 0x0000000081300000, 0x0000000081300000|100%| O|  |TAMS 0x0000000081300000, 0x0000000081300000| Untracked 
|  19|0x0000000081300000, 0x0000000081400000, 0x0000000081400000|100%| O|  |TAMS 0x0000000081400000, 0x0000000081400000| Untracked 
|  20|0x0000000081400000, 0x0000000081500000, 0x0000000081500000|100%| O|  |TAMS 0x0000000081500000, 0x0000000081500000| Untracked 
|  21|0x0000000081500000, 0x0000000081600000, 0x0000000081600000|100%|HS|  |TAMS 0x0000000081600000, 0x0000000081600000| Complete 
|  22|0x0000000081600000, 0x0000000081700000, 0x0000000081700000|100%| O|  |TAMS 0x0000000081700000, 0x0000000081700000| Untracked 
|  23|0x0000000081700000, 0x0000000081800000, 0x0000000081800000|100%| O|  |TAMS 0x0000000081800000, 0x0000000081800000| Untracked 
|  24|0x0000000081800000, 0x0000000081900000, 0x0000000081900000|100%|HS|  |TAMS 0x0000000081900000, 0x0000000081900000| Complete 
|  25|0x0000000081900000, 0x0000000081a00000, 0x0000000081a00000|100%| O|  |TAMS 0x0000000081a00000, 0x0000000081a00000| Untracked 
|  26|0x0000000081a00000, 0x0000000081b00000, 0x0000000081b00000|100%| O|  |TAMS 0x0000000081b00000, 0x0000000081b00000| Untracked 
|  27|0x0000000081b00000, 0x0000000081c00000, 0x0000000081c00000|100%| O|  |TAMS 0x0000000081c00000, 0x0000000081c00000| Untracked 
|  28|0x0000000081c00000, 0x0000000081d00000, 0x0000000081d00000|100%| O|  |TAMS 0x0000000081d00000, 0x0000000081d00000| Untracked 
|  29|0x0000000081d00000, 0x0000000081e00000, 0x0000000081e00000|100%| O|  |TAMS 0x0000000081e00000, 0x0000000081e00000| Untracked 
|  30|0x0000000081e00000, 0x0000000081f00000, 0x0000000081f00000|100%| O|  |TAMS 0x0000000081f00000, 0x0000000081f00000| Untracked 
|  31|0x0000000081f00000, 0x0000000082000000, 0x0000000082000000|100%| O|  |TAMS 0x0000000082000000, 0x0000000082000000| Untracked 
|  32|0x0000000082000000, 0x0000000082100000, 0x0000000082100000|100%| O|  |TAMS 0x0000000082100000, 0x0000000082100000| Untracked 
|  33|0x0000000082100000, 0x0000000082200000, 0x0000000082200000|100%| O|  |TAMS 0x0000000082200000, 0x0000000082200000| Untracked 
|  34|0x0000000082200000, 0x0000000082300000, 0x0000000082300000|100%| O|  |TAMS 0x0000000082300000, 0x0000000082300000| Untracked 
|  35|0x0000000082300000, 0x0000000082400000, 0x0000000082400000|100%| O|  |TAMS 0x0000000082400000, 0x0000000082400000| Untracked 
|  36|0x0000000082400000, 0x0000000082500000, 0x0000000082500000|100%| O|  |TAMS 0x0000000082500000, 0x0000000082500000| Untracked 
|  37|0x0000000082500000, 0x0000000082600000, 0x0000000082600000|100%| O|  |TAMS 0x0000000082600000, 0x0000000082600000| Untracked 
|  38|0x0000000082600000, 0x0000000082700000, 0x0000000082700000|100%| O|  |TAMS 0x0000000082700000, 0x0000000082700000| Untracked 
|  39|0x0000000082700000, 0x0000000082800000, 0x0000000082800000|100%| O|  |TAMS 0x0000000082800000, 0x0000000082800000| Untracked 
|  40|0x0000000082800000, 0x0000000082900000, 0x0000000082900000|100%| O|  |TAMS 0x0000000082900000, 0x0000000082900000| Untracked 
|  41|0x0000000082900000, 0x0000000082a00000, 0x0000000082a00000|100%| O|  |TAMS 0x0000000082a00000, 0x0000000082a00000| Untracked 
|  42|0x0000000082a00000, 0x0000000082b00000, 0x0000000082b00000|100%|HS|  |TAMS 0x0000000082b00000, 0x0000000082b00000| Complete 
|  43|0x0000000082b00000, 0x0000000082c00000, 0x0000000082c00000|100%|HS|  |TAMS 0x0000000082c00000, 0x0000000082c00000| Complete 
|  44|0x0000000082c00000, 0x0000000082d00000, 0x0000000082d00000|100%|HS|  |TAMS 0x0000000082d00000, 0x0000000082d00000| Complete 
|  45|0x0000000082d00000, 0x0000000082e00000, 0x0000000082e00000|100%|HC|  |TAMS 0x0000000082e00000, 0x0000000082e00000| Complete 
|  46|0x0000000082e00000, 0x0000000082f00000, 0x0000000082f00000|100%|HS|  |TAMS 0x0000000082f00000, 0x0000000082f00000| Complete 
|  47|0x0000000082f00000, 0x0000000083000000, 0x0000000083000000|100%|HC|  |TAMS 0x0000000083000000, 0x0000000083000000| Complete 
|  48|0x0000000083000000, 0x0000000083100000, 0x0000000083100000|100%|HS|  |TAMS 0x0000000083100000, 0x0000000083100000| Complete 
|  49|0x0000000083100000, 0x0000000083200000, 0x0000000083200000|100%|HS|  |TAMS 0x0000000083200000, 0x0000000083200000| Complete 
|  50|0x0000000083200000, 0x0000000083300000, 0x0000000083300000|100%|HC|  |TAMS 0x0000000083300000, 0x0000000083300000| Complete 
|  51|0x0000000083300000, 0x0000000083400000, 0x0000000083400000|100%|HC|  |TAMS 0x0000000083400000, 0x0000000083400000| Complete 
|  52|0x0000000083400000, 0x0000000083500000, 0x0000000083500000|100%|HC|  |TAMS 0x0000000083500000, 0x0000000083500000| Complete 
|  53|0x0000000083500000, 0x0000000083600000, 0x0000000083600000|100%| O|  |TAMS 0x0000000083600000, 0x0000000083600000| Untracked 
|  54|0x0000000083600000, 0x0000000083700000, 0x0000000083700000|100%| O|  |TAMS 0x0000000083700000, 0x0000000083700000| Untracked 
|  55|0x0000000083700000, 0x0000000083800000, 0x0000000083800000|100%| O|  |TAMS 0x0000000083800000, 0x0000000083800000| Untracked 
|  56|0x0000000083800000, 0x0000000083900000, 0x0000000083900000|100%|HS|  |TAMS 0x0000000083800000, 0x0000000083800000| Complete 
|  57|0x0000000083900000, 0x0000000083a00000, 0x0000000083a00000|100%|HS|  |TAMS 0x0000000083900000, 0x0000000083a00000| Complete 
|  58|0x0000000083a00000, 0x0000000083b00000, 0x0000000083b00000|100%|HS|  |TAMS 0x0000000083b00000, 0x0000000083b00000| Complete 
|  59|0x0000000083b00000, 0x0000000083c00000, 0x0000000083c00000|100%|HS|  |TAMS 0x0000000083c00000, 0x0000000083c00000| Complete 
|  60|0x0000000083c00000, 0x0000000083d00000, 0x0000000083d00000|100%| O|  |TAMS 0x0000000083d00000, 0x0000000083d00000| Untracked 
|  61|0x0000000083d00000, 0x0000000083e00000, 0x0000000083e00000|100%| O|  |TAMS 0x0000000083e00000, 0x0000000083e00000| Untracked 
|  62|0x0000000083e00000, 0x0000000083f00000, 0x0000000083f00000|100%| O|  |TAMS 0x0000000083f00000, 0x0000000083f00000| Untracked 
|  63|0x0000000083f00000, 0x0000000084000000, 0x0000000084000000|100%| O|  |TAMS 0x0000000084000000, 0x0000000084000000| Untracked 
|  64|0x0000000084000000, 0x0000000084100000, 0x0000000084100000|100%| O|  |TAMS 0x0000000084100000, 0x0000000084100000| Untracked 
|  65|0x0000000084100000, 0x0000000084200000, 0x0000000084200000|100%| O|  |TAMS 0x0000000084200000, 0x0000000084200000| Untracked 
|  66|0x0000000084200000, 0x0000000084300000, 0x0000000084300000|100%| O|  |TAMS 0x0000000084300000, 0x0000000084300000| Untracked 
|  67|0x0000000084300000, 0x0000000084400000, 0x0000000084400000|100%| O|  |TAMS 0x0000000084400000, 0x0000000084400000| Untracked 
|  68|0x0000000084400000, 0x0000000084500000, 0x0000000084500000|100%| O|  |TAMS 0x0000000084500000, 0x0000000084500000| Untracked 
|  69|0x0000000084500000, 0x0000000084600000, 0x0000000084600000|100%| O|  |TAMS 0x0000000084600000, 0x0000000084600000| Untracked 
|  70|0x0000000084600000, 0x0000000084700000, 0x0000000084700000|100%| O|  |TAMS 0x0000000084700000, 0x0000000084700000| Untracked 
|  71|0x0000000084700000, 0x0000000084800000, 0x0000000084800000|100%| O|  |TAMS 0x0000000084800000, 0x0000000084800000| Untracked 
|  72|0x0000000084800000, 0x0000000084900000, 0x0000000084900000|100%|HS|  |TAMS 0x0000000084900000, 0x0000000084900000| Complete 
|  73|0x0000000084900000, 0x0000000084a00000, 0x0000000084a00000|100%|HC|  |TAMS 0x0000000084a00000, 0x0000000084a00000| Complete 
|  74|0x0000000084a00000, 0x0000000084b00000, 0x0000000084b00000|100%|HS|  |TAMS 0x0000000084b00000, 0x0000000084b00000| Complete 
|  75|0x0000000084b00000, 0x0000000084c00000, 0x0000000084c00000|100%|HC|  |TAMS 0x0000000084c00000, 0x0000000084c00000| Complete 
|  76|0x0000000084c00000, 0x0000000084d00000, 0x0000000084d00000|100%|HC|  |TAMS 0x0000000084d00000, 0x0000000084d00000| Complete 
|  77|0x0000000084d00000, 0x0000000084e00000, 0x0000000084e00000|100%|HC|  |TAMS 0x0000000084e00000, 0x0000000084e00000| Complete 
|  78|0x0000000084e00000, 0x0000000084f00000, 0x0000000084f00000|100%| O|  |TAMS 0x0000000084f00000, 0x0000000084f00000| Untracked 
|  79|0x0000000084f00000, 0x0000000085000000, 0x0000000085000000|100%| O|  |TAMS 0x0000000085000000, 0x0000000085000000| Untracked 
|  80|0x0000000085000000, 0x0000000085100000, 0x0000000085100000|100%| O|  |TAMS 0x0000000085100000, 0x0000000085100000| Untracked 
|  81|0x0000000085100000, 0x0000000085200000, 0x0000000085200000|100%|HS|  |TAMS 0x0000000085100000, 0x0000000085100000| Complete 
|  82|0x0000000085200000, 0x0000000085300000, 0x0000000085300000|100%| O|  |TAMS 0x0000000085300000, 0x0000000085300000| Untracked 
|  83|0x0000000085300000, 0x0000000085400000, 0x0000000085400000|100%| O|  |TAMS 0x0000000085400000, 0x0000000085400000| Untracked 
|  84|0x0000000085400000, 0x0000000085500000, 0x0000000085500000|100%| O|  |TAMS 0x0000000085500000, 0x0000000085500000| Untracked 
|  85|0x0000000085500000, 0x0000000085600000, 0x0000000085600000|100%| O|  |TAMS 0x0000000085500000, 0x0000000085600000| Untracked 
|  86|0x0000000085600000, 0x0000000085700000, 0x0000000085700000|100%|HS|  |TAMS 0x0000000085600000, 0x0000000085600000| Complete 
|  87|0x0000000085700000, 0x0000000085800000, 0x0000000085800000|100%| O|  |TAMS 0x0000000085800000, 0x0000000085800000| Untracked 
|  88|0x0000000085800000, 0x0000000085900000, 0x0000000085900000|100%| O|  |TAMS 0x0000000085900000, 0x0000000085900000| Untracked 
|  89|0x0000000085900000, 0x0000000085a00000, 0x0000000085a00000|100%| O|  |TAMS 0x0000000085a00000, 0x0000000085a00000| Untracked 
|  90|0x0000000085a00000, 0x0000000085b00000, 0x0000000085b00000|100%| O|  |TAMS 0x0000000085b00000, 0x0000000085b00000| Untracked 
|  91|0x0000000085b00000, 0x0000000085c00000, 0x0000000085c00000|100%| O|  |TAMS 0x0000000085c00000, 0x0000000085c00000| Untracked 
|  92|0x0000000085c00000, 0x0000000085d00000, 0x0000000085d00000|100%| O|  |TAMS 0x0000000085d00000, 0x0000000085d00000| Untracked 
|  93|0x0000000085d00000, 0x0000000085e00000, 0x0000000085e00000|100%|HS|  |TAMS 0x0000000085e00000, 0x0000000085e00000| Complete 
|  94|0x0000000085e00000, 0x0000000085f00000, 0x0000000085f00000|100%|HS|  |TAMS 0x0000000085f00000, 0x0000000085f00000| Complete 
|  95|0x0000000085f00000, 0x0000000086000000, 0x0000000086000000|100%| O|  |TAMS 0x0000000086000000, 0x0000000086000000| Untracked 
|  96|0x0000000086000000, 0x0000000086100000, 0x0000000086100000|100%| O|  |TAMS 0x0000000086100000, 0x0000000086100000| Untracked 
|  97|0x0000000086100000, 0x0000000086200000, 0x0000000086200000|100%|HS|  |TAMS 0x0000000086100000, 0x0000000086100000| Complete 
|  98|0x0000000086200000, 0x0000000086300000, 0x0000000086300000|100%|HS|  |TAMS 0x0000000086200000, 0x0000000086200000| Complete 
|  99|0x0000000086300000, 0x0000000086400000, 0x0000000086400000|100%| O|  |TAMS 0x0000000086400000, 0x0000000086400000| Untracked 
| 100|0x0000000086400000, 0x0000000086500000, 0x0000000086500000|100%| O|  |TAMS 0x0000000086500000, 0x0000000086500000| Untracked 
| 101|0x0000000086500000, 0x0000000086600000, 0x0000000086600000|100%| O|  |TAMS 0x0000000086600000, 0x0000000086600000| Untracked 
| 102|0x0000000086600000, 0x0000000086700000, 0x0000000086700000|100%|HS|  |TAMS 0x0000000086600000, 0x0000000086600000| Complete 
| 103|0x0000000086700000, 0x0000000086800000, 0x0000000086800000|100%| O|  |TAMS 0x0000000086800000, 0x0000000086800000| Untracked 
| 104|0x0000000086800000, 0x0000000086900000, 0x0000000086900000|100%|HS|  |TAMS 0x0000000086900000, 0x0000000086900000| Complete 
| 105|0x0000000086900000, 0x0000000086a00000, 0x0000000086a00000|100%| O|  |TAMS 0x0000000086a00000, 0x0000000086a00000| Untracked 
| 106|0x0000000086a00000, 0x0000000086b00000, 0x0000000086b00000|100%|HS|  |TAMS 0x0000000086b00000, 0x0000000086b00000| Complete 
| 107|0x0000000086b00000, 0x0000000086c00000, 0x0000000086c00000|100%| O|  |TAMS 0x0000000086c00000, 0x0000000086c00000| Untracked 
| 108|0x0000000086c00000, 0x0000000086d00000, 0x0000000086d00000|100%| O|  |TAMS 0x0000000086d00000, 0x0000000086d00000| Untracked 
| 109|0x0000000086d00000, 0x0000000086e00000, 0x0000000086e00000|100%| O|  |TAMS 0x0000000086e00000, 0x0000000086e00000| Untracked 
| 110|0x0000000086e00000, 0x0000000086f00000, 0x0000000086f00000|100%| O|  |TAMS 0x0000000086f00000, 0x0000000086f00000| Untracked 
| 111|0x0000000086f00000, 0x0000000087000000, 0x0000000087000000|100%| O|  |TAMS 0x0000000087000000, 0x0000000087000000| Untracked 
| 112|0x0000000087000000, 0x0000000087100000, 0x0000000087100000|100%| O|  |TAMS 0x0000000087100000, 0x0000000087100000| Untracked 
| 113|0x0000000087100000, 0x0000000087200000, 0x0000000087200000|100%| O|  |TAMS 0x0000000087200000, 0x0000000087200000| Untracked 
| 114|0x0000000087200000, 0x0000000087300000, 0x0000000087300000|100%|HS|  |TAMS 0x0000000087300000, 0x0000000087300000| Complete 
| 115|0x0000000087300000, 0x0000000087400000, 0x0000000087400000|100%| O|  |TAMS 0x0000000087400000, 0x0000000087400000| Untracked 
| 116|0x0000000087400000, 0x0000000087500000, 0x0000000087500000|100%| O|  |TAMS 0x0000000087500000, 0x0000000087500000| Untracked 
| 117|0x0000000087500000, 0x0000000087600000, 0x0000000087600000|100%| O|  |TAMS 0x0000000087600000, 0x0000000087600000| Untracked 
| 118|0x0000000087600000, 0x0000000087700000, 0x0000000087700000|100%| O|  |TAMS 0x0000000087700000, 0x0000000087700000| Untracked 
| 119|0x0000000087700000, 0x0000000087800000, 0x0000000087800000|100%| O|  |TAMS 0x0000000087800000, 0x0000000087800000| Untracked 
| 120|0x0000000087800000, 0x0000000087900000, 0x0000000087900000|100%| O|  |TAMS 0x0000000087900000, 0x0000000087900000| Untracked 
| 121|0x0000000087900000, 0x0000000087a00000, 0x0000000087a00000|100%| O|  |TAMS 0x0000000087a00000, 0x0000000087a00000| Untracked 
| 122|0x0000000087a00000, 0x0000000087b00000, 0x0000000087b00000|100%| O|  |TAMS 0x0000000087b00000, 0x0000000087b00000| Untracked 
| 123|0x0000000087b00000, 0x0000000087c00000, 0x0000000087c00000|100%| O|  |TAMS 0x0000000087c00000, 0x0000000087c00000| Untracked 
| 124|0x0000000087c00000, 0x0000000087d00000, 0x0000000087d00000|100%| O|  |TAMS 0x0000000087d00000, 0x0000000087d00000| Untracked 
| 125|0x0000000087d00000, 0x0000000087e00000, 0x0000000087e00000|100%| O|  |TAMS 0x0000000087e00000, 0x0000000087e00000| Untracked 
| 126|0x0000000087e00000, 0x0000000087f00000, 0x0000000087f00000|100%| O|  |TAMS 0x0000000087f00000, 0x0000000087f00000| Untracked 
| 127|0x0000000087f00000, 0x0000000088000000, 0x0000000088000000|100%| O|  |TAMS 0x0000000088000000, 0x0000000088000000| Untracked 
| 128|0x0000000088000000, 0x0000000088100000, 0x0000000088100000|100%| O|  |TAMS 0x0000000088100000, 0x0000000088100000| Untracked 
| 129|0x0000000088100000, 0x0000000088200000, 0x0000000088200000|100%| O|  |TAMS 0x0000000088200000, 0x0000000088200000| Untracked 
| 130|0x0000000088200000, 0x0000000088300000, 0x0000000088300000|100%| O|  |TAMS 0x0000000088300000, 0x0000000088300000| Untracked 
| 131|0x0000000088300000, 0x0000000088400000, 0x0000000088400000|100%|HS|  |TAMS 0x0000000088300000, 0x0000000088300000| Complete 
| 132|0x0000000088400000, 0x0000000088500000, 0x0000000088500000|100%| O|  |TAMS 0x0000000088500000, 0x0000000088500000| Untracked 
| 133|0x0000000088500000, 0x0000000088600000, 0x0000000088600000|100%| O|  |TAMS 0x0000000088600000, 0x0000000088600000| Untracked 
| 134|0x0000000088600000, 0x0000000088700000, 0x0000000088700000|100%| O|  |TAMS 0x0000000088700000, 0x0000000088700000| Untracked 
| 135|0x0000000088700000, 0x0000000088800000, 0x0000000088800000|100%| O|  |TAMS 0x0000000088800000, 0x0000000088800000| Untracked 
| 136|0x0000000088800000, 0x0000000088900000, 0x0000000088900000|100%| O|  |TAMS 0x0000000088900000, 0x0000000088900000| Untracked 
| 137|0x0000000088900000, 0x0000000088a00000, 0x0000000088a00000|100%|HS|  |TAMS 0x0000000088900000, 0x0000000088900000| Complete 
| 138|0x0000000088a00000, 0x0000000088b00000, 0x0000000088b00000|100%| O|  |TAMS 0x0000000088b00000, 0x0000000088b00000| Untracked 
| 139|0x0000000088b00000, 0x0000000088c00000, 0x0000000088c00000|100%| O|  |TAMS 0x0000000088c00000, 0x0000000088c00000| Untracked 
| 140|0x0000000088c00000, 0x0000000088d00000, 0x0000000088d00000|100%| O|  |TAMS 0x0000000088d00000, 0x0000000088d00000| Untracked 
| 141|0x0000000088d00000, 0x0000000088e00000, 0x0000000088e00000|100%| O|  |TAMS 0x0000000088e00000, 0x0000000088e00000| Untracked 
| 142|0x0000000088e00000, 0x0000000088f00000, 0x0000000088f00000|100%| O|  |TAMS 0x0000000088f00000, 0x0000000088f00000| Untracked 
| 143|0x0000000088f00000, 0x0000000089000000, 0x0000000089000000|100%| O|  |TAMS 0x0000000089000000, 0x0000000089000000| Untracked 
| 144|0x0000000089000000, 0x0000000089100000, 0x0000000089100000|100%| O|  |TAMS 0x0000000089100000, 0x0000000089100000| Untracked 
| 145|0x0000000089100000, 0x0000000089200000, 0x0000000089200000|100%| O|  |TAMS 0x0000000089200000, 0x0000000089200000| Untracked 
| 146|0x0000000089200000, 0x0000000089300000, 0x0000000089300000|100%| O|  |TAMS 0x0000000089300000, 0x0000000089300000| Untracked 
| 147|0x0000000089300000, 0x0000000089400000, 0x0000000089400000|100%|HS|  |TAMS 0x0000000089300000, 0x0000000089300000| Complete 
| 148|0x0000000089400000, 0x0000000089500000, 0x0000000089500000|100%| O|  |TAMS 0x0000000089500000, 0x0000000089500000| Untracked 
| 149|0x0000000089500000, 0x0000000089600000, 0x0000000089600000|100%| O|  |TAMS 0x0000000089600000, 0x0000000089600000| Untracked 
| 150|0x0000000089600000, 0x0000000089700000, 0x0000000089700000|100%| O|  |TAMS 0x0000000089700000, 0x0000000089700000| Untracked 
| 151|0x0000000089700000, 0x0000000089800000, 0x0000000089800000|100%| O|  |TAMS 0x0000000089800000, 0x0000000089800000| Untracked 
| 152|0x0000000089800000, 0x0000000089900000, 0x0000000089900000|100%| O|  |TAMS 0x0000000089900000, 0x0000000089900000| Untracked 
| 153|0x0000000089900000, 0x0000000089a00000, 0x0000000089a00000|100%|HS|  |TAMS 0x0000000089a00000, 0x0000000089a00000| Complete 
| 154|0x0000000089a00000, 0x0000000089b00000, 0x0000000089b00000|100%|HC|  |TAMS 0x0000000089b00000, 0x0000000089b00000| Complete 
| 155|0x0000000089b00000, 0x0000000089c00000, 0x0000000089c00000|100%| O|  |TAMS 0x0000000089c00000, 0x0000000089c00000| Untracked 
| 156|0x0000000089c00000, 0x0000000089d00000, 0x0000000089d00000|100%| O|  |TAMS 0x0000000089d00000, 0x0000000089d00000| Untracked 
| 157|0x0000000089d00000, 0x0000000089e00000, 0x0000000089e00000|100%| O|  |TAMS 0x0000000089e00000, 0x0000000089e00000| Untracked 
| 158|0x0000000089e00000, 0x0000000089f00000, 0x0000000089f00000|100%| O|  |TAMS 0x0000000089f00000, 0x0000000089f00000| Untracked 
| 159|0x0000000089f00000, 0x000000008a000000, 0x000000008a000000|100%| O|  |TAMS 0x000000008a000000, 0x000000008a000000| Untracked 
| 160|0x000000008a000000, 0x000000008a100000, 0x000000008a100000|100%|HS|  |TAMS 0x000000008a100000, 0x000000008a100000| Complete 
| 161|0x000000008a100000, 0x000000008a200000, 0x000000008a200000|100%|HC|  |TAMS 0x000000008a200000, 0x000000008a200000| Complete 
| 162|0x000000008a200000, 0x000000008a300000, 0x000000008a300000|100%|HC|  |TAMS 0x000000008a300000, 0x000000008a300000| Complete 
| 163|0x000000008a300000, 0x000000008a400000, 0x000000008a400000|100%| O|  |TAMS 0x000000008a400000, 0x000000008a400000| Untracked 
| 164|0x000000008a400000, 0x000000008a500000, 0x000000008a500000|100%| O|  |TAMS 0x000000008a500000, 0x000000008a500000| Untracked 
| 165|0x000000008a500000, 0x000000008a600000, 0x000000008a600000|100%| O|  |TAMS 0x000000008a600000, 0x000000008a600000| Untracked 
| 166|0x000000008a600000, 0x000000008a700000, 0x000000008a700000|100%| O|  |TAMS 0x000000008a700000, 0x000000008a700000| Untracked 
| 167|0x000000008a700000, 0x000000008a800000, 0x000000008a800000|100%|HS|  |TAMS 0x000000008a800000, 0x000000008a800000| Complete 
| 168|0x000000008a800000, 0x000000008a900000, 0x000000008a900000|100%|HC|  |TAMS 0x000000008a900000, 0x000000008a900000| Complete 
| 169|0x000000008a900000, 0x000000008aa00000, 0x000000008aa00000|100%|HC|  |TAMS 0x000000008aa00000, 0x000000008aa00000| Complete 
| 170|0x000000008aa00000, 0x000000008ab00000, 0x000000008ab00000|100%|HC|  |TAMS 0x000000008ab00000, 0x000000008ab00000| Complete 
| 171|0x000000008ab00000, 0x000000008ac00000, 0x000000008ac00000|100%|HS|  |TAMS 0x000000008ac00000, 0x000000008ac00000| Complete 
| 172|0x000000008ac00000, 0x000000008ad00000, 0x000000008ad00000|100%|HC|  |TAMS 0x000000008ad00000, 0x000000008ad00000| Complete 
| 173|0x000000008ad00000, 0x000000008ae00000, 0x000000008ae00000|100%|HS|  |TAMS 0x000000008ae00000, 0x000000008ae00000| Complete 
| 174|0x000000008ae00000, 0x000000008af00000, 0x000000008af00000|100%|HC|  |TAMS 0x000000008af00000, 0x000000008af00000| Complete 
| 175|0x000000008af00000, 0x000000008b000000, 0x000000008b000000|100%|HC|  |TAMS 0x000000008b000000, 0x000000008b000000| Complete 
| 176|0x000000008b000000, 0x000000008b100000, 0x000000008b100000|100%| O|  |TAMS 0x000000008b100000, 0x000000008b100000| Untracked 
| 177|0x000000008b100000, 0x000000008b200000, 0x000000008b200000|100%| O|  |TAMS 0x000000008b200000, 0x000000008b200000| Untracked 
| 178|0x000000008b200000, 0x000000008b300000, 0x000000008b300000|100%| O|  |TAMS 0x000000008b300000, 0x000000008b300000| Untracked 
| 179|0x000000008b300000, 0x000000008b400000, 0x000000008b400000|100%| O|  |TAMS 0x000000008b400000, 0x000000008b400000| Untracked 
| 180|0x000000008b400000, 0x000000008b500000, 0x000000008b500000|100%|HS|  |TAMS 0x000000008b400000, 0x000000008b400000| Complete 
| 181|0x000000008b500000, 0x000000008b600000, 0x000000008b600000|100%|HS|  |TAMS 0x000000008b600000, 0x000000008b600000| Complete 
| 182|0x000000008b600000, 0x000000008b700000, 0x000000008b700000|100%|HC|  |TAMS 0x000000008b700000, 0x000000008b700000| Complete 
| 183|0x000000008b700000, 0x000000008b800000, 0x000000008b800000|100%|HC|  |TAMS 0x000000008b800000, 0x000000008b800000| Complete 
| 184|0x000000008b800000, 0x000000008b900000, 0x000000008b900000|100%|HS|  |TAMS 0x000000008b900000, 0x000000008b900000| Complete 
| 185|0x000000008b900000, 0x000000008ba00000, 0x000000008ba00000|100%|HC|  |TAMS 0x000000008ba00000, 0x000000008ba00000| Complete 
| 186|0x000000008ba00000, 0x000000008bb00000, 0x000000008bb00000|100%|HS|  |TAMS 0x000000008bb00000, 0x000000008bb00000| Complete 
| 187|0x000000008bb00000, 0x000000008bc00000, 0x000000008bc00000|100%|HC|  |TAMS 0x000000008bc00000, 0x000000008bc00000| Complete 
| 188|0x000000008bc00000, 0x000000008bd00000, 0x000000008bd00000|100%|HS|  |TAMS 0x000000008bd00000, 0x000000008bd00000| Complete 
| 189|0x000000008bd00000, 0x000000008be00000, 0x000000008be00000|100%|HC|  |TAMS 0x000000008be00000, 0x000000008be00000| Complete 
| 190|0x000000008be00000, 0x000000008bf00000, 0x000000008bf00000|100%| O|  |TAMS 0x000000008bf00000, 0x000000008bf00000| Untracked 
| 191|0x000000008bf00000, 0x000000008c000000, 0x000000008c000000|100%|HS|  |TAMS 0x000000008bf00000, 0x000000008bf00000| Complete 
| 192|0x000000008c000000, 0x000000008c100000, 0x000000008c100000|100%|HS|  |TAMS 0x000000008c100000, 0x000000008c100000| Complete 
| 193|0x000000008c100000, 0x000000008c200000, 0x000000008c200000|100%|HC|  |TAMS 0x000000008c200000, 0x000000008c200000| Complete 
| 194|0x000000008c200000, 0x000000008c300000, 0x000000008c300000|100%|HS|  |TAMS 0x000000008c300000, 0x000000008c300000| Complete 
| 195|0x000000008c300000, 0x000000008c400000, 0x000000008c400000|100%|HC|  |TAMS 0x000000008c400000, 0x000000008c400000| Complete 
| 196|0x000000008c400000, 0x000000008c500000, 0x000000008c500000|100%|HC|  |TAMS 0x000000008c500000, 0x000000008c500000| Complete 
| 197|0x000000008c500000, 0x000000008c600000, 0x000000008c600000|100%| O|  |TAMS 0x000000008c600000, 0x000000008c600000| Untracked 
| 198|0x000000008c600000, 0x000000008c700000, 0x000000008c700000|100%| O|  |TAMS 0x000000008c700000, 0x000000008c700000| Untracked 
| 199|0x000000008c700000, 0x000000008c800000, 0x000000008c800000|100%|HS|  |TAMS 0x000000008c800000, 0x000000008c800000| Complete 
| 200|0x000000008c800000, 0x000000008c900000, 0x000000008c900000|100%|HS|  |TAMS 0x000000008c900000, 0x000000008c900000| Complete 
| 201|0x000000008c900000, 0x000000008ca00000, 0x000000008ca00000|100%|HC|  |TAMS 0x000000008ca00000, 0x000000008ca00000| Complete 
| 202|0x000000008ca00000, 0x000000008cb00000, 0x000000008cb00000|100%| O|  |TAMS 0x000000008cb00000, 0x000000008cb00000| Untracked 
| 203|0x000000008cb00000, 0x000000008cc00000, 0x000000008cc00000|100%| O|  |TAMS 0x000000008cc00000, 0x000000008cc00000| Untracked 
| 204|0x000000008cc00000, 0x000000008cd00000, 0x000000008cd00000|100%| O|  |TAMS 0x000000008cd00000, 0x000000008cd00000| Untracked 
| 205|0x000000008cd00000, 0x000000008ce00000, 0x000000008ce00000|100%| O|  |TAMS 0x000000008ce00000, 0x000000008ce00000| Untracked 
| 206|0x000000008ce00000, 0x000000008cf00000, 0x000000008cf00000|100%| O|  |TAMS 0x000000008cf00000, 0x000000008cf00000| Untracked 
| 207|0x000000008cf00000, 0x000000008d000000, 0x000000008d000000|100%| O|  |TAMS 0x000000008d000000, 0x000000008d000000| Untracked 
| 208|0x000000008d000000, 0x000000008d100000, 0x000000008d100000|100%| O|  |TAMS 0x000000008d100000, 0x000000008d100000| Untracked 
| 209|0x000000008d100000, 0x000000008d200000, 0x000000008d200000|100%| O|  |TAMS 0x000000008d200000, 0x000000008d200000| Untracked 
| 210|0x000000008d200000, 0x000000008d300000, 0x000000008d300000|100%| O|  |TAMS 0x000000008d300000, 0x000000008d300000| Untracked 
| 211|0x000000008d300000, 0x000000008d400000, 0x000000008d400000|100%| O|  |TAMS 0x000000008d400000, 0x000000008d400000| Untracked 
| 212|0x000000008d400000, 0x000000008d500000, 0x000000008d500000|100%|HS|  |TAMS 0x000000008d500000, 0x000000008d500000| Complete 
| 213|0x000000008d500000, 0x000000008d600000, 0x000000008d600000|100%|HC|  |TAMS 0x000000008d600000, 0x000000008d600000| Complete 
| 214|0x000000008d600000, 0x000000008d700000, 0x000000008d700000|100%|HC|  |TAMS 0x000000008d700000, 0x000000008d700000| Complete 
| 215|0x000000008d700000, 0x000000008d800000, 0x000000008d800000|100%|HC|  |TAMS 0x000000008d800000, 0x000000008d800000| Complete 
| 216|0x000000008d800000, 0x000000008d900000, 0x000000008d900000|100%|HC|  |TAMS 0x000000008d900000, 0x000000008d900000| Complete 
| 217|0x000000008d900000, 0x000000008da00000, 0x000000008da00000|100%|HC|  |TAMS 0x000000008da00000, 0x000000008da00000| Complete 
| 218|0x000000008da00000, 0x000000008db00000, 0x000000008db00000|100%|HC|  |TAMS 0x000000008db00000, 0x000000008db00000| Complete 
| 219|0x000000008db00000, 0x000000008dc00000, 0x000000008dc00000|100%|HC|  |TAMS 0x000000008dc00000, 0x000000008dc00000| Complete 
| 220|0x000000008dc00000, 0x000000008dd00000, 0x000000008dd00000|100%|HC|  |TAMS 0x000000008dd00000, 0x000000008dd00000| Complete 
| 221|0x000000008dd00000, 0x000000008de00000, 0x000000008de00000|100%|HC|  |TAMS 0x000000008de00000, 0x000000008de00000| Complete 
| 222|0x000000008de00000, 0x000000008df00000, 0x000000008df00000|100%|HC|  |TAMS 0x000000008df00000, 0x000000008df00000| Complete 
| 223|0x000000008df00000, 0x000000008e000000, 0x000000008e000000|100%|HC|  |TAMS 0x000000008e000000, 0x000000008e000000| Complete 
| 224|0x000000008e000000, 0x000000008e100000, 0x000000008e100000|100%|HC|  |TAMS 0x000000008e100000, 0x000000008e100000| Complete 
| 225|0x000000008e100000, 0x000000008e200000, 0x000000008e200000|100%|HC|  |TAMS 0x000000008e200000, 0x000000008e200000| Complete 
| 226|0x000000008e200000, 0x000000008e300000, 0x000000008e300000|100%|HC|  |TAMS 0x000000008e300000, 0x000000008e300000| Complete 
| 227|0x000000008e300000, 0x000000008e400000, 0x000000008e400000|100%|HC|  |TAMS 0x000000008e400000, 0x000000008e400000| Complete 
| 228|0x000000008e400000, 0x000000008e500000, 0x000000008e500000|100%|HC|  |TAMS 0x000000008e500000, 0x000000008e500000| Complete 
| 229|0x000000008e500000, 0x000000008e600000, 0x000000008e600000|100%|HC|  |TAMS 0x000000008e600000, 0x000000008e600000| Complete 
| 230|0x000000008e600000, 0x000000008e700000, 0x000000008e700000|100%|HC|  |TAMS 0x000000008e700000, 0x000000008e700000| Complete 
| 231|0x000000008e700000, 0x000000008e800000, 0x000000008e800000|100%|HC|  |TAMS 0x000000008e800000, 0x000000008e800000| Complete 
| 232|0x000000008e800000, 0x000000008e900000, 0x000000008e900000|100%|HC|  |TAMS 0x000000008e900000, 0x000000008e900000| Complete 
| 233|0x000000008e900000, 0x000000008ea00000, 0x000000008ea00000|100%|HC|  |TAMS 0x000000008ea00000, 0x000000008ea00000| Complete 
| 234|0x000000008ea00000, 0x000000008eb00000, 0x000000008eb00000|100%|HC|  |TAMS 0x000000008eb00000, 0x000000008eb00000| Complete 
| 235|0x000000008eb00000, 0x000000008ec00000, 0x000000008ec00000|100%|HC|  |TAMS 0x000000008ec00000, 0x000000008ec00000| Complete 
| 236|0x000000008ec00000, 0x000000008ed00000, 0x000000008ed00000|100%|HC|  |TAMS 0x000000008ed00000, 0x000000008ed00000| Complete 
| 237|0x000000008ed00000, 0x000000008ee00000, 0x000000008ee00000|100%|HC|  |TAMS 0x000000008ee00000, 0x000000008ee00000| Complete 
| 238|0x000000008ee00000, 0x000000008ef00000, 0x000000008ef00000|100%|HC|  |TAMS 0x000000008ef00000, 0x000000008ef00000| Complete 
| 239|0x000000008ef00000, 0x000000008f000000, 0x000000008f000000|100%|HC|  |TAMS 0x000000008f000000, 0x000000008f000000| Complete 
| 240|0x000000008f000000, 0x000000008f100000, 0x000000008f100000|100%|HC|  |TAMS 0x000000008f100000, 0x000000008f100000| Complete 
| 241|0x000000008f100000, 0x000000008f200000, 0x000000008f200000|100%|HC|  |TAMS 0x000000008f200000, 0x000000008f200000| Complete 
| 242|0x000000008f200000, 0x000000008f300000, 0x000000008f300000|100%| O|  |TAMS 0x000000008f300000, 0x000000008f300000| Untracked 
| 243|0x000000008f300000, 0x000000008f400000, 0x000000008f400000|100%| O|  |TAMS 0x000000008f400000, 0x000000008f400000| Untracked 
| 244|0x000000008f400000, 0x000000008f500000, 0x000000008f500000|100%| O|  |TAMS 0x000000008f500000, 0x000000008f500000| Untracked 
| 245|0x000000008f500000, 0x000000008f600000, 0x000000008f600000|100%|HS|  |TAMS 0x000000008f500000, 0x000000008f600000| Complete 
| 246|0x000000008f600000, 0x000000008f700000, 0x000000008f700000|100%|HS|  |TAMS 0x000000008f600000, 0x000000008f700000| Complete 
| 247|0x000000008f700000, 0x000000008f800000, 0x000000008f800000|100%|HC|  |TAMS 0x000000008f700000, 0x000000008f800000| Complete 
| 248|0x000000008f800000, 0x000000008f900000, 0x000000008f900000|100%|HS|  |TAMS 0x000000008f800000, 0x000000008f900000| Complete 
| 249|0x000000008f900000, 0x000000008fa00000, 0x000000008fa00000|100%| O|  |TAMS 0x000000008fa00000, 0x000000008fa00000| Untracked 
| 250|0x000000008fa00000, 0x000000008fb00000, 0x000000008fb00000|100%| O|  |TAMS 0x000000008fb00000, 0x000000008fb00000| Untracked 
| 251|0x000000008fb00000, 0x000000008fc00000, 0x000000008fc00000|100%|HS|  |TAMS 0x000000008fc00000, 0x000000008fc00000| Complete 
| 252|0x000000008fc00000, 0x000000008fd00000, 0x000000008fd00000|100%|HC|  |TAMS 0x000000008fd00000, 0x000000008fd00000| Complete 
| 253|0x000000008fd00000, 0x000000008fe00000, 0x000000008fe00000|100%| O|  |TAMS 0x000000008fe00000, 0x000000008fe00000| Untracked 
| 254|0x000000008fe00000, 0x000000008ff00000, 0x000000008ff00000|100%| O|  |TAMS 0x000000008ff00000, 0x000000008ff00000| Untracked 
| 255|0x000000008ff00000, 0x0000000090000000, 0x0000000090000000|100%| O|  |TAMS 0x0000000090000000, 0x0000000090000000| Untracked 
| 256|0x0000000090000000, 0x0000000090100000, 0x0000000090100000|100%| O|  |TAMS 0x0000000090100000, 0x0000000090100000| Untracked 
| 257|0x0000000090100000, 0x0000000090200000, 0x0000000090200000|100%| O|  |TAMS 0x0000000090200000, 0x0000000090200000| Untracked 
| 258|0x0000000090200000, 0x0000000090300000, 0x0000000090300000|100%| O|  |TAMS 0x0000000090300000, 0x0000000090300000| Untracked 
| 259|0x0000000090300000, 0x0000000090400000, 0x0000000090400000|100%| O|  |TAMS 0x0000000090400000, 0x0000000090400000| Untracked 
| 260|0x0000000090400000, 0x0000000090500000, 0x0000000090500000|100%| O|  |TAMS 0x0000000090500000, 0x0000000090500000| Untracked 
| 261|0x0000000090500000, 0x0000000090600000, 0x0000000090600000|100%| O|  |TAMS 0x0000000090600000, 0x0000000090600000| Untracked 
| 262|0x0000000090600000, 0x0000000090700000, 0x0000000090700000|100%| O|  |TAMS 0x0000000090700000, 0x0000000090700000| Untracked 
| 263|0x0000000090700000, 0x0000000090800000, 0x0000000090800000|100%| O|  |TAMS 0x0000000090800000, 0x0000000090800000| Untracked 
| 264|0x0000000090800000, 0x0000000090900000, 0x0000000090900000|100%| O|  |TAMS 0x0000000090900000, 0x0000000090900000| Untracked 
| 265|0x0000000090900000, 0x0000000090a00000, 0x0000000090a00000|100%| O|  |TAMS 0x0000000090a00000, 0x0000000090a00000| Untracked 
| 266|0x0000000090a00000, 0x0000000090b00000, 0x0000000090b00000|100%| O|  |TAMS 0x0000000090b00000, 0x0000000090b00000| Untracked 
| 267|0x0000000090b00000, 0x0000000090c00000, 0x0000000090c00000|100%| O|  |TAMS 0x0000000090c00000, 0x0000000090c00000| Untracked 
| 268|0x0000000090c00000, 0x0000000090d00000, 0x0000000090d00000|100%| O|  |TAMS 0x0000000090d00000, 0x0000000090d00000| Untracked 
| 269|0x0000000090d00000, 0x0000000090e00000, 0x0000000090e00000|100%| O|  |TAMS 0x0000000090e00000, 0x0000000090e00000| Untracked 
| 270|0x0000000090e00000, 0x0000000090f00000, 0x0000000090f00000|100%| O|  |TAMS 0x0000000090f00000, 0x0000000090f00000| Untracked 
| 271|0x0000000090f00000, 0x0000000091000000, 0x0000000091000000|100%| O|  |TAMS 0x0000000091000000, 0x0000000091000000| Untracked 
| 272|0x0000000091000000, 0x0000000091100000, 0x0000000091100000|100%| O|  |TAMS 0x0000000091100000, 0x0000000091100000| Untracked 
| 273|0x0000000091100000, 0x0000000091200000, 0x0000000091200000|100%| O|  |TAMS 0x0000000091200000, 0x0000000091200000| Untracked 
| 274|0x0000000091200000, 0x0000000091300000, 0x0000000091300000|100%| O|  |TAMS 0x0000000091300000, 0x0000000091300000| Untracked 
| 275|0x0000000091300000, 0x0000000091400000, 0x0000000091400000|100%| O|  |TAMS 0x0000000091400000, 0x0000000091400000| Untracked 
| 276|0x0000000091400000, 0x0000000091500000, 0x0000000091500000|100%| O|  |TAMS 0x0000000091500000, 0x0000000091500000| Untracked 
| 277|0x0000000091500000, 0x0000000091600000, 0x0000000091600000|100%| O|  |TAMS 0x0000000091600000, 0x0000000091600000| Untracked 
| 278|0x0000000091600000, 0x0000000091700000, 0x0000000091700000|100%| O|  |TAMS 0x0000000091700000, 0x0000000091700000| Untracked 
| 279|0x0000000091700000, 0x0000000091800000, 0x0000000091800000|100%| O|  |TAMS 0x0000000091800000, 0x0000000091800000| Untracked 
| 280|0x0000000091800000, 0x0000000091900000, 0x0000000091900000|100%| O|  |TAMS 0x0000000091900000, 0x0000000091900000| Untracked 
| 281|0x0000000091900000, 0x0000000091a00000, 0x0000000091a00000|100%| O|  |TAMS 0x0000000091a00000, 0x0000000091a00000| Untracked 
| 282|0x0000000091a00000, 0x0000000091b00000, 0x0000000091b00000|100%| O|  |TAMS 0x0000000091b00000, 0x0000000091b00000| Untracked 
| 283|0x0000000091b00000, 0x0000000091b00000, 0x0000000091c00000|  0%| F|  |TAMS 0x0000000091b00000, 0x0000000091b00000| Untracked 
| 284|0x0000000091c00000, 0x0000000091d00000, 0x0000000091d00000|100%| O|  |TAMS 0x0000000091d00000, 0x0000000091d00000| Untracked 
| 285|0x0000000091d00000, 0x0000000091e00000, 0x0000000091e00000|100%| O|  |TAMS 0x0000000091e00000, 0x0000000091e00000| Untracked 
| 286|0x0000000091e00000, 0x0000000091f00000, 0x0000000091f00000|100%| O|  |TAMS 0x0000000091f00000, 0x0000000091f00000| Untracked 
| 287|0x0000000091f00000, 0x0000000092000000, 0x0000000092000000|100%| O|  |TAMS 0x0000000092000000, 0x0000000092000000| Untracked 
| 288|0x0000000092000000, 0x0000000092100000, 0x0000000092100000|100%| O|  |TAMS 0x0000000092100000, 0x0000000092100000| Untracked 
| 289|0x0000000092100000, 0x0000000092200000, 0x0000000092200000|100%|HS|  |TAMS 0x0000000092200000, 0x0000000092200000| Complete 
| 290|0x0000000092200000, 0x0000000092300000, 0x0000000092300000|100%|HC|  |TAMS 0x0000000092300000, 0x0000000092300000| Complete 
| 291|0x0000000092300000, 0x0000000092400000, 0x0000000092400000|100%|HC|  |TAMS 0x0000000092400000, 0x0000000092400000| Complete 
| 292|0x0000000092400000, 0x0000000092500000, 0x0000000092500000|100%| O|  |TAMS 0x0000000092500000, 0x0000000092500000| Untracked 
| 293|0x0000000092500000, 0x0000000092600000, 0x0000000092600000|100%| O|  |TAMS 0x0000000092600000, 0x0000000092600000| Untracked 
| 294|0x0000000092600000, 0x0000000092700000, 0x0000000092700000|100%| O|  |TAMS 0x0000000092700000, 0x0000000092700000| Untracked 
| 295|0x0000000092700000, 0x0000000092800000, 0x0000000092800000|100%| O|  |TAMS 0x0000000092800000, 0x0000000092800000| Untracked 
| 296|0x0000000092800000, 0x0000000092900000, 0x0000000092900000|100%| O|  |TAMS 0x0000000092900000, 0x0000000092900000| Untracked 
| 297|0x0000000092900000, 0x0000000092a00000, 0x0000000092a00000|100%| O|  |TAMS 0x0000000092a00000, 0x0000000092a00000| Untracked 
| 298|0x0000000092a00000, 0x0000000092b00000, 0x0000000092b00000|100%| O|  |TAMS 0x0000000092b00000, 0x0000000092b00000| Untracked 
| 299|0x0000000092b00000, 0x0000000092c00000, 0x0000000092c00000|100%| O|  |TAMS 0x0000000092c00000, 0x0000000092c00000| Untracked 
| 300|0x0000000092c00000, 0x0000000092d00000, 0x0000000092d00000|100%| O|  |TAMS 0x0000000092d00000, 0x0000000092d00000| Untracked 
| 301|0x0000000092d00000, 0x0000000092e00000, 0x0000000092e00000|100%| O|  |TAMS 0x0000000092e00000, 0x0000000092e00000| Untracked 
| 302|0x0000000092e00000, 0x0000000092f00000, 0x0000000092f00000|100%| O|  |TAMS 0x0000000092f00000, 0x0000000092f00000| Untracked 
| 303|0x0000000092f00000, 0x0000000093000000, 0x0000000093000000|100%| O|  |TAMS 0x0000000093000000, 0x0000000093000000| Untracked 
| 304|0x0000000093000000, 0x0000000093000000, 0x0000000093100000|  0%| F|  |TAMS 0x0000000093000000, 0x0000000093000000| Untracked 
| 305|0x0000000093100000, 0x0000000093200000, 0x0000000093200000|100%| O|  |TAMS 0x0000000093100000, 0x0000000093200000| Untracked 
| 306|0x0000000093200000, 0x0000000093200000, 0x0000000093300000|  0%| F|  |TAMS 0x0000000093200000, 0x0000000093200000| Untracked 
| 307|0x0000000093300000, 0x0000000093400000, 0x0000000093400000|100%| O|  |TAMS 0x0000000093400000, 0x0000000093400000| Untracked 
| 308|0x0000000093400000, 0x0000000093500000, 0x0000000093500000|100%|HS|  |TAMS 0x0000000093500000, 0x0000000093500000| Complete 
| 309|0x0000000093500000, 0x0000000093600000, 0x0000000093600000|100%|HC|  |TAMS 0x0000000093600000, 0x0000000093600000| Complete 
| 310|0x0000000093600000, 0x0000000093700000, 0x0000000093700000|100%| O|  |TAMS 0x0000000093600000, 0x0000000093700000| Untracked 
| 311|0x0000000093700000, 0x0000000093800000, 0x0000000093800000|100%|HS|  |TAMS 0x0000000093800000, 0x0000000093800000| Complete 
| 312|0x0000000093800000, 0x0000000093900000, 0x0000000093900000|100%|HS|  |TAMS 0x0000000093900000, 0x0000000093900000| Complete 
| 313|0x0000000093900000, 0x0000000093a00000, 0x0000000093a00000|100%|HC|  |TAMS 0x0000000093a00000, 0x0000000093a00000| Complete 
| 314|0x0000000093a00000, 0x0000000093b00000, 0x0000000093b00000|100%| O|  |TAMS 0x0000000093a00000, 0x0000000093b00000| Untracked 
| 315|0x0000000093b00000, 0x0000000093c00000, 0x0000000093c00000|100%|HS|  |TAMS 0x0000000093b00000, 0x0000000093c00000| Complete 
| 316|0x0000000093c00000, 0x0000000093d00000, 0x0000000093d00000|100%|HS|  |TAMS 0x0000000093c00000, 0x0000000093d00000| Complete 
| 317|0x0000000093d00000, 0x0000000093e00000, 0x0000000093e00000|100%|HS|  |TAMS 0x0000000093d00000, 0x0000000093e00000| Complete 
| 318|0x0000000093e00000, 0x0000000093f00000, 0x0000000093f00000|100%|HC|  |TAMS 0x0000000093e00000, 0x0000000093f00000| Complete 
| 319|0x0000000093f00000, 0x0000000094000000, 0x0000000094000000|100%| O|  |TAMS 0x0000000094000000, 0x0000000094000000| Untracked 
| 320|0x0000000094000000, 0x0000000094100000, 0x0000000094100000|100%| O|  |TAMS 0x0000000094100000, 0x0000000094100000| Untracked 
| 321|0x0000000094100000, 0x0000000094200000, 0x0000000094200000|100%| O|  |TAMS 0x0000000094200000, 0x0000000094200000| Untracked 
| 322|0x0000000094200000, 0x0000000094300000, 0x0000000094300000|100%| O|  |TAMS 0x0000000094300000, 0x0000000094300000| Untracked 
| 323|0x0000000094300000, 0x0000000094400000, 0x0000000094400000|100%| O|  |TAMS 0x0000000094400000, 0x0000000094400000| Untracked 
| 324|0x0000000094400000, 0x0000000094500000, 0x0000000094500000|100%| O|  |TAMS 0x0000000094500000, 0x0000000094500000| Untracked 
| 325|0x0000000094500000, 0x0000000094600000, 0x0000000094600000|100%| O|  |TAMS 0x0000000094600000, 0x0000000094600000| Untracked 
| 326|0x0000000094600000, 0x0000000094700000, 0x0000000094700000|100%| O|  |TAMS 0x0000000094700000, 0x0000000094700000| Untracked 
| 327|0x0000000094700000, 0x0000000094800000, 0x0000000094800000|100%|HS|  |TAMS 0x0000000094700000, 0x0000000094800000| Complete 
| 328|0x0000000094800000, 0x0000000094900000, 0x0000000094900000|100%|HS|  |TAMS 0x0000000094800000, 0x0000000094900000| Complete 
| 329|0x0000000094900000, 0x0000000094a00000, 0x0000000094a00000|100%|HS|  |TAMS 0x0000000094900000, 0x0000000094a00000| Complete 
| 330|0x0000000094a00000, 0x0000000094b00000, 0x0000000094b00000|100%| O|  |TAMS 0x0000000094b00000, 0x0000000094b00000| Untracked 
| 331|0x0000000094b00000, 0x0000000094c00000, 0x0000000094c00000|100%| O|  |TAMS 0x0000000094c00000, 0x0000000094c00000| Untracked 
| 332|0x0000000094c00000, 0x0000000094d00000, 0x0000000094d00000|100%| O|  |TAMS 0x0000000094d00000, 0x0000000094d00000| Untracked 
| 333|0x0000000094d00000, 0x0000000094e00000, 0x0000000094e00000|100%| O|  |TAMS 0x0000000094e00000, 0x0000000094e00000| Untracked 
| 334|0x0000000094e00000, 0x0000000094f00000, 0x0000000094f00000|100%| O|  |TAMS 0x0000000094f00000, 0x0000000094f00000| Untracked 
| 335|0x0000000094f00000, 0x0000000095000000, 0x0000000095000000|100%| O|  |TAMS 0x0000000095000000, 0x0000000095000000| Untracked 
| 336|0x0000000095000000, 0x0000000095100000, 0x0000000095100000|100%| O|  |TAMS 0x0000000095100000, 0x0000000095100000| Untracked 
| 337|0x0000000095100000, 0x0000000095200000, 0x0000000095200000|100%|HS|  |TAMS 0x0000000095100000, 0x0000000095200000| Complete 
| 338|0x0000000095200000, 0x0000000095300000, 0x0000000095300000|100%|HC|  |TAMS 0x0000000095200000, 0x0000000095300000| Complete 
| 339|0x0000000095300000, 0x0000000095400000, 0x0000000095400000|100%|HS|  |TAMS 0x0000000095300000, 0x0000000095400000| Complete 
| 340|0x0000000095400000, 0x0000000095500000, 0x0000000095500000|100%| O|  |TAMS 0x0000000095500000, 0x0000000095500000| Untracked 
| 341|0x0000000095500000, 0x0000000095600000, 0x0000000095600000|100%| O|  |TAMS 0x0000000095600000, 0x0000000095600000| Untracked 
| 342|0x0000000095600000, 0x0000000095700000, 0x0000000095700000|100%| O|  |TAMS 0x0000000095700000, 0x0000000095700000| Untracked 
| 343|0x0000000095700000, 0x0000000095800000, 0x0000000095800000|100%| O|  |TAMS 0x0000000095800000, 0x0000000095800000| Untracked 
| 344|0x0000000095800000, 0x0000000095900000, 0x0000000095900000|100%|HS|  |TAMS 0x0000000095800000, 0x0000000095900000| Complete 
| 345|0x0000000095900000, 0x0000000095a00000, 0x0000000095a00000|100%|HC|  |TAMS 0x0000000095900000, 0x0000000095a00000| Complete 
| 346|0x0000000095a00000, 0x0000000095b00000, 0x0000000095b00000|100%| O|  |TAMS 0x0000000095b00000, 0x0000000095b00000| Untracked 
| 347|0x0000000095b00000, 0x0000000095c00000, 0x0000000095c00000|100%| O|  |TAMS 0x0000000095c00000, 0x0000000095c00000| Untracked 
| 348|0x0000000095c00000, 0x0000000095d00000, 0x0000000095d00000|100%| O|  |TAMS 0x0000000095d00000, 0x0000000095d00000| Untracked 
| 349|0x0000000095d00000, 0x0000000095e00000, 0x0000000095e00000|100%| O|  |TAMS 0x0000000095e00000, 0x0000000095e00000| Untracked 
| 350|0x0000000095e00000, 0x0000000095f00000, 0x0000000095f00000|100%| O|  |TAMS 0x0000000095f00000, 0x0000000095f00000| Untracked 
| 351|0x0000000095f00000, 0x0000000096000000, 0x0000000096000000|100%|HS|  |TAMS 0x0000000096000000, 0x0000000096000000| Complete 
| 352|0x0000000096000000, 0x0000000096100000, 0x0000000096100000|100%|HC|  |TAMS 0x0000000096100000, 0x0000000096100000| Complete 
| 353|0x0000000096100000, 0x0000000096200000, 0x0000000096200000|100%| O|  |TAMS 0x0000000096200000, 0x0000000096200000| Untracked 
| 354|0x0000000096200000, 0x0000000096200000, 0x0000000096300000|  0%| F|  |TAMS 0x0000000096200000, 0x0000000096200000| Untracked 
| 355|0x0000000096300000, 0x0000000096400000, 0x0000000096400000|100%| O|  |TAMS 0x0000000096400000, 0x0000000096400000| Untracked 
| 356|0x0000000096400000, 0x0000000096500000, 0x0000000096500000|100%| O|  |TAMS 0x0000000096500000, 0x0000000096500000| Untracked 
| 357|0x0000000096500000, 0x0000000096600000, 0x0000000096600000|100%| O|  |TAMS 0x0000000096600000, 0x0000000096600000| Untracked 
| 358|0x0000000096600000, 0x0000000096700000, 0x0000000096700000|100%| O|  |TAMS 0x0000000096700000, 0x0000000096700000| Untracked 
| 359|0x0000000096700000, 0x0000000096800000, 0x0000000096800000|100%| O|  |TAMS 0x0000000096800000, 0x0000000096800000| Untracked 
| 360|0x0000000096800000, 0x0000000096900000, 0x0000000096900000|100%| O|  |TAMS 0x0000000096900000, 0x0000000096900000| Untracked 
| 361|0x0000000096900000, 0x0000000096a00000, 0x0000000096a00000|100%| O|  |TAMS 0x0000000096a00000, 0x0000000096a00000| Untracked 
| 362|0x0000000096a00000, 0x0000000096b00000, 0x0000000096b00000|100%| O|  |TAMS 0x0000000096b00000, 0x0000000096b00000| Untracked 
| 363|0x0000000096b00000, 0x0000000096c00000, 0x0000000096c00000|100%| O|  |TAMS 0x0000000096c00000, 0x0000000096c00000| Untracked 
| 364|0x0000000096c00000, 0x0000000096d00000, 0x0000000096d00000|100%| O|  |TAMS 0x0000000096c80000, 0x0000000096d00000| Untracked 
| 365|0x0000000096d00000, 0x0000000096e00000, 0x0000000096e00000|100%| O|  |TAMS 0x0000000096e00000, 0x0000000096e00000| Untracked 
| 366|0x0000000096e00000, 0x0000000096f00000, 0x0000000096f00000|100%| O|  |TAMS 0x0000000096f00000, 0x0000000096f00000| Untracked 
| 367|0x0000000096f00000, 0x0000000097000000, 0x0000000097000000|100%| O|  |TAMS 0x0000000097000000, 0x0000000097000000| Untracked 
| 368|0x0000000097000000, 0x0000000097100000, 0x0000000097100000|100%| O|  |TAMS 0x0000000097100000, 0x0000000097100000| Untracked 
| 369|0x0000000097100000, 0x0000000097200000, 0x0000000097200000|100%| O|  |TAMS 0x0000000097200000, 0x0000000097200000| Untracked 
| 370|0x0000000097200000, 0x0000000097300000, 0x0000000097300000|100%| O|  |TAMS 0x0000000097300000, 0x0000000097300000| Untracked 
| 371|0x0000000097300000, 0x0000000097400000, 0x0000000097400000|100%|HS|  |TAMS 0x0000000097300000, 0x0000000097400000| Complete 
| 372|0x0000000097400000, 0x0000000097500000, 0x0000000097500000|100%|HC|  |TAMS 0x0000000097400000, 0x0000000097500000| Complete 
| 373|0x0000000097500000, 0x0000000097600000, 0x0000000097600000|100%|HS|  |TAMS 0x0000000097500000, 0x0000000097600000| Complete 
| 374|0x0000000097600000, 0x0000000097700000, 0x0000000097700000|100%| O|  |TAMS 0x0000000097700000, 0x0000000097700000| Untracked 
| 375|0x0000000097700000, 0x0000000097800000, 0x0000000097800000|100%| O|  |TAMS 0x0000000097800000, 0x0000000097800000| Untracked 
| 376|0x0000000097800000, 0x0000000097900000, 0x0000000097900000|100%| O|  |TAMS 0x0000000097900000, 0x0000000097900000| Untracked 
| 377|0x0000000097900000, 0x0000000097a00000, 0x0000000097a00000|100%| O|  |TAMS 0x0000000097a00000, 0x0000000097a00000| Untracked 
| 378|0x0000000097a00000, 0x0000000097b00000, 0x0000000097b00000|100%| O|  |TAMS 0x0000000097b00000, 0x0000000097b00000| Untracked 
| 379|0x0000000097b00000, 0x0000000097c00000, 0x0000000097c00000|100%| O|  |TAMS 0x0000000097c00000, 0x0000000097c00000| Untracked 
| 380|0x0000000097c00000, 0x0000000097d00000, 0x0000000097d00000|100%|HS|  |TAMS 0x0000000097d00000, 0x0000000097d00000| Complete 
| 381|0x0000000097d00000, 0x0000000097e00000, 0x0000000097e00000|100%| O|  |TAMS 0x0000000097e00000, 0x0000000097e00000| Untracked 
| 382|0x0000000097e00000, 0x0000000097f00000, 0x0000000097f00000|100%| O|  |TAMS 0x0000000097f00000, 0x0000000097f00000| Untracked 
| 383|0x0000000097f00000, 0x0000000098000000, 0x0000000098000000|100%| O|  |TAMS 0x0000000098000000, 0x0000000098000000| Untracked 
| 384|0x0000000098000000, 0x0000000098100000, 0x0000000098100000|100%| O|  |TAMS 0x0000000098100000, 0x0000000098100000| Untracked 
| 385|0x0000000098100000, 0x0000000098200000, 0x0000000098200000|100%| O|  |TAMS 0x0000000098200000, 0x0000000098200000| Untracked 
| 386|0x0000000098200000, 0x0000000098300000, 0x0000000098300000|100%| O|  |TAMS 0x0000000098300000, 0x0000000098300000| Untracked 
| 387|0x0000000098300000, 0x0000000098400000, 0x0000000098400000|100%| O|  |TAMS 0x0000000098400000, 0x0000000098400000| Untracked 
| 388|0x0000000098400000, 0x0000000098500000, 0x0000000098500000|100%| O|  |TAMS 0x0000000098500000, 0x0000000098500000| Untracked 
| 389|0x0000000098500000, 0x0000000098600000, 0x0000000098600000|100%| O|  |TAMS 0x0000000098600000, 0x0000000098600000| Untracked 
| 390|0x0000000098600000, 0x0000000098700000, 0x0000000098700000|100%| O|  |TAMS 0x0000000098700000, 0x0000000098700000| Untracked 
| 391|0x0000000098700000, 0x0000000098800000, 0x0000000098800000|100%| O|  |TAMS 0x0000000098800000, 0x0000000098800000| Untracked 
| 392|0x0000000098800000, 0x0000000098900000, 0x0000000098900000|100%| O|  |TAMS 0x0000000098900000, 0x0000000098900000| Untracked 
| 393|0x0000000098900000, 0x0000000098a00000, 0x0000000098a00000|100%| O|  |TAMS 0x0000000098a00000, 0x0000000098a00000| Untracked 
| 394|0x0000000098a00000, 0x0000000098b00000, 0x0000000098b00000|100%| O|  |TAMS 0x0000000098b00000, 0x0000000098b00000| Untracked 
| 395|0x0000000098b00000, 0x0000000098c00000, 0x0000000098c00000|100%| O|  |TAMS 0x0000000098c00000, 0x0000000098c00000| Untracked 
| 396|0x0000000098c00000, 0x0000000098d00000, 0x0000000098d00000|100%| O|  |TAMS 0x0000000098d00000, 0x0000000098d00000| Untracked 
| 397|0x0000000098d00000, 0x0000000098e00000, 0x0000000098e00000|100%| O|  |TAMS 0x0000000098e00000, 0x0000000098e00000| Untracked 
| 398|0x0000000098e00000, 0x0000000098f00000, 0x0000000098f00000|100%| O|  |TAMS 0x0000000098f00000, 0x0000000098f00000| Untracked 
| 399|0x0000000098f00000, 0x0000000099000000, 0x0000000099000000|100%| O|  |TAMS 0x0000000099000000, 0x0000000099000000| Untracked 
| 400|0x0000000099000000, 0x0000000099100000, 0x0000000099100000|100%| O|  |TAMS 0x0000000099100000, 0x0000000099100000| Untracked 
| 401|0x0000000099100000, 0x0000000099200000, 0x0000000099200000|100%| O|  |TAMS 0x0000000099200000, 0x0000000099200000| Untracked 
| 402|0x0000000099200000, 0x0000000099300000, 0x0000000099300000|100%| O|  |TAMS 0x0000000099300000, 0x0000000099300000| Untracked 
| 403|0x0000000099300000, 0x0000000099400000, 0x0000000099400000|100%| O|  |TAMS 0x0000000099400000, 0x0000000099400000| Untracked 
| 404|0x0000000099400000, 0x0000000099500000, 0x0000000099500000|100%| O|  |TAMS 0x0000000099500000, 0x0000000099500000| Untracked 
| 405|0x0000000099500000, 0x0000000099600000, 0x0000000099600000|100%| O|  |TAMS 0x0000000099600000, 0x0000000099600000| Untracked 
| 406|0x0000000099600000, 0x0000000099700000, 0x0000000099700000|100%| O|  |TAMS 0x0000000099700000, 0x0000000099700000| Untracked 
| 407|0x0000000099700000, 0x0000000099800000, 0x0000000099800000|100%| O|  |TAMS 0x0000000099800000, 0x0000000099800000| Untracked 
| 408|0x0000000099800000, 0x0000000099900000, 0x0000000099900000|100%| O|  |TAMS 0x0000000099900000, 0x0000000099900000| Untracked 
| 409|0x0000000099900000, 0x0000000099a00000, 0x0000000099a00000|100%| O|  |TAMS 0x0000000099a00000, 0x0000000099a00000| Untracked 
| 410|0x0000000099a00000, 0x0000000099b00000, 0x0000000099b00000|100%| O|  |TAMS 0x0000000099a00000, 0x0000000099b00000| Untracked 
| 411|0x0000000099b00000, 0x0000000099c00000, 0x0000000099c00000|100%| O|  |TAMS 0x0000000099c00000, 0x0000000099c00000| Untracked 
| 412|0x0000000099c00000, 0x0000000099d00000, 0x0000000099d00000|100%| O|  |TAMS 0x0000000099c00000, 0x0000000099d00000| Untracked 
| 413|0x0000000099d00000, 0x0000000099e00000, 0x0000000099e00000|100%| O|  |TAMS 0x0000000099e00000, 0x0000000099e00000| Untracked 
| 414|0x0000000099e00000, 0x0000000099f00000, 0x0000000099f00000|100%| O|  |TAMS 0x0000000099f00000, 0x0000000099f00000| Untracked 
| 415|0x0000000099f00000, 0x000000009a000000, 0x000000009a000000|100%| O|  |TAMS 0x000000009a000000, 0x000000009a000000| Untracked 
| 416|0x000000009a000000, 0x000000009a100000, 0x000000009a100000|100%| O|  |TAMS 0x000000009a100000, 0x000000009a100000| Untracked 
| 417|0x000000009a100000, 0x000000009a200000, 0x000000009a200000|100%| O|  |TAMS 0x000000009a200000, 0x000000009a200000| Untracked 
| 418|0x000000009a200000, 0x000000009a300000, 0x000000009a300000|100%| O|  |TAMS 0x000000009a300000, 0x000000009a300000| Untracked 
| 419|0x000000009a300000, 0x000000009a400000, 0x000000009a400000|100%| O|  |TAMS 0x000000009a400000, 0x000000009a400000| Untracked 
| 420|0x000000009a400000, 0x000000009a500000, 0x000000009a500000|100%| O|  |TAMS 0x000000009a500000, 0x000000009a500000| Untracked 
| 421|0x000000009a500000, 0x000000009a600000, 0x000000009a600000|100%| O|  |TAMS 0x000000009a600000, 0x000000009a600000| Untracked 
| 422|0x000000009a600000, 0x000000009a700000, 0x000000009a700000|100%| O|  |TAMS 0x000000009a700000, 0x000000009a700000| Untracked 
| 423|0x000000009a700000, 0x000000009a800000, 0x000000009a800000|100%| O|  |TAMS 0x000000009a800000, 0x000000009a800000| Untracked 
| 424|0x000000009a800000, 0x000000009a900000, 0x000000009a900000|100%| O|  |TAMS 0x000000009a900000, 0x000000009a900000| Untracked 
| 425|0x000000009a900000, 0x000000009aa00000, 0x000000009aa00000|100%| O|  |TAMS 0x000000009aa00000, 0x000000009aa00000| Untracked 
| 426|0x000000009aa00000, 0x000000009ab00000, 0x000000009ab00000|100%| O|  |TAMS 0x000000009ab00000, 0x000000009ab00000| Untracked 
| 427|0x000000009ab00000, 0x000000009ac00000, 0x000000009ac00000|100%| O|  |TAMS 0x000000009ac00000, 0x000000009ac00000| Untracked 
| 428|0x000000009ac00000, 0x000000009ad00000, 0x000000009ad00000|100%| O|  |TAMS 0x000000009ad00000, 0x000000009ad00000| Untracked 
| 429|0x000000009ad00000, 0x000000009ae00000, 0x000000009ae00000|100%| O|  |TAMS 0x000000009ae00000, 0x000000009ae00000| Untracked 
| 430|0x000000009ae00000, 0x000000009af00000, 0x000000009af00000|100%| O|  |TAMS 0x000000009af00000, 0x000000009af00000| Untracked 
| 431|0x000000009af00000, 0x000000009b000000, 0x000000009b000000|100%| O|  |TAMS 0x000000009b000000, 0x000000009b000000| Untracked 
| 432|0x000000009b000000, 0x000000009b100000, 0x000000009b100000|100%| O|  |TAMS 0x000000009b100000, 0x000000009b100000| Untracked 
| 433|0x000000009b100000, 0x000000009b200000, 0x000000009b200000|100%| O|  |TAMS 0x000000009b200000, 0x000000009b200000| Untracked 
| 434|0x000000009b200000, 0x000000009b300000, 0x000000009b300000|100%| O|  |TAMS 0x000000009b300000, 0x000000009b300000| Untracked 
| 435|0x000000009b300000, 0x000000009b400000, 0x000000009b400000|100%| O|  |TAMS 0x000000009b400000, 0x000000009b400000| Untracked 
| 436|0x000000009b400000, 0x000000009b500000, 0x000000009b500000|100%| O|  |TAMS 0x000000009b500000, 0x000000009b500000| Untracked 
| 437|0x000000009b500000, 0x000000009b600000, 0x000000009b600000|100%| O|  |TAMS 0x000000009b600000, 0x000000009b600000| Untracked 
| 438|0x000000009b600000, 0x000000009b700000, 0x000000009b700000|100%| O|  |TAMS 0x000000009b700000, 0x000000009b700000| Untracked 
| 439|0x000000009b700000, 0x000000009b800000, 0x000000009b800000|100%| O|  |TAMS 0x000000009b800000, 0x000000009b800000| Untracked 
| 440|0x000000009b800000, 0x000000009b900000, 0x000000009b900000|100%| O|  |TAMS 0x000000009b900000, 0x000000009b900000| Untracked 
| 441|0x000000009b900000, 0x000000009ba00000, 0x000000009ba00000|100%| O|  |TAMS 0x000000009ba00000, 0x000000009ba00000| Untracked 
| 442|0x000000009ba00000, 0x000000009bb00000, 0x000000009bb00000|100%| O|  |TAMS 0x000000009bb00000, 0x000000009bb00000| Untracked 
| 443|0x000000009bb00000, 0x000000009bc00000, 0x000000009bc00000|100%| O|  |TAMS 0x000000009bc00000, 0x000000009bc00000| Untracked 
| 444|0x000000009bc00000, 0x000000009bd00000, 0x000000009bd00000|100%| O|  |TAMS 0x000000009bd00000, 0x000000009bd00000| Untracked 
| 445|0x000000009bd00000, 0x000000009be00000, 0x000000009be00000|100%| O|  |TAMS 0x000000009be00000, 0x000000009be00000| Untracked 
| 446|0x000000009be00000, 0x000000009bf00000, 0x000000009bf00000|100%| O|  |TAMS 0x000000009bf00000, 0x000000009bf00000| Untracked 
| 447|0x000000009bf00000, 0x000000009c000000, 0x000000009c000000|100%| O|  |TAMS 0x000000009bf00000, 0x000000009c000000| Untracked 
| 448|0x000000009c000000, 0x000000009c100000, 0x000000009c100000|100%| O|  |TAMS 0x000000009c000000, 0x000000009c100000| Untracked 
| 449|0x000000009c100000, 0x000000009c200000, 0x000000009c200000|100%| O|  |TAMS 0x000000009c200000, 0x000000009c200000| Untracked 
| 450|0x000000009c200000, 0x000000009c300000, 0x000000009c300000|100%| O|  |TAMS 0x000000009c300000, 0x000000009c300000| Untracked 
| 451|0x000000009c300000, 0x000000009c400000, 0x000000009c400000|100%| O|  |TAMS 0x000000009c400000, 0x000000009c400000| Untracked 
| 452|0x000000009c400000, 0x000000009c500000, 0x000000009c500000|100%| O|  |TAMS 0x000000009c500000, 0x000000009c500000| Untracked 
| 453|0x000000009c500000, 0x000000009c600000, 0x000000009c600000|100%| O|  |TAMS 0x000000009c600000, 0x000000009c600000| Untracked 
| 454|0x000000009c600000, 0x000000009c700000, 0x000000009c700000|100%| O|  |TAMS 0x000000009c700000, 0x000000009c700000| Untracked 
| 455|0x000000009c700000, 0x000000009c800000, 0x000000009c800000|100%| O|  |TAMS 0x000000009c800000, 0x000000009c800000| Untracked 
| 456|0x000000009c800000, 0x000000009c900000, 0x000000009c900000|100%| O|  |TAMS 0x000000009c900000, 0x000000009c900000| Untracked 
| 457|0x000000009c900000, 0x000000009ca00000, 0x000000009ca00000|100%| O|  |TAMS 0x000000009ca00000, 0x000000009ca00000| Untracked 
| 458|0x000000009ca00000, 0x000000009cb00000, 0x000000009cb00000|100%| O|  |TAMS 0x000000009ca00000, 0x000000009cb00000| Untracked 
| 459|0x000000009cb00000, 0x000000009cc00000, 0x000000009cc00000|100%| O|  |TAMS 0x000000009cc00000, 0x000000009cc00000| Untracked 
| 460|0x000000009cc00000, 0x000000009cd00000, 0x000000009cd00000|100%| O|  |TAMS 0x000000009cc00000, 0x000000009cd00000| Untracked 
| 461|0x000000009cd00000, 0x000000009ce00000, 0x000000009ce00000|100%| O|  |TAMS 0x000000009ce00000, 0x000000009ce00000| Untracked 
| 462|0x000000009ce00000, 0x000000009cf00000, 0x000000009cf00000|100%| O|  |TAMS 0x000000009cf00000, 0x000000009cf00000| Untracked 
| 463|0x000000009cf00000, 0x000000009d000000, 0x000000009d000000|100%| O|  |TAMS 0x000000009d000000, 0x000000009d000000| Untracked 
| 464|0x000000009d000000, 0x000000009d100000, 0x000000009d100000|100%| O|  |TAMS 0x000000009d100000, 0x000000009d100000| Untracked 
| 465|0x000000009d100000, 0x000000009d200000, 0x000000009d200000|100%| O|  |TAMS 0x000000009d200000, 0x000000009d200000| Untracked 
| 466|0x000000009d200000, 0x000000009d300000, 0x000000009d300000|100%| O|  |TAMS 0x000000009d300000, 0x000000009d300000| Untracked 
| 467|0x000000009d300000, 0x000000009d400000, 0x000000009d400000|100%| O|  |TAMS 0x000000009d400000, 0x000000009d400000| Untracked 
| 468|0x000000009d400000, 0x000000009d500000, 0x000000009d500000|100%| O|  |TAMS 0x000000009d500000, 0x000000009d500000| Untracked 
| 469|0x000000009d500000, 0x000000009d600000, 0x000000009d600000|100%| O|  |TAMS 0x000000009d600000, 0x000000009d600000| Untracked 
| 470|0x000000009d600000, 0x000000009d700000, 0x000000009d700000|100%| O|  |TAMS 0x000000009d700000, 0x000000009d700000| Untracked 
| 471|0x000000009d700000, 0x000000009d800000, 0x000000009d800000|100%| O|  |TAMS 0x000000009d800000, 0x000000009d800000| Untracked 
| 472|0x000000009d800000, 0x000000009d900000, 0x000000009d900000|100%| O|  |TAMS 0x000000009d900000, 0x000000009d900000| Untracked 
| 473|0x000000009d900000, 0x000000009da00000, 0x000000009da00000|100%| O|  |TAMS 0x000000009da00000, 0x000000009da00000| Untracked 
| 474|0x000000009da00000, 0x000000009db00000, 0x000000009db00000|100%| O|  |TAMS 0x000000009db00000, 0x000000009db00000| Untracked 
| 475|0x000000009db00000, 0x000000009dc00000, 0x000000009dc00000|100%| O|  |TAMS 0x000000009dc00000, 0x000000009dc00000| Untracked 
| 476|0x000000009dc00000, 0x000000009dd00000, 0x000000009dd00000|100%| O|  |TAMS 0x000000009dd00000, 0x000000009dd00000| Untracked 
| 477|0x000000009dd00000, 0x000000009de00000, 0x000000009de00000|100%| O|  |TAMS 0x000000009de00000, 0x000000009de00000| Untracked 
| 478|0x000000009de00000, 0x000000009df00000, 0x000000009df00000|100%| O|  |TAMS 0x000000009df00000, 0x000000009df00000| Untracked 
| 479|0x000000009df00000, 0x000000009e000000, 0x000000009e000000|100%| O|  |TAMS 0x000000009e000000, 0x000000009e000000| Untracked 
| 480|0x000000009e000000, 0x000000009e100000, 0x000000009e100000|100%| O|  |TAMS 0x000000009e100000, 0x000000009e100000| Untracked 
| 481|0x000000009e100000, 0x000000009e200000, 0x000000009e200000|100%| O|  |TAMS 0x000000009e200000, 0x000000009e200000| Untracked 
| 482|0x000000009e200000, 0x000000009e300000, 0x000000009e300000|100%| O|  |TAMS 0x000000009e300000, 0x000000009e300000| Untracked 
| 483|0x000000009e300000, 0x000000009e400000, 0x000000009e400000|100%| O|  |TAMS 0x000000009e400000, 0x000000009e400000| Untracked 
| 484|0x000000009e400000, 0x000000009e500000, 0x000000009e500000|100%| O|  |TAMS 0x000000009e500000, 0x000000009e500000| Untracked 
| 485|0x000000009e500000, 0x000000009e600000, 0x000000009e600000|100%| O|  |TAMS 0x000000009e600000, 0x000000009e600000| Untracked 
| 486|0x000000009e600000, 0x000000009e700000, 0x000000009e700000|100%| O|  |TAMS 0x000000009e700000, 0x000000009e700000| Untracked 
| 487|0x000000009e700000, 0x000000009e800000, 0x000000009e800000|100%| O|  |TAMS 0x000000009e800000, 0x000000009e800000| Untracked 
| 488|0x000000009e800000, 0x000000009e900000, 0x000000009e900000|100%| O|  |TAMS 0x000000009e900000, 0x000000009e900000| Untracked 
| 489|0x000000009e900000, 0x000000009ea00000, 0x000000009ea00000|100%| O|  |TAMS 0x000000009ea00000, 0x000000009ea00000| Untracked 
| 490|0x000000009ea00000, 0x000000009eb00000, 0x000000009eb00000|100%|HS|  |TAMS 0x000000009ea00000, 0x000000009eb00000| Complete 
| 491|0x000000009eb00000, 0x000000009ec00000, 0x000000009ec00000|100%|HC|  |TAMS 0x000000009eb00000, 0x000000009ec00000| Complete 
| 492|0x000000009ec00000, 0x000000009ed00000, 0x000000009ed00000|100%| O|  |TAMS 0x000000009ed00000, 0x000000009ed00000| Untracked 
| 493|0x000000009ed00000, 0x000000009ee00000, 0x000000009ee00000|100%| O|  |TAMS 0x000000009ee00000, 0x000000009ee00000| Untracked 
| 494|0x000000009ee00000, 0x000000009ef00000, 0x000000009ef00000|100%| O|  |TAMS 0x000000009ef00000, 0x000000009ef00000| Untracked 
| 495|0x000000009ef00000, 0x000000009f000000, 0x000000009f000000|100%| O|  |TAMS 0x000000009f000000, 0x000000009f000000| Untracked 
| 496|0x000000009f000000, 0x000000009f100000, 0x000000009f100000|100%| O|  |TAMS 0x000000009f000000, 0x000000009f100000| Untracked 
| 497|0x000000009f100000, 0x000000009f200000, 0x000000009f200000|100%| O|  |TAMS 0x000000009f200000, 0x000000009f200000| Untracked 
| 498|0x000000009f200000, 0x000000009f300000, 0x000000009f300000|100%| O|  |TAMS 0x000000009f300000, 0x000000009f300000| Untracked 
| 499|0x000000009f300000, 0x000000009f400000, 0x000000009f400000|100%| O|  |TAMS 0x000000009f400000, 0x000000009f400000| Untracked 
| 500|0x000000009f400000, 0x000000009f500000, 0x000000009f500000|100%| O|  |TAMS 0x000000009f500000, 0x000000009f500000| Untracked 
| 501|0x000000009f500000, 0x000000009f600000, 0x000000009f600000|100%| O|  |TAMS 0x000000009f600000, 0x000000009f600000| Untracked 
| 502|0x000000009f600000, 0x000000009f700000, 0x000000009f700000|100%| O|  |TAMS 0x000000009f700000, 0x000000009f700000| Untracked 
| 503|0x000000009f700000, 0x000000009f800000, 0x000000009f800000|100%| O|  |TAMS 0x000000009f700000, 0x000000009f800000| Untracked 
| 504|0x000000009f800000, 0x000000009f900000, 0x000000009f900000|100%| O|  |TAMS 0x000000009f900000, 0x000000009f900000| Untracked 
| 505|0x000000009f900000, 0x000000009fa00000, 0x000000009fa00000|100%| O|  |TAMS 0x000000009fa00000, 0x000000009fa00000| Untracked 
| 506|0x000000009fa00000, 0x000000009fb00000, 0x000000009fb00000|100%| O|  |TAMS 0x000000009fb00000, 0x000000009fb00000| Untracked 
| 507|0x000000009fb00000, 0x000000009fc00000, 0x000000009fc00000|100%| O|  |TAMS 0x000000009fc00000, 0x000000009fc00000| Untracked 
| 508|0x000000009fc00000, 0x000000009fd00000, 0x000000009fd00000|100%| O|  |TAMS 0x000000009fd00000, 0x000000009fd00000| Untracked 
| 509|0x000000009fd00000, 0x000000009fe00000, 0x000000009fe00000|100%| O|  |TAMS 0x000000009fe00000, 0x000000009fe00000| Untracked 
| 510|0x000000009fe00000, 0x000000009ff00000, 0x000000009ff00000|100%| O|  |TAMS 0x000000009ff00000, 0x000000009ff00000| Untracked 
| 511|0x000000009ff00000, 0x00000000a0000000, 0x00000000a0000000|100%| O|  |TAMS 0x00000000a0000000, 0x00000000a0000000| Untracked 
| 512|0x00000000a0000000, 0x00000000a0100000, 0x00000000a0100000|100%| O|  |TAMS 0x00000000a0100000, 0x00000000a0100000| Untracked 
| 513|0x00000000a0100000, 0x00000000a0100000, 0x00000000a0200000|  0%| F|  |TAMS 0x00000000a0100000, 0x00000000a0100000| Untracked 
| 514|0x00000000a0200000, 0x00000000a0300000, 0x00000000a0300000|100%| O|  |TAMS 0x00000000a0300000, 0x00000000a0300000| Untracked 
| 515|0x00000000a0300000, 0x00000000a0400000, 0x00000000a0400000|100%| O|  |TAMS 0x00000000a0400000, 0x00000000a0400000| Untracked 
| 516|0x00000000a0400000, 0x00000000a0500000, 0x00000000a0500000|100%| O|  |TAMS 0x00000000a0500000, 0x00000000a0500000| Untracked 
| 517|0x00000000a0500000, 0x00000000a0600000, 0x00000000a0600000|100%| O|  |TAMS 0x00000000a0600000, 0x00000000a0600000| Untracked 
| 518|0x00000000a0600000, 0x00000000a0700000, 0x00000000a0700000|100%| O|  |TAMS 0x00000000a0700000, 0x00000000a0700000| Untracked 
| 519|0x00000000a0700000, 0x00000000a0800000, 0x00000000a0800000|100%| O|  |TAMS 0x00000000a0800000, 0x00000000a0800000| Untracked 
| 520|0x00000000a0800000, 0x00000000a0800000, 0x00000000a0900000|  0%| F|  |TAMS 0x00000000a0800000, 0x00000000a0800000| Untracked 
| 521|0x00000000a0900000, 0x00000000a0a00000, 0x00000000a0a00000|100%| O|  |TAMS 0x00000000a0a00000, 0x00000000a0a00000| Untracked 
| 522|0x00000000a0a00000, 0x00000000a0b00000, 0x00000000a0b00000|100%| O|  |TAMS 0x00000000a0a00000, 0x00000000a0b00000| Untracked 
| 523|0x00000000a0b00000, 0x00000000a0c00000, 0x00000000a0c00000|100%| O|  |TAMS 0x00000000a0c00000, 0x00000000a0c00000| Untracked 
| 524|0x00000000a0c00000, 0x00000000a0d00000, 0x00000000a0d00000|100%| O|  |TAMS 0x00000000a0d00000, 0x00000000a0d00000| Untracked 
| 525|0x00000000a0d00000, 0x00000000a0e00000, 0x00000000a0e00000|100%| O|  |TAMS 0x00000000a0d00000, 0x00000000a0e00000| Untracked 
| 526|0x00000000a0e00000, 0x00000000a0f00000, 0x00000000a0f00000|100%| O|  |TAMS 0x00000000a0e00000, 0x00000000a0f00000| Untracked 
| 527|0x00000000a0f00000, 0x00000000a1000000, 0x00000000a1000000|100%| O|  |TAMS 0x00000000a1000000, 0x00000000a1000000| Untracked 
| 528|0x00000000a1000000, 0x00000000a1100000, 0x00000000a1100000|100%| O|  |TAMS 0x00000000a1000000, 0x00000000a1100000| Untracked 
| 529|0x00000000a1100000, 0x00000000a1200000, 0x00000000a1200000|100%| O|  |TAMS 0x00000000a1100000, 0x00000000a1200000| Untracked 
| 530|0x00000000a1200000, 0x00000000a1300000, 0x00000000a1300000|100%| O|  |TAMS 0x00000000a1300000, 0x00000000a1300000| Untracked 
| 531|0x00000000a1300000, 0x00000000a1400000, 0x00000000a1400000|100%| O|  |TAMS 0x00000000a1400000, 0x00000000a1400000| Untracked 
| 532|0x00000000a1400000, 0x00000000a1500000, 0x00000000a1500000|100%| O|  |TAMS 0x00000000a1500000, 0x00000000a1500000| Untracked 
| 533|0x00000000a1500000, 0x00000000a1600000, 0x00000000a1600000|100%| O|  |TAMS 0x00000000a1600000, 0x00000000a1600000| Untracked 
| 534|0x00000000a1600000, 0x00000000a1700000, 0x00000000a1700000|100%| O|  |TAMS 0x00000000a1700000, 0x00000000a1700000| Untracked 
| 535|0x00000000a1700000, 0x00000000a1800000, 0x00000000a1800000|100%| O|  |TAMS 0x00000000a1800000, 0x00000000a1800000| Untracked 
| 536|0x00000000a1800000, 0x00000000a1900000, 0x00000000a1900000|100%| O|  |TAMS 0x00000000a1900000, 0x00000000a1900000| Untracked 
| 537|0x00000000a1900000, 0x00000000a1a00000, 0x00000000a1a00000|100%| O|  |TAMS 0x00000000a1a00000, 0x00000000a1a00000| Untracked 
| 538|0x00000000a1a00000, 0x00000000a1b00000, 0x00000000a1b00000|100%| O|  |TAMS 0x00000000a1b00000, 0x00000000a1b00000| Untracked 
| 539|0x00000000a1b00000, 0x00000000a1c00000, 0x00000000a1c00000|100%| O|  |TAMS 0x00000000a1c00000, 0x00000000a1c00000| Untracked 
| 540|0x00000000a1c00000, 0x00000000a1d00000, 0x00000000a1d00000|100%|HS|  |TAMS 0x00000000a1c00000, 0x00000000a1d00000| Complete 
| 541|0x00000000a1d00000, 0x00000000a1e00000, 0x00000000a1e00000|100%|HC|  |TAMS 0x00000000a1d00000, 0x00000000a1e00000| Complete 
| 542|0x00000000a1e00000, 0x00000000a1f00000, 0x00000000a1f00000|100%|HC|  |TAMS 0x00000000a1e00000, 0x00000000a1f00000| Complete 
| 543|0x00000000a1f00000, 0x00000000a2000000, 0x00000000a2000000|100%| O|  |TAMS 0x00000000a1f00000, 0x00000000a2000000| Untracked 
| 544|0x00000000a2000000, 0x00000000a2100000, 0x00000000a2100000|100%| O|  |TAMS 0x00000000a2100000, 0x00000000a2100000| Untracked 
| 545|0x00000000a2100000, 0x00000000a2200000, 0x00000000a2200000|100%| O|  |TAMS 0x00000000a2200000, 0x00000000a2200000| Untracked 
| 546|0x00000000a2200000, 0x00000000a2300000, 0x00000000a2300000|100%| O|  |TAMS 0x00000000a2300000, 0x00000000a2300000| Untracked 
| 547|0x00000000a2300000, 0x00000000a2400000, 0x00000000a2400000|100%| O|  |TAMS 0x00000000a2400000, 0x00000000a2400000| Untracked 
| 548|0x00000000a2400000, 0x00000000a2500000, 0x00000000a2500000|100%| O|  |TAMS 0x00000000a2500000, 0x00000000a2500000| Untracked 
| 549|0x00000000a2500000, 0x00000000a2600000, 0x00000000a2600000|100%| O|  |TAMS 0x00000000a2600000, 0x00000000a2600000| Untracked 
| 550|0x00000000a2600000, 0x00000000a2700000, 0x00000000a2700000|100%| O|  |TAMS 0x00000000a2700000, 0x00000000a2700000| Untracked 
| 551|0x00000000a2700000, 0x00000000a2800000, 0x00000000a2800000|100%| O|  |TAMS 0x00000000a2800000, 0x00000000a2800000| Untracked 
| 552|0x00000000a2800000, 0x00000000a2900000, 0x00000000a2900000|100%| O|  |TAMS 0x00000000a2900000, 0x00000000a2900000| Untracked 
| 553|0x00000000a2900000, 0x00000000a2a00000, 0x00000000a2a00000|100%| O|  |TAMS 0x00000000a2a00000, 0x00000000a2a00000| Untracked 
| 554|0x00000000a2a00000, 0x00000000a2b00000, 0x00000000a2b00000|100%| O|  |TAMS 0x00000000a2b00000, 0x00000000a2b00000| Untracked 
| 555|0x00000000a2b00000, 0x00000000a2c00000, 0x00000000a2c00000|100%| O|  |TAMS 0x00000000a2c00000, 0x00000000a2c00000| Untracked 
| 556|0x00000000a2c00000, 0x00000000a2d00000, 0x00000000a2d00000|100%| O|  |TAMS 0x00000000a2d00000, 0x00000000a2d00000| Untracked 
| 557|0x00000000a2d00000, 0x00000000a2e00000, 0x00000000a2e00000|100%| O|  |TAMS 0x00000000a2e00000, 0x00000000a2e00000| Untracked 
| 558|0x00000000a2e00000, 0x00000000a2f00000, 0x00000000a2f00000|100%| O|  |TAMS 0x00000000a2f00000, 0x00000000a2f00000| Untracked 
| 559|0x00000000a2f00000, 0x00000000a3000000, 0x00000000a3000000|100%| O|  |TAMS 0x00000000a3000000, 0x00000000a3000000| Untracked 
| 560|0x00000000a3000000, 0x00000000a3100000, 0x00000000a3100000|100%| O|  |TAMS 0x00000000a3100000, 0x00000000a3100000| Untracked 
| 561|0x00000000a3100000, 0x00000000a3200000, 0x00000000a3200000|100%| O|  |TAMS 0x00000000a3200000, 0x00000000a3200000| Untracked 
| 562|0x00000000a3200000, 0x00000000a3300000, 0x00000000a3300000|100%| O|  |TAMS 0x00000000a3300000, 0x00000000a3300000| Untracked 
| 563|0x00000000a3300000, 0x00000000a3400000, 0x00000000a3400000|100%| O|  |TAMS 0x00000000a3400000, 0x00000000a3400000| Untracked 
| 564|0x00000000a3400000, 0x00000000a3500000, 0x00000000a3500000|100%| O|  |TAMS 0x00000000a3500000, 0x00000000a3500000| Untracked 
| 565|0x00000000a3500000, 0x00000000a3600000, 0x00000000a3600000|100%| O|  |TAMS 0x00000000a3600000, 0x00000000a3600000| Untracked 
| 566|0x00000000a3600000, 0x00000000a3700000, 0x00000000a3700000|100%| O|  |TAMS 0x00000000a3700000, 0x00000000a3700000| Untracked 
| 567|0x00000000a3700000, 0x00000000a3800000, 0x00000000a3800000|100%| O|  |TAMS 0x00000000a3800000, 0x00000000a3800000| Untracked 
| 568|0x00000000a3800000, 0x00000000a3900000, 0x00000000a3900000|100%| O|  |TAMS 0x00000000a3900000, 0x00000000a3900000| Untracked 
| 569|0x00000000a3900000, 0x00000000a3a00000, 0x00000000a3a00000|100%| O|  |TAMS 0x00000000a3a00000, 0x00000000a3a00000| Untracked 
| 570|0x00000000a3a00000, 0x00000000a3b00000, 0x00000000a3b00000|100%| O|  |TAMS 0x00000000a3b00000, 0x00000000a3b00000| Untracked 
| 571|0x00000000a3b00000, 0x00000000a3c00000, 0x00000000a3c00000|100%| O|  |TAMS 0x00000000a3c00000, 0x00000000a3c00000| Untracked 
| 572|0x00000000a3c00000, 0x00000000a3d00000, 0x00000000a3d00000|100%| O|  |TAMS 0x00000000a3d00000, 0x00000000a3d00000| Untracked 
| 573|0x00000000a3d00000, 0x00000000a3e00000, 0x00000000a3e00000|100%| O|  |TAMS 0x00000000a3e00000, 0x00000000a3e00000| Untracked 
| 574|0x00000000a3e00000, 0x00000000a3f00000, 0x00000000a3f00000|100%| O|  |TAMS 0x00000000a3f00000, 0x00000000a3f00000| Untracked 
| 575|0x00000000a3f00000, 0x00000000a4000000, 0x00000000a4000000|100%| O|  |TAMS 0x00000000a4000000, 0x00000000a4000000| Untracked 
| 576|0x00000000a4000000, 0x00000000a4100000, 0x00000000a4100000|100%| O|  |TAMS 0x00000000a4100000, 0x00000000a4100000| Untracked 
| 577|0x00000000a4100000, 0x00000000a4200000, 0x00000000a4200000|100%| O|  |TAMS 0x00000000a4200000, 0x00000000a4200000| Untracked 
| 578|0x00000000a4200000, 0x00000000a4300000, 0x00000000a4300000|100%| O|  |TAMS 0x00000000a4300000, 0x00000000a4300000| Untracked 
| 579|0x00000000a4300000, 0x00000000a4400000, 0x00000000a4400000|100%| O|  |TAMS 0x00000000a4400000, 0x00000000a4400000| Untracked 
| 580|0x00000000a4400000, 0x00000000a4500000, 0x00000000a4500000|100%| O|  |TAMS 0x00000000a4500000, 0x00000000a4500000| Untracked 
| 581|0x00000000a4500000, 0x00000000a4600000, 0x00000000a4600000|100%| O|  |TAMS 0x00000000a4600000, 0x00000000a4600000| Untracked 
| 582|0x00000000a4600000, 0x00000000a4700000, 0x00000000a4700000|100%| O|  |TAMS 0x00000000a4700000, 0x00000000a4700000| Untracked 
| 583|0x00000000a4700000, 0x00000000a4800000, 0x00000000a4800000|100%| O|  |TAMS 0x00000000a4700000, 0x00000000a4800000| Untracked 
| 584|0x00000000a4800000, 0x00000000a4900000, 0x00000000a4900000|100%| O|  |TAMS 0x00000000a4800000, 0x00000000a4900000| Untracked 
| 585|0x00000000a4900000, 0x00000000a4a00000, 0x00000000a4a00000|100%| O|  |TAMS 0x00000000a4a00000, 0x00000000a4a00000| Untracked 
| 586|0x00000000a4a00000, 0x00000000a4b00000, 0x00000000a4b00000|100%| O|  |TAMS 0x00000000a4b00000, 0x00000000a4b00000| Untracked 
| 587|0x00000000a4b00000, 0x00000000a4c00000, 0x00000000a4c00000|100%| O|  |TAMS 0x00000000a4c00000, 0x00000000a4c00000| Untracked 
| 588|0x00000000a4c00000, 0x00000000a4d00000, 0x00000000a4d00000|100%| O|  |TAMS 0x00000000a4d00000, 0x00000000a4d00000| Untracked 
| 589|0x00000000a4d00000, 0x00000000a4e00000, 0x00000000a4e00000|100%| O|  |TAMS 0x00000000a4e00000, 0x00000000a4e00000| Untracked 
| 590|0x00000000a4e00000, 0x00000000a4f00000, 0x00000000a4f00000|100%| O|  |TAMS 0x00000000a4e00000, 0x00000000a4f00000| Untracked 
| 591|0x00000000a4f00000, 0x00000000a5000000, 0x00000000a5000000|100%| O|  |TAMS 0x00000000a4f00000, 0x00000000a5000000| Untracked 
| 592|0x00000000a5000000, 0x00000000a5100000, 0x00000000a5100000|100%| O|  |TAMS 0x00000000a5100000, 0x00000000a5100000| Untracked 
| 593|0x00000000a5100000, 0x00000000a5200000, 0x00000000a5200000|100%| O|  |TAMS 0x00000000a5200000, 0x00000000a5200000| Untracked 
| 594|0x00000000a5200000, 0x00000000a5300000, 0x00000000a5300000|100%| O|  |TAMS 0x00000000a5300000, 0x00000000a5300000| Untracked 
| 595|0x00000000a5300000, 0x00000000a5400000, 0x00000000a5400000|100%| O|  |TAMS 0x00000000a5400000, 0x00000000a5400000| Untracked 
| 596|0x00000000a5400000, 0x00000000a5500000, 0x00000000a5500000|100%| O|  |TAMS 0x00000000a5400000, 0x00000000a5500000| Untracked 
| 597|0x00000000a5500000, 0x00000000a5600000, 0x00000000a5600000|100%| O|  |TAMS 0x00000000a5500000, 0x00000000a5600000| Untracked 
| 598|0x00000000a5600000, 0x00000000a5700000, 0x00000000a5700000|100%| O|  |TAMS 0x00000000a5700000, 0x00000000a5700000| Untracked 
| 599|0x00000000a5700000, 0x00000000a5800000, 0x00000000a5800000|100%| O|  |TAMS 0x00000000a5800000, 0x00000000a5800000| Untracked 
| 600|0x00000000a5800000, 0x00000000a5900000, 0x00000000a5900000|100%| O|  |TAMS 0x00000000a5900000, 0x00000000a5900000| Untracked 
| 601|0x00000000a5900000, 0x00000000a5a00000, 0x00000000a5a00000|100%| O|  |TAMS 0x00000000a5a00000, 0x00000000a5a00000| Untracked 
| 602|0x00000000a5a00000, 0x00000000a5b00000, 0x00000000a5b00000|100%| O|  |TAMS 0x00000000a5b00000, 0x00000000a5b00000| Untracked 
| 603|0x00000000a5b00000, 0x00000000a5c00000, 0x00000000a5c00000|100%| O|  |TAMS 0x00000000a5c00000, 0x00000000a5c00000| Untracked 
| 604|0x00000000a5c00000, 0x00000000a5d00000, 0x00000000a5d00000|100%| O|  |TAMS 0x00000000a5d00000, 0x00000000a5d00000| Untracked 
| 605|0x00000000a5d00000, 0x00000000a5e00000, 0x00000000a5e00000|100%| O|  |TAMS 0x00000000a5e00000, 0x00000000a5e00000| Untracked 
| 606|0x00000000a5e00000, 0x00000000a5f00000, 0x00000000a5f00000|100%| O|  |TAMS 0x00000000a5f00000, 0x00000000a5f00000| Untracked 
| 607|0x00000000a5f00000, 0x00000000a6000000, 0x00000000a6000000|100%| O|  |TAMS 0x00000000a5f00000, 0x00000000a6000000| Untracked 
| 608|0x00000000a6000000, 0x00000000a6100000, 0x00000000a6100000|100%| O|  |TAMS 0x00000000a6000000, 0x00000000a6100000| Untracked 
| 609|0x00000000a6100000, 0x00000000a6200000, 0x00000000a6200000|100%| O|  |TAMS 0x00000000a6100000, 0x00000000a6200000| Untracked 
| 610|0x00000000a6200000, 0x00000000a6300000, 0x00000000a6300000|100%| O|  |TAMS 0x00000000a6300000, 0x00000000a6300000| Untracked 
| 611|0x00000000a6300000, 0x00000000a6400000, 0x00000000a6400000|100%| O|  |TAMS 0x00000000a6300000, 0x00000000a6400000| Untracked 
| 612|0x00000000a6400000, 0x00000000a6500000, 0x00000000a6500000|100%| O|  |TAMS 0x00000000a6400000, 0x00000000a6500000| Untracked 
| 613|0x00000000a6500000, 0x00000000a65be600, 0x00000000a6600000| 74%| O|  |TAMS 0x00000000a6500000, 0x00000000a65be600| Untracked 
| 614|0x00000000a6600000, 0x00000000a6700000, 0x00000000a6700000|100%|HS|  |TAMS 0x00000000a6600000, 0x00000000a6600000| Complete 
| 615|0x00000000a6700000, 0x00000000a6800000, 0x00000000a6800000|100%|HC|  |TAMS 0x00000000a6700000, 0x00000000a6700000| Complete 
| 616|0x00000000a6800000, 0x00000000a6900000, 0x00000000a6900000|100%|HS|  |TAMS 0x00000000a6800000, 0x00000000a6800000| Complete 
| 617|0x00000000a6900000, 0x00000000a6a00000, 0x00000000a6a00000|100%|HC|  |TAMS 0x00000000a6900000, 0x00000000a6900000| Complete 
| 618|0x00000000a6a00000, 0x00000000a6b00000, 0x00000000a6b00000|100%|HS|  |TAMS 0x00000000a6a00000, 0x00000000a6a00000| Complete 
| 619|0x00000000a6b00000, 0x00000000a6c00000, 0x00000000a6c00000|100%|HC|  |TAMS 0x00000000a6b00000, 0x00000000a6b00000| Complete 
| 620|0x00000000a6c00000, 0x00000000a6d00000, 0x00000000a6d00000|100%|HC|  |TAMS 0x00000000a6c00000, 0x00000000a6c00000| Complete 
| 621|0x00000000a6d00000, 0x00000000a6e00000, 0x00000000a6e00000|100%|HC|  |TAMS 0x00000000a6d00000, 0x00000000a6d00000| Complete 
| 622|0x00000000a6e00000, 0x00000000a6f00000, 0x00000000a6f00000|100%|HC|  |TAMS 0x00000000a6e00000, 0x00000000a6e00000| Complete 
| 623|0x00000000a6f00000, 0x00000000a7000000, 0x00000000a7000000|100%|HC|  |TAMS 0x00000000a6f00000, 0x00000000a6f00000| Complete 
| 624|0x00000000a7000000, 0x00000000a7100000, 0x00000000a7100000|100%|HC|  |TAMS 0x00000000a7000000, 0x00000000a7000000| Complete 
| 625|0x00000000a7100000, 0x00000000a7100000, 0x00000000a7200000|  0%| F|  |TAMS 0x00000000a7100000, 0x00000000a7100000| Untracked 
| 626|0x00000000a7200000, 0x00000000a7200000, 0x00000000a7300000|  0%| F|  |TAMS 0x00000000a7200000, 0x00000000a7200000| Untracked 
| 627|0x00000000a7300000, 0x00000000a7300000, 0x00000000a7400000|  0%| F|  |TAMS 0x00000000a7300000, 0x00000000a7300000| Untracked 
| 628|0x00000000a7400000, 0x00000000a7400000, 0x00000000a7500000|  0%| F|  |TAMS 0x00000000a7400000, 0x00000000a7400000| Untracked 
| 629|0x00000000a7500000, 0x00000000a7500000, 0x00000000a7600000|  0%| F|  |TAMS 0x00000000a7500000, 0x00000000a7500000| Untracked 
| 630|0x00000000a7600000, 0x00000000a7600000, 0x00000000a7700000|  0%| F|  |TAMS 0x00000000a7600000, 0x00000000a7600000| Untracked 
| 631|0x00000000a7700000, 0x00000000a7700000, 0x00000000a7800000|  0%| F|  |TAMS 0x00000000a7700000, 0x00000000a7700000| Untracked 
| 632|0x00000000a7800000, 0x00000000a7800000, 0x00000000a7900000|  0%| F|  |TAMS 0x00000000a7800000, 0x00000000a7800000| Untracked 
| 633|0x00000000a7900000, 0x00000000a7900000, 0x00000000a7a00000|  0%| F|  |TAMS 0x00000000a7900000, 0x00000000a7900000| Untracked 
| 634|0x00000000a7a00000, 0x00000000a7a00000, 0x00000000a7b00000|  0%| F|  |TAMS 0x00000000a7a00000, 0x00000000a7a00000| Untracked 
| 635|0x00000000a7b00000, 0x00000000a7b00000, 0x00000000a7c00000|  0%| F|  |TAMS 0x00000000a7b00000, 0x00000000a7b00000| Untracked 
| 636|0x00000000a7c00000, 0x00000000a7c00000, 0x00000000a7d00000|  0%| F|  |TAMS 0x00000000a7c00000, 0x00000000a7c00000| Untracked 
| 637|0x00000000a7d00000, 0x00000000a7d00000, 0x00000000a7e00000|  0%| F|  |TAMS 0x00000000a7d00000, 0x00000000a7d00000| Untracked 
| 638|0x00000000a7e00000, 0x00000000a7e00000, 0x00000000a7f00000|  0%| F|  |TAMS 0x00000000a7e00000, 0x00000000a7e00000| Untracked 
| 639|0x00000000a7f00000, 0x00000000a7f00000, 0x00000000a8000000|  0%| F|  |TAMS 0x00000000a7f00000, 0x00000000a7f00000| Untracked 
| 640|0x00000000a8000000, 0x00000000a8000000, 0x00000000a8100000|  0%| F|  |TAMS 0x00000000a8000000, 0x00000000a8000000| Untracked 
| 641|0x00000000a8100000, 0x00000000a8100000, 0x00000000a8200000|  0%| F|  |TAMS 0x00000000a8100000, 0x00000000a8100000| Untracked 
| 642|0x00000000a8200000, 0x00000000a8200000, 0x00000000a8300000|  0%| F|  |TAMS 0x00000000a8200000, 0x00000000a8200000| Untracked 
| 643|0x00000000a8300000, 0x00000000a8300000, 0x00000000a8400000|  0%| F|  |TAMS 0x00000000a8300000, 0x00000000a8300000| Untracked 
| 644|0x00000000a8400000, 0x00000000a8400000, 0x00000000a8500000|  0%| F|  |TAMS 0x00000000a8400000, 0x00000000a8400000| Untracked 
| 645|0x00000000a8500000, 0x00000000a8500000, 0x00000000a8600000|  0%| F|  |TAMS 0x00000000a8500000, 0x00000000a8500000| Untracked 
| 646|0x00000000a8600000, 0x00000000a8600000, 0x00000000a8700000|  0%| F|  |TAMS 0x00000000a8600000, 0x00000000a8600000| Untracked 
| 647|0x00000000a8700000, 0x00000000a8700000, 0x00000000a8800000|  0%| F|  |TAMS 0x00000000a8700000, 0x00000000a8700000| Untracked 
| 648|0x00000000a8800000, 0x00000000a8800000, 0x00000000a8900000|  0%| F|  |TAMS 0x00000000a8800000, 0x00000000a8800000| Untracked 
| 649|0x00000000a8900000, 0x00000000a8900000, 0x00000000a8a00000|  0%| F|  |TAMS 0x00000000a8900000, 0x00000000a8900000| Untracked 
| 650|0x00000000a8a00000, 0x00000000a8a00000, 0x00000000a8b00000|  0%| F|  |TAMS 0x00000000a8a00000, 0x00000000a8a00000| Untracked 
| 651|0x00000000a8b00000, 0x00000000a8b00000, 0x00000000a8c00000|  0%| F|  |TAMS 0x00000000a8b00000, 0x00000000a8b00000| Untracked 
| 652|0x00000000a8c00000, 0x00000000a8c00000, 0x00000000a8d00000|  0%| F|  |TAMS 0x00000000a8c00000, 0x00000000a8c00000| Untracked 
| 653|0x00000000a8d00000, 0x00000000a8d00000, 0x00000000a8e00000|  0%| F|  |TAMS 0x00000000a8d00000, 0x00000000a8d00000| Untracked 
| 654|0x00000000a8e00000, 0x00000000a8e00000, 0x00000000a8f00000|  0%| F|  |TAMS 0x00000000a8e00000, 0x00000000a8e00000| Untracked 
| 655|0x00000000a8f00000, 0x00000000a8f00000, 0x00000000a9000000|  0%| F|  |TAMS 0x00000000a8f00000, 0x00000000a8f00000| Untracked 
| 656|0x00000000a9000000, 0x00000000a9000000, 0x00000000a9100000|  0%| F|  |TAMS 0x00000000a9000000, 0x00000000a9000000| Untracked 
| 657|0x00000000a9100000, 0x00000000a9100000, 0x00000000a9200000|  0%| F|  |TAMS 0x00000000a9100000, 0x00000000a9100000| Untracked 
| 658|0x00000000a9200000, 0x00000000a9200000, 0x00000000a9300000|  0%| F|  |TAMS 0x00000000a9200000, 0x00000000a9200000| Untracked 
| 659|0x00000000a9300000, 0x00000000a9300000, 0x00000000a9400000|  0%| F|  |TAMS 0x00000000a9300000, 0x00000000a9300000| Untracked 
| 660|0x00000000a9400000, 0x00000000a9400000, 0x00000000a9500000|  0%| F|  |TAMS 0x00000000a9400000, 0x00000000a9400000| Untracked 
| 661|0x00000000a9500000, 0x00000000a9500000, 0x00000000a9600000|  0%| F|  |TAMS 0x00000000a9500000, 0x00000000a9500000| Untracked 
| 662|0x00000000a9600000, 0x00000000a9600000, 0x00000000a9700000|  0%| F|  |TAMS 0x00000000a9600000, 0x00000000a9600000| Untracked 
| 663|0x00000000a9700000, 0x00000000a9700000, 0x00000000a9800000|  0%| F|  |TAMS 0x00000000a9700000, 0x00000000a9700000| Untracked 
| 664|0x00000000a9800000, 0x00000000a9800000, 0x00000000a9900000|  0%| F|  |TAMS 0x00000000a9800000, 0x00000000a9800000| Untracked 
| 665|0x00000000a9900000, 0x00000000a9900000, 0x00000000a9a00000|  0%| F|  |TAMS 0x00000000a9900000, 0x00000000a9900000| Untracked 
| 666|0x00000000a9a00000, 0x00000000a9a00000, 0x00000000a9b00000|  0%| F|  |TAMS 0x00000000a9a00000, 0x00000000a9a00000| Untracked 
| 667|0x00000000a9b00000, 0x00000000a9b00000, 0x00000000a9c00000|  0%| F|  |TAMS 0x00000000a9b00000, 0x00000000a9b00000| Untracked 
| 668|0x00000000a9c00000, 0x00000000a9c00000, 0x00000000a9d00000|  0%| F|  |TAMS 0x00000000a9c00000, 0x00000000a9c00000| Untracked 
| 669|0x00000000a9d00000, 0x00000000a9d00000, 0x00000000a9e00000|  0%| F|  |TAMS 0x00000000a9d00000, 0x00000000a9d00000| Untracked 
| 670|0x00000000a9e00000, 0x00000000a9e00000, 0x00000000a9f00000|  0%| F|  |TAMS 0x00000000a9e00000, 0x00000000a9e00000| Untracked 
| 671|0x00000000a9f00000, 0x00000000a9f00000, 0x00000000aa000000|  0%| F|  |TAMS 0x00000000a9f00000, 0x00000000a9f00000| Untracked 
| 672|0x00000000aa000000, 0x00000000aa000000, 0x00000000aa100000|  0%| F|  |TAMS 0x00000000aa000000, 0x00000000aa000000| Untracked 
| 673|0x00000000aa100000, 0x00000000aa100000, 0x00000000aa200000|  0%| F|  |TAMS 0x00000000aa100000, 0x00000000aa100000| Untracked 
| 674|0x00000000aa200000, 0x00000000aa200000, 0x00000000aa300000|  0%| F|  |TAMS 0x00000000aa200000, 0x00000000aa200000| Untracked 
| 675|0x00000000aa300000, 0x00000000aa300000, 0x00000000aa400000|  0%| F|  |TAMS 0x00000000aa300000, 0x00000000aa300000| Untracked 
| 676|0x00000000aa400000, 0x00000000aa400000, 0x00000000aa500000|  0%| F|  |TAMS 0x00000000aa400000, 0x00000000aa400000| Untracked 
| 677|0x00000000aa500000, 0x00000000aa500000, 0x00000000aa600000|  0%| F|  |TAMS 0x00000000aa500000, 0x00000000aa500000| Untracked 
| 678|0x00000000aa600000, 0x00000000aa600000, 0x00000000aa700000|  0%| F|  |TAMS 0x00000000aa600000, 0x00000000aa600000| Untracked 
| 679|0x00000000aa700000, 0x00000000aa700000, 0x00000000aa800000|  0%| F|  |TAMS 0x00000000aa700000, 0x00000000aa700000| Untracked 
| 680|0x00000000aa800000, 0x00000000aa800000, 0x00000000aa900000|  0%| F|  |TAMS 0x00000000aa800000, 0x00000000aa800000| Untracked 
| 681|0x00000000aa900000, 0x00000000aa900000, 0x00000000aaa00000|  0%| F|  |TAMS 0x00000000aa900000, 0x00000000aa900000| Untracked 
| 682|0x00000000aaa00000, 0x00000000aaa00000, 0x00000000aab00000|  0%| F|  |TAMS 0x00000000aaa00000, 0x00000000aaa00000| Untracked 
| 683|0x00000000aab00000, 0x00000000aab00000, 0x00000000aac00000|  0%| F|  |TAMS 0x00000000aab00000, 0x00000000aab00000| Untracked 
| 684|0x00000000aac00000, 0x00000000aac00000, 0x00000000aad00000|  0%| F|  |TAMS 0x00000000aac00000, 0x00000000aac00000| Untracked 
| 685|0x00000000aad00000, 0x00000000aad00000, 0x00000000aae00000|  0%| F|  |TAMS 0x00000000aad00000, 0x00000000aad00000| Untracked 
| 686|0x00000000aae00000, 0x00000000aae00000, 0x00000000aaf00000|  0%| F|  |TAMS 0x00000000aae00000, 0x00000000aae00000| Untracked 
| 687|0x00000000aaf00000, 0x00000000aaf00000, 0x00000000ab000000|  0%| F|  |TAMS 0x00000000aaf00000, 0x00000000aaf00000| Untracked 
| 688|0x00000000ab000000, 0x00000000ab000000, 0x00000000ab100000|  0%| F|  |TAMS 0x00000000ab000000, 0x00000000ab000000| Untracked 
| 689|0x00000000ab100000, 0x00000000ab100000, 0x00000000ab200000|  0%| F|  |TAMS 0x00000000ab100000, 0x00000000ab100000| Untracked 
| 690|0x00000000ab200000, 0x00000000ab200000, 0x00000000ab300000|  0%| F|  |TAMS 0x00000000ab200000, 0x00000000ab200000| Untracked 
| 691|0x00000000ab300000, 0x00000000ab300000, 0x00000000ab400000|  0%| F|  |TAMS 0x00000000ab300000, 0x00000000ab300000| Untracked 
| 692|0x00000000ab400000, 0x00000000ab400000, 0x00000000ab500000|  0%| F|  |TAMS 0x00000000ab400000, 0x00000000ab400000| Untracked 
| 693|0x00000000ab500000, 0x00000000ab500000, 0x00000000ab600000|  0%| F|  |TAMS 0x00000000ab500000, 0x00000000ab500000| Untracked 
| 694|0x00000000ab600000, 0x00000000ab600000, 0x00000000ab700000|  0%| F|  |TAMS 0x00000000ab600000, 0x00000000ab600000| Untracked 
| 695|0x00000000ab700000, 0x00000000ab700000, 0x00000000ab800000|  0%| F|  |TAMS 0x00000000ab700000, 0x00000000ab700000| Untracked 
| 696|0x00000000ab800000, 0x00000000ab800000, 0x00000000ab900000|  0%| F|  |TAMS 0x00000000ab800000, 0x00000000ab800000| Untracked 
| 697|0x00000000ab900000, 0x00000000ab900000, 0x00000000aba00000|  0%| F|  |TAMS 0x00000000ab900000, 0x00000000ab900000| Untracked 
| 698|0x00000000aba00000, 0x00000000aba00000, 0x00000000abb00000|  0%| F|  |TAMS 0x00000000aba00000, 0x00000000aba00000| Untracked 
| 699|0x00000000abb00000, 0x00000000abb00000, 0x00000000abc00000|  0%| F|  |TAMS 0x00000000abb00000, 0x00000000abb00000| Untracked 
| 700|0x00000000abc00000, 0x00000000abc00000, 0x00000000abd00000|  0%| F|  |TAMS 0x00000000abc00000, 0x00000000abc00000| Untracked 
| 701|0x00000000abd00000, 0x00000000abd00000, 0x00000000abe00000|  0%| F|  |TAMS 0x00000000abd00000, 0x00000000abd00000| Untracked 
| 702|0x00000000abe00000, 0x00000000abe00000, 0x00000000abf00000|  0%| F|  |TAMS 0x00000000abe00000, 0x00000000abe00000| Untracked 
| 703|0x00000000abf00000, 0x00000000abf00000, 0x00000000ac000000|  0%| F|  |TAMS 0x00000000abf00000, 0x00000000abf00000| Untracked 
| 704|0x00000000ac000000, 0x00000000ac000000, 0x00000000ac100000|  0%| F|  |TAMS 0x00000000ac000000, 0x00000000ac000000| Untracked 
| 705|0x00000000ac100000, 0x00000000ac100000, 0x00000000ac200000|  0%| F|  |TAMS 0x00000000ac100000, 0x00000000ac100000| Untracked 
| 706|0x00000000ac200000, 0x00000000ac200000, 0x00000000ac300000|  0%| F|  |TAMS 0x00000000ac200000, 0x00000000ac200000| Untracked 
| 707|0x00000000ac300000, 0x00000000ac300000, 0x00000000ac400000|  0%| F|  |TAMS 0x00000000ac300000, 0x00000000ac300000| Untracked 
| 708|0x00000000ac400000, 0x00000000ac400000, 0x00000000ac500000|  0%| F|  |TAMS 0x00000000ac400000, 0x00000000ac400000| Untracked 
| 709|0x00000000ac500000, 0x00000000ac500000, 0x00000000ac600000|  0%| F|  |TAMS 0x00000000ac500000, 0x00000000ac500000| Untracked 
| 710|0x00000000ac600000, 0x00000000ac600000, 0x00000000ac700000|  0%| F|  |TAMS 0x00000000ac600000, 0x00000000ac600000| Untracked 
| 711|0x00000000ac700000, 0x00000000ac700000, 0x00000000ac800000|  0%| F|  |TAMS 0x00000000ac700000, 0x00000000ac700000| Untracked 
| 712|0x00000000ac800000, 0x00000000ac800000, 0x00000000ac900000|  0%| F|  |TAMS 0x00000000ac800000, 0x00000000ac800000| Untracked 
| 713|0x00000000ac900000, 0x00000000ac900000, 0x00000000aca00000|  0%| F|  |TAMS 0x00000000ac900000, 0x00000000ac900000| Untracked 
| 714|0x00000000aca00000, 0x00000000aca00000, 0x00000000acb00000|  0%| F|  |TAMS 0x00000000aca00000, 0x00000000aca00000| Untracked 
| 715|0x00000000acb00000, 0x00000000acb00000, 0x00000000acc00000|  0%| F|  |TAMS 0x00000000acb00000, 0x00000000acb00000| Untracked 
| 716|0x00000000acc00000, 0x00000000acc00000, 0x00000000acd00000|  0%| F|  |TAMS 0x00000000acc00000, 0x00000000acc00000| Untracked 
| 717|0x00000000acd00000, 0x00000000acd00000, 0x00000000ace00000|  0%| F|  |TAMS 0x00000000acd00000, 0x00000000acd00000| Untracked 
| 718|0x00000000ace00000, 0x00000000ace00000, 0x00000000acf00000|  0%| F|  |TAMS 0x00000000ace00000, 0x00000000ace00000| Untracked 
| 719|0x00000000acf00000, 0x00000000acf00000, 0x00000000ad000000|  0%| F|  |TAMS 0x00000000acf00000, 0x00000000acf00000| Untracked 
| 720|0x00000000ad000000, 0x00000000ad000000, 0x00000000ad100000|  0%| F|  |TAMS 0x00000000ad000000, 0x00000000ad000000| Untracked 
| 721|0x00000000ad100000, 0x00000000ad100000, 0x00000000ad200000|  0%| F|  |TAMS 0x00000000ad100000, 0x00000000ad100000| Untracked 
| 722|0x00000000ad200000, 0x00000000ad200000, 0x00000000ad300000|  0%| F|  |TAMS 0x00000000ad200000, 0x00000000ad200000| Untracked 
| 723|0x00000000ad300000, 0x00000000ad300000, 0x00000000ad400000|  0%| F|  |TAMS 0x00000000ad300000, 0x00000000ad300000| Untracked 
| 724|0x00000000ad400000, 0x00000000ad400000, 0x00000000ad500000|  0%| F|  |TAMS 0x00000000ad400000, 0x00000000ad400000| Untracked 
| 725|0x00000000ad500000, 0x00000000ad500000, 0x00000000ad600000|  0%| F|  |TAMS 0x00000000ad500000, 0x00000000ad500000| Untracked 
| 726|0x00000000ad600000, 0x00000000ad600000, 0x00000000ad700000|  0%| F|  |TAMS 0x00000000ad600000, 0x00000000ad600000| Untracked 
| 727|0x00000000ad700000, 0x00000000ad700000, 0x00000000ad800000|  0%| F|  |TAMS 0x00000000ad700000, 0x00000000ad700000| Untracked 
| 728|0x00000000ad800000, 0x00000000ad800000, 0x00000000ad900000|  0%| F|  |TAMS 0x00000000ad800000, 0x00000000ad800000| Untracked 
| 729|0x00000000ad900000, 0x00000000ad900000, 0x00000000ada00000|  0%| F|  |TAMS 0x00000000ad900000, 0x00000000ad900000| Untracked 
| 730|0x00000000ada00000, 0x00000000ada00000, 0x00000000adb00000|  0%| F|  |TAMS 0x00000000ada00000, 0x00000000ada00000| Untracked 
| 731|0x00000000adb00000, 0x00000000adb00000, 0x00000000adc00000|  0%| F|  |TAMS 0x00000000adb00000, 0x00000000adb00000| Untracked 
| 732|0x00000000adc00000, 0x00000000adc00000, 0x00000000add00000|  0%| F|  |TAMS 0x00000000adc00000, 0x00000000adc00000| Untracked 
| 733|0x00000000add00000, 0x00000000add00000, 0x00000000ade00000|  0%| F|  |TAMS 0x00000000add00000, 0x00000000add00000| Untracked 
| 734|0x00000000ade00000, 0x00000000ade00000, 0x00000000adf00000|  0%| F|  |TAMS 0x00000000ade00000, 0x00000000ade00000| Untracked 
| 735|0x00000000adf00000, 0x00000000adf00000, 0x00000000ae000000|  0%| F|  |TAMS 0x00000000adf00000, 0x00000000adf00000| Untracked 
| 736|0x00000000ae000000, 0x00000000ae000000, 0x00000000ae100000|  0%| F|  |TAMS 0x00000000ae000000, 0x00000000ae000000| Untracked 
| 737|0x00000000ae100000, 0x00000000ae100000, 0x00000000ae200000|  0%| F|  |TAMS 0x00000000ae100000, 0x00000000ae100000| Untracked 
| 738|0x00000000ae200000, 0x00000000ae200000, 0x00000000ae300000|  0%| F|  |TAMS 0x00000000ae200000, 0x00000000ae200000| Untracked 
| 739|0x00000000ae300000, 0x00000000ae300000, 0x00000000ae400000|  0%| F|  |TAMS 0x00000000ae300000, 0x00000000ae300000| Untracked 
| 740|0x00000000ae400000, 0x00000000ae400000, 0x00000000ae500000|  0%| F|  |TAMS 0x00000000ae400000, 0x00000000ae400000| Untracked 
| 741|0x00000000ae500000, 0x00000000ae500000, 0x00000000ae600000|  0%| F|  |TAMS 0x00000000ae500000, 0x00000000ae500000| Untracked 
| 742|0x00000000ae600000, 0x00000000ae600000, 0x00000000ae700000|  0%| F|  |TAMS 0x00000000ae600000, 0x00000000ae600000| Untracked 
| 743|0x00000000ae700000, 0x00000000ae700000, 0x00000000ae800000|  0%| F|  |TAMS 0x00000000ae700000, 0x00000000ae700000| Untracked 
| 744|0x00000000ae800000, 0x00000000ae800000, 0x00000000ae900000|  0%| F|  |TAMS 0x00000000ae800000, 0x00000000ae800000| Untracked 
| 745|0x00000000ae900000, 0x00000000ae900000, 0x00000000aea00000|  0%| F|  |TAMS 0x00000000ae900000, 0x00000000ae900000| Untracked 
| 746|0x00000000aea00000, 0x00000000aea00000, 0x00000000aeb00000|  0%| F|  |TAMS 0x00000000aea00000, 0x00000000aea00000| Untracked 
| 747|0x00000000aeb00000, 0x00000000aeb00000, 0x00000000aec00000|  0%| F|  |TAMS 0x00000000aeb00000, 0x00000000aeb00000| Untracked 
| 748|0x00000000aec00000, 0x00000000aec00000, 0x00000000aed00000|  0%| F|  |TAMS 0x00000000aec00000, 0x00000000aec00000| Untracked 
| 749|0x00000000aed00000, 0x00000000aed00000, 0x00000000aee00000|  0%| F|  |TAMS 0x00000000aed00000, 0x00000000aed00000| Untracked 
| 750|0x00000000aee00000, 0x00000000aee00000, 0x00000000aef00000|  0%| F|  |TAMS 0x00000000aee00000, 0x00000000aee00000| Untracked 
| 751|0x00000000aef00000, 0x00000000aef00000, 0x00000000af000000|  0%| F|  |TAMS 0x00000000aef00000, 0x00000000aef00000| Untracked 
| 752|0x00000000af000000, 0x00000000af000000, 0x00000000af100000|  0%| F|  |TAMS 0x00000000af000000, 0x00000000af000000| Untracked 
| 753|0x00000000af100000, 0x00000000af100000, 0x00000000af200000|  0%| F|  |TAMS 0x00000000af100000, 0x00000000af100000| Untracked 
| 754|0x00000000af200000, 0x00000000af200000, 0x00000000af300000|  0%| F|  |TAMS 0x00000000af200000, 0x00000000af200000| Untracked 
| 755|0x00000000af300000, 0x00000000af300000, 0x00000000af400000|  0%| F|  |TAMS 0x00000000af300000, 0x00000000af300000| Untracked 
| 756|0x00000000af400000, 0x00000000af400000, 0x00000000af500000|  0%| F|  |TAMS 0x00000000af400000, 0x00000000af400000| Untracked 
| 757|0x00000000af500000, 0x00000000af500000, 0x00000000af600000|  0%| F|  |TAMS 0x00000000af500000, 0x00000000af500000| Untracked 
| 758|0x00000000af600000, 0x00000000af600000, 0x00000000af700000|  0%| F|  |TAMS 0x00000000af600000, 0x00000000af600000| Untracked 
| 759|0x00000000af700000, 0x00000000af700000, 0x00000000af800000|  0%| F|  |TAMS 0x00000000af700000, 0x00000000af700000| Untracked 
| 760|0x00000000af800000, 0x00000000af800000, 0x00000000af900000|  0%| F|  |TAMS 0x00000000af800000, 0x00000000af800000| Untracked 
| 761|0x00000000af900000, 0x00000000af900000, 0x00000000afa00000|  0%| F|  |TAMS 0x00000000af900000, 0x00000000af900000| Untracked 
| 762|0x00000000afa00000, 0x00000000afa00000, 0x00000000afb00000|  0%| F|  |TAMS 0x00000000afa00000, 0x00000000afa00000| Untracked 
| 763|0x00000000afb00000, 0x00000000afb00000, 0x00000000afc00000|  0%| F|  |TAMS 0x00000000afb00000, 0x00000000afb00000| Untracked 
| 764|0x00000000afc00000, 0x00000000afc00000, 0x00000000afd00000|  0%| F|  |TAMS 0x00000000afc00000, 0x00000000afc00000| Untracked 
| 765|0x00000000afd00000, 0x00000000afd00000, 0x00000000afe00000|  0%| F|  |TAMS 0x00000000afd00000, 0x00000000afd00000| Untracked 
| 766|0x00000000afe00000, 0x00000000afe00000, 0x00000000aff00000|  0%| F|  |TAMS 0x00000000afe00000, 0x00000000afe00000| Untracked 
| 767|0x00000000aff00000, 0x00000000aff00000, 0x00000000b0000000|  0%| F|  |TAMS 0x00000000aff00000, 0x00000000aff00000| Untracked 
| 768|0x00000000b0000000, 0x00000000b0000000, 0x00000000b0100000|  0%| F|  |TAMS 0x00000000b0000000, 0x00000000b0000000| Untracked 
| 769|0x00000000b0100000, 0x00000000b0100000, 0x00000000b0200000|  0%| F|  |TAMS 0x00000000b0100000, 0x00000000b0100000| Untracked 
| 770|0x00000000b0200000, 0x00000000b0200000, 0x00000000b0300000|  0%| F|  |TAMS 0x00000000b0200000, 0x00000000b0200000| Untracked 
| 771|0x00000000b0300000, 0x00000000b0300000, 0x00000000b0400000|  0%| F|  |TAMS 0x00000000b0300000, 0x00000000b0300000| Untracked 
| 772|0x00000000b0400000, 0x00000000b0400000, 0x00000000b0500000|  0%| F|  |TAMS 0x00000000b0400000, 0x00000000b0400000| Untracked 
| 773|0x00000000b0500000, 0x00000000b0500000, 0x00000000b0600000|  0%| F|  |TAMS 0x00000000b0500000, 0x00000000b0500000| Untracked 
| 774|0x00000000b0600000, 0x00000000b0600000, 0x00000000b0700000|  0%| F|  |TAMS 0x00000000b0600000, 0x00000000b0600000| Untracked 
| 775|0x00000000b0700000, 0x00000000b0700000, 0x00000000b0800000|  0%| F|  |TAMS 0x00000000b0700000, 0x00000000b0700000| Untracked 
| 776|0x00000000b0800000, 0x00000000b0800000, 0x00000000b0900000|  0%| F|  |TAMS 0x00000000b0800000, 0x00000000b0800000| Untracked 
| 777|0x00000000b0900000, 0x00000000b0900000, 0x00000000b0a00000|  0%| F|  |TAMS 0x00000000b0900000, 0x00000000b0900000| Untracked 
| 778|0x00000000b0a00000, 0x00000000b0a00000, 0x00000000b0b00000|  0%| F|  |TAMS 0x00000000b0a00000, 0x00000000b0a00000| Untracked 
| 779|0x00000000b0b00000, 0x00000000b0b00000, 0x00000000b0c00000|  0%| F|  |TAMS 0x00000000b0b00000, 0x00000000b0b00000| Untracked 
| 780|0x00000000b0c00000, 0x00000000b0c00000, 0x00000000b0d00000|  0%| F|  |TAMS 0x00000000b0c00000, 0x00000000b0c00000| Untracked 
| 781|0x00000000b0d00000, 0x00000000b0d00000, 0x00000000b0e00000|  0%| F|  |TAMS 0x00000000b0d00000, 0x00000000b0d00000| Untracked 
| 782|0x00000000b0e00000, 0x00000000b0e00000, 0x00000000b0f00000|  0%| F|  |TAMS 0x00000000b0e00000, 0x00000000b0e00000| Untracked 
| 783|0x00000000b0f00000, 0x00000000b0f00000, 0x00000000b1000000|  0%| F|  |TAMS 0x00000000b0f00000, 0x00000000b0f00000| Untracked 
| 784|0x00000000b1000000, 0x00000000b1000000, 0x00000000b1100000|  0%| F|  |TAMS 0x00000000b1000000, 0x00000000b1000000| Untracked 
| 785|0x00000000b1100000, 0x00000000b1100000, 0x00000000b1200000|  0%| F|  |TAMS 0x00000000b1100000, 0x00000000b1100000| Untracked 
| 786|0x00000000b1200000, 0x00000000b1200000, 0x00000000b1300000|  0%| F|  |TAMS 0x00000000b1200000, 0x00000000b1200000| Untracked 
| 787|0x00000000b1300000, 0x00000000b1300000, 0x00000000b1400000|  0%| F|  |TAMS 0x00000000b1300000, 0x00000000b1300000| Untracked 
| 788|0x00000000b1400000, 0x00000000b1400000, 0x00000000b1500000|  0%| F|  |TAMS 0x00000000b1400000, 0x00000000b1400000| Untracked 
| 789|0x00000000b1500000, 0x00000000b1500000, 0x00000000b1600000|  0%| F|  |TAMS 0x00000000b1500000, 0x00000000b1500000| Untracked 
| 790|0x00000000b1600000, 0x00000000b1600000, 0x00000000b1700000|  0%| F|  |TAMS 0x00000000b1600000, 0x00000000b1600000| Untracked 
| 791|0x00000000b1700000, 0x00000000b1700000, 0x00000000b1800000|  0%| F|  |TAMS 0x00000000b1700000, 0x00000000b1700000| Untracked 
| 792|0x00000000b1800000, 0x00000000b1800000, 0x00000000b1900000|  0%| F|  |TAMS 0x00000000b1800000, 0x00000000b1800000| Untracked 
| 793|0x00000000b1900000, 0x00000000b1900000, 0x00000000b1a00000|  0%| F|  |TAMS 0x00000000b1900000, 0x00000000b1900000| Untracked 
| 794|0x00000000b1a00000, 0x00000000b1a00000, 0x00000000b1b00000|  0%| F|  |TAMS 0x00000000b1a00000, 0x00000000b1a00000| Untracked 
| 795|0x00000000b1b00000, 0x00000000b1b00000, 0x00000000b1c00000|  0%| F|  |TAMS 0x00000000b1b00000, 0x00000000b1b00000| Untracked 
| 796|0x00000000b1c00000, 0x00000000b1c00000, 0x00000000b1d00000|  0%| F|  |TAMS 0x00000000b1c00000, 0x00000000b1c00000| Untracked 
| 797|0x00000000b1d00000, 0x00000000b1d00000, 0x00000000b1e00000|  0%| F|  |TAMS 0x00000000b1d00000, 0x00000000b1d00000| Untracked 
| 798|0x00000000b1e00000, 0x00000000b1e00000, 0x00000000b1f00000|  0%| F|  |TAMS 0x00000000b1e00000, 0x00000000b1e00000| Untracked 
| 799|0x00000000b1f00000, 0x00000000b1f00000, 0x00000000b2000000|  0%| F|  |TAMS 0x00000000b1f00000, 0x00000000b1f00000| Untracked 
| 800|0x00000000b2000000, 0x00000000b2000000, 0x00000000b2100000|  0%| F|  |TAMS 0x00000000b2000000, 0x00000000b2000000| Untracked 
| 801|0x00000000b2100000, 0x00000000b2100000, 0x00000000b2200000|  0%| F|  |TAMS 0x00000000b2100000, 0x00000000b2100000| Untracked 
| 802|0x00000000b2200000, 0x00000000b2200000, 0x00000000b2300000|  0%| F|  |TAMS 0x00000000b2200000, 0x00000000b2200000| Untracked 
| 803|0x00000000b2300000, 0x00000000b2300000, 0x00000000b2400000|  0%| F|  |TAMS 0x00000000b2300000, 0x00000000b2300000| Untracked 
| 804|0x00000000b2400000, 0x00000000b2400000, 0x00000000b2500000|  0%| F|  |TAMS 0x00000000b2400000, 0x00000000b2400000| Untracked 
| 805|0x00000000b2500000, 0x00000000b2500000, 0x00000000b2600000|  0%| F|  |TAMS 0x00000000b2500000, 0x00000000b2500000| Untracked 
| 806|0x00000000b2600000, 0x00000000b2600000, 0x00000000b2700000|  0%| F|  |TAMS 0x00000000b2600000, 0x00000000b2600000| Untracked 
| 807|0x00000000b2700000, 0x00000000b2700000, 0x00000000b2800000|  0%| F|  |TAMS 0x00000000b2700000, 0x00000000b2700000| Untracked 
| 808|0x00000000b2800000, 0x00000000b2800000, 0x00000000b2900000|  0%| F|  |TAMS 0x00000000b2800000, 0x00000000b2800000| Untracked 
| 809|0x00000000b2900000, 0x00000000b2900000, 0x00000000b2a00000|  0%| F|  |TAMS 0x00000000b2900000, 0x00000000b2900000| Untracked 
| 810|0x00000000b2a00000, 0x00000000b2a00000, 0x00000000b2b00000|  0%| F|  |TAMS 0x00000000b2a00000, 0x00000000b2a00000| Untracked 
| 811|0x00000000b2b00000, 0x00000000b2b00000, 0x00000000b2c00000|  0%| F|  |TAMS 0x00000000b2b00000, 0x00000000b2b00000| Untracked 
| 812|0x00000000b2c00000, 0x00000000b2c00000, 0x00000000b2d00000|  0%| F|  |TAMS 0x00000000b2c00000, 0x00000000b2c00000| Untracked 
| 813|0x00000000b2d00000, 0x00000000b2d00000, 0x00000000b2e00000|  0%| F|  |TAMS 0x00000000b2d00000, 0x00000000b2d00000| Untracked 
| 814|0x00000000b2e00000, 0x00000000b2e00000, 0x00000000b2f00000|  0%| F|  |TAMS 0x00000000b2e00000, 0x00000000b2e00000| Untracked 
| 815|0x00000000b2f00000, 0x00000000b2f00000, 0x00000000b3000000|  0%| F|  |TAMS 0x00000000b2f00000, 0x00000000b2f00000| Untracked 
| 816|0x00000000b3000000, 0x00000000b3000000, 0x00000000b3100000|  0%| F|  |TAMS 0x00000000b3000000, 0x00000000b3000000| Untracked 
| 817|0x00000000b3100000, 0x00000000b3100000, 0x00000000b3200000|  0%| F|  |TAMS 0x00000000b3100000, 0x00000000b3100000| Untracked 
| 818|0x00000000b3200000, 0x00000000b3200000, 0x00000000b3300000|  0%| F|  |TAMS 0x00000000b3200000, 0x00000000b3200000| Untracked 
| 819|0x00000000b3300000, 0x00000000b3300000, 0x00000000b3400000|  0%| F|  |TAMS 0x00000000b3300000, 0x00000000b3300000| Untracked 
| 820|0x00000000b3400000, 0x00000000b3400000, 0x00000000b3500000|  0%| F|  |TAMS 0x00000000b3400000, 0x00000000b3400000| Untracked 
| 821|0x00000000b3500000, 0x00000000b3500000, 0x00000000b3600000|  0%| F|  |TAMS 0x00000000b3500000, 0x00000000b3500000| Untracked 
| 822|0x00000000b3600000, 0x00000000b3600000, 0x00000000b3700000|  0%| F|  |TAMS 0x00000000b3600000, 0x00000000b3600000| Untracked 
| 823|0x00000000b3700000, 0x00000000b3700000, 0x00000000b3800000|  0%| F|  |TAMS 0x00000000b3700000, 0x00000000b3700000| Untracked 
| 824|0x00000000b3800000, 0x00000000b3800000, 0x00000000b3900000|  0%| F|  |TAMS 0x00000000b3800000, 0x00000000b3800000| Untracked 
| 825|0x00000000b3900000, 0x00000000b3900000, 0x00000000b3a00000|  0%| F|  |TAMS 0x00000000b3900000, 0x00000000b3900000| Untracked 
| 826|0x00000000b3a00000, 0x00000000b3a00000, 0x00000000b3b00000|  0%| F|  |TAMS 0x00000000b3a00000, 0x00000000b3a00000| Untracked 
| 827|0x00000000b3b00000, 0x00000000b3b00000, 0x00000000b3c00000|  0%| F|  |TAMS 0x00000000b3b00000, 0x00000000b3b00000| Untracked 
| 828|0x00000000b3c00000, 0x00000000b3c00000, 0x00000000b3d00000|  0%| F|  |TAMS 0x00000000b3c00000, 0x00000000b3c00000| Untracked 
| 829|0x00000000b3d00000, 0x00000000b3d00000, 0x00000000b3e00000|  0%| F|  |TAMS 0x00000000b3d00000, 0x00000000b3d00000| Untracked 
| 830|0x00000000b3e00000, 0x00000000b3e00000, 0x00000000b3f00000|  0%| F|  |TAMS 0x00000000b3e00000, 0x00000000b3e00000| Untracked 
| 831|0x00000000b3f00000, 0x00000000b3f00000, 0x00000000b4000000|  0%| F|  |TAMS 0x00000000b3f00000, 0x00000000b3f00000| Untracked 
| 832|0x00000000b4000000, 0x00000000b4000000, 0x00000000b4100000|  0%| F|  |TAMS 0x00000000b4000000, 0x00000000b4000000| Untracked 
| 833|0x00000000b4100000, 0x00000000b4100000, 0x00000000b4200000|  0%| F|  |TAMS 0x00000000b4100000, 0x00000000b4100000| Untracked 
| 834|0x00000000b4200000, 0x00000000b4200000, 0x00000000b4300000|  0%| F|  |TAMS 0x00000000b4200000, 0x00000000b4200000| Untracked 
| 835|0x00000000b4300000, 0x00000000b4300000, 0x00000000b4400000|  0%| F|  |TAMS 0x00000000b4300000, 0x00000000b4300000| Untracked 
| 836|0x00000000b4400000, 0x00000000b4400000, 0x00000000b4500000|  0%| F|  |TAMS 0x00000000b4400000, 0x00000000b4400000| Untracked 
| 837|0x00000000b4500000, 0x00000000b4500000, 0x00000000b4600000|  0%| F|  |TAMS 0x00000000b4500000, 0x00000000b4500000| Untracked 
| 838|0x00000000b4600000, 0x00000000b4600000, 0x00000000b4700000|  0%| F|  |TAMS 0x00000000b4600000, 0x00000000b4600000| Untracked 
| 839|0x00000000b4700000, 0x00000000b4700000, 0x00000000b4800000|  0%| F|  |TAMS 0x00000000b4700000, 0x00000000b4700000| Untracked 
| 840|0x00000000b4800000, 0x00000000b4800000, 0x00000000b4900000|  0%| F|  |TAMS 0x00000000b4800000, 0x00000000b4800000| Untracked 
| 841|0x00000000b4900000, 0x00000000b4900000, 0x00000000b4a00000|  0%| F|  |TAMS 0x00000000b4900000, 0x00000000b4900000| Untracked 
| 842|0x00000000b4a00000, 0x00000000b4a00000, 0x00000000b4b00000|  0%| F|  |TAMS 0x00000000b4a00000, 0x00000000b4a00000| Untracked 
| 843|0x00000000b4b00000, 0x00000000b4b00000, 0x00000000b4c00000|  0%| F|  |TAMS 0x00000000b4b00000, 0x00000000b4b00000| Untracked 
| 844|0x00000000b4c00000, 0x00000000b4c00000, 0x00000000b4d00000|  0%| F|  |TAMS 0x00000000b4c00000, 0x00000000b4c00000| Untracked 
| 845|0x00000000b4d00000, 0x00000000b4d00000, 0x00000000b4e00000|  0%| F|  |TAMS 0x00000000b4d00000, 0x00000000b4d00000| Untracked 
| 846|0x00000000b4e00000, 0x00000000b4e00000, 0x00000000b4f00000|  0%| F|  |TAMS 0x00000000b4e00000, 0x00000000b4e00000| Untracked 
| 847|0x00000000b4f00000, 0x00000000b4f00000, 0x00000000b5000000|  0%| F|  |TAMS 0x00000000b4f00000, 0x00000000b4f00000| Untracked 
| 848|0x00000000b5000000, 0x00000000b5000000, 0x00000000b5100000|  0%| F|  |TAMS 0x00000000b5000000, 0x00000000b5000000| Untracked 
| 849|0x00000000b5100000, 0x00000000b5100000, 0x00000000b5200000|  0%| F|  |TAMS 0x00000000b5100000, 0x00000000b5100000| Untracked 
| 850|0x00000000b5200000, 0x00000000b5200000, 0x00000000b5300000|  0%| F|  |TAMS 0x00000000b5200000, 0x00000000b5200000| Untracked 
| 851|0x00000000b5300000, 0x00000000b5300000, 0x00000000b5400000|  0%| F|  |TAMS 0x00000000b5300000, 0x00000000b5300000| Untracked 
| 852|0x00000000b5400000, 0x00000000b5400000, 0x00000000b5500000|  0%| F|  |TAMS 0x00000000b5400000, 0x00000000b5400000| Untracked 
| 853|0x00000000b5500000, 0x00000000b5500000, 0x00000000b5600000|  0%| F|  |TAMS 0x00000000b5500000, 0x00000000b5500000| Untracked 
| 854|0x00000000b5600000, 0x00000000b5600000, 0x00000000b5700000|  0%| F|  |TAMS 0x00000000b5600000, 0x00000000b5600000| Untracked 
| 855|0x00000000b5700000, 0x00000000b5700000, 0x00000000b5800000|  0%| F|  |TAMS 0x00000000b5700000, 0x00000000b5700000| Untracked 
| 856|0x00000000b5800000, 0x00000000b5800000, 0x00000000b5900000|  0%| F|  |TAMS 0x00000000b5800000, 0x00000000b5800000| Untracked 
| 857|0x00000000b5900000, 0x00000000b5900000, 0x00000000b5a00000|  0%| F|  |TAMS 0x00000000b5900000, 0x00000000b5900000| Untracked 
| 858|0x00000000b5a00000, 0x00000000b5a00000, 0x00000000b5b00000|  0%| F|  |TAMS 0x00000000b5a00000, 0x00000000b5a00000| Untracked 
| 859|0x00000000b5b00000, 0x00000000b5b00000, 0x00000000b5c00000|  0%| F|  |TAMS 0x00000000b5b00000, 0x00000000b5b00000| Untracked 
| 860|0x00000000b5c00000, 0x00000000b5c00000, 0x00000000b5d00000|  0%| F|  |TAMS 0x00000000b5c00000, 0x00000000b5c00000| Untracked 
| 861|0x00000000b5d00000, 0x00000000b5d00000, 0x00000000b5e00000|  0%| F|  |TAMS 0x00000000b5d00000, 0x00000000b5d00000| Untracked 
| 862|0x00000000b5e00000, 0x00000000b5e00000, 0x00000000b5f00000|  0%| F|  |TAMS 0x00000000b5e00000, 0x00000000b5e00000| Untracked 
| 863|0x00000000b5f00000, 0x00000000b5f00000, 0x00000000b6000000|  0%| F|  |TAMS 0x00000000b5f00000, 0x00000000b5f00000| Untracked 
| 864|0x00000000b6000000, 0x00000000b6000000, 0x00000000b6100000|  0%| F|  |TAMS 0x00000000b6000000, 0x00000000b6000000| Untracked 
| 865|0x00000000b6100000, 0x00000000b6100000, 0x00000000b6200000|  0%| F|  |TAMS 0x00000000b6100000, 0x00000000b6100000| Untracked 
| 866|0x00000000b6200000, 0x00000000b6200000, 0x00000000b6300000|  0%| F|  |TAMS 0x00000000b6200000, 0x00000000b6200000| Untracked 
| 867|0x00000000b6300000, 0x00000000b6300000, 0x00000000b6400000|  0%| F|  |TAMS 0x00000000b6300000, 0x00000000b6300000| Untracked 
| 868|0x00000000b6400000, 0x00000000b6400000, 0x00000000b6500000|  0%| F|  |TAMS 0x00000000b6400000, 0x00000000b6400000| Untracked 
| 869|0x00000000b6500000, 0x00000000b6500000, 0x00000000b6600000|  0%| F|  |TAMS 0x00000000b6500000, 0x00000000b6500000| Untracked 
| 870|0x00000000b6600000, 0x00000000b6600000, 0x00000000b6700000|  0%| F|  |TAMS 0x00000000b6600000, 0x00000000b6600000| Untracked 
| 871|0x00000000b6700000, 0x00000000b6700000, 0x00000000b6800000|  0%| F|  |TAMS 0x00000000b6700000, 0x00000000b6700000| Untracked 
| 872|0x00000000b6800000, 0x00000000b6800000, 0x00000000b6900000|  0%| F|  |TAMS 0x00000000b6800000, 0x00000000b6800000| Untracked 
| 873|0x00000000b6900000, 0x00000000b6900000, 0x00000000b6a00000|  0%| F|  |TAMS 0x00000000b6900000, 0x00000000b6900000| Untracked 
| 874|0x00000000b6a00000, 0x00000000b6a00000, 0x00000000b6b00000|  0%| F|  |TAMS 0x00000000b6a00000, 0x00000000b6a00000| Untracked 
| 875|0x00000000b6b00000, 0x00000000b6b00000, 0x00000000b6c00000|  0%| F|  |TAMS 0x00000000b6b00000, 0x00000000b6b00000| Untracked 
| 876|0x00000000b6c00000, 0x00000000b6c00000, 0x00000000b6d00000|  0%| F|  |TAMS 0x00000000b6c00000, 0x00000000b6c00000| Untracked 
| 877|0x00000000b6d00000, 0x00000000b6d00000, 0x00000000b6e00000|  0%| F|  |TAMS 0x00000000b6d00000, 0x00000000b6d00000| Untracked 
| 878|0x00000000b6e00000, 0x00000000b6e00000, 0x00000000b6f00000|  0%| F|  |TAMS 0x00000000b6e00000, 0x00000000b6e00000| Untracked 
| 879|0x00000000b6f00000, 0x00000000b6f00000, 0x00000000b7000000|  0%| F|  |TAMS 0x00000000b6f00000, 0x00000000b6f00000| Untracked 
| 880|0x00000000b7000000, 0x00000000b7000000, 0x00000000b7100000|  0%| F|  |TAMS 0x00000000b7000000, 0x00000000b7000000| Untracked 
| 881|0x00000000b7100000, 0x00000000b7100000, 0x00000000b7200000|  0%| F|  |TAMS 0x00000000b7100000, 0x00000000b7100000| Untracked 
| 882|0x00000000b7200000, 0x00000000b7200000, 0x00000000b7300000|  0%| F|  |TAMS 0x00000000b7200000, 0x00000000b7200000| Untracked 
| 883|0x00000000b7300000, 0x00000000b7300000, 0x00000000b7400000|  0%| F|  |TAMS 0x00000000b7300000, 0x00000000b7300000| Untracked 
| 884|0x00000000b7400000, 0x00000000b7400000, 0x00000000b7500000|  0%| F|  |TAMS 0x00000000b7400000, 0x00000000b7400000| Untracked 
| 885|0x00000000b7500000, 0x00000000b7500000, 0x00000000b7600000|  0%| F|  |TAMS 0x00000000b7500000, 0x00000000b7500000| Untracked 
| 886|0x00000000b7600000, 0x00000000b7600000, 0x00000000b7700000|  0%| F|  |TAMS 0x00000000b7600000, 0x00000000b7600000| Untracked 
| 887|0x00000000b7700000, 0x00000000b7700000, 0x00000000b7800000|  0%| F|  |TAMS 0x00000000b7700000, 0x00000000b7700000| Untracked 
| 888|0x00000000b7800000, 0x00000000b7800000, 0x00000000b7900000|  0%| F|  |TAMS 0x00000000b7800000, 0x00000000b7800000| Untracked 
| 889|0x00000000b7900000, 0x00000000b7900000, 0x00000000b7a00000|  0%| F|  |TAMS 0x00000000b7900000, 0x00000000b7900000| Untracked 
| 890|0x00000000b7a00000, 0x00000000b7a00000, 0x00000000b7b00000|  0%| F|  |TAMS 0x00000000b7a00000, 0x00000000b7a00000| Untracked 
| 891|0x00000000b7b00000, 0x00000000b7b00000, 0x00000000b7c00000|  0%| F|  |TAMS 0x00000000b7b00000, 0x00000000b7b00000| Untracked 
| 892|0x00000000b7c00000, 0x00000000b7c00000, 0x00000000b7d00000|  0%| F|  |TAMS 0x00000000b7c00000, 0x00000000b7c00000| Untracked 
| 893|0x00000000b7d00000, 0x00000000b7d00000, 0x00000000b7e00000|  0%| F|  |TAMS 0x00000000b7d00000, 0x00000000b7d00000| Untracked 
| 894|0x00000000b7e00000, 0x00000000b7e00000, 0x00000000b7f00000|  0%| F|  |TAMS 0x00000000b7e00000, 0x00000000b7e00000| Untracked 
| 895|0x00000000b7f00000, 0x00000000b7f00000, 0x00000000b8000000|  0%| F|  |TAMS 0x00000000b7f00000, 0x00000000b7f00000| Untracked 
| 896|0x00000000b8000000, 0x00000000b8000000, 0x00000000b8100000|  0%| F|  |TAMS 0x00000000b8000000, 0x00000000b8000000| Untracked 
| 897|0x00000000b8100000, 0x00000000b8100000, 0x00000000b8200000|  0%| F|  |TAMS 0x00000000b8100000, 0x00000000b8100000| Untracked 
| 898|0x00000000b8200000, 0x00000000b8200000, 0x00000000b8300000|  0%| F|  |TAMS 0x00000000b8200000, 0x00000000b8200000| Untracked 
| 899|0x00000000b8300000, 0x00000000b8300000, 0x00000000b8400000|  0%| F|  |TAMS 0x00000000b8300000, 0x00000000b8300000| Untracked 
| 900|0x00000000b8400000, 0x00000000b8400000, 0x00000000b8500000|  0%| F|  |TAMS 0x00000000b8400000, 0x00000000b8400000| Untracked 
| 901|0x00000000b8500000, 0x00000000b8500000, 0x00000000b8600000|  0%| F|  |TAMS 0x00000000b8500000, 0x00000000b8500000| Untracked 
| 902|0x00000000b8600000, 0x00000000b8600000, 0x00000000b8700000|  0%| F|  |TAMS 0x00000000b8600000, 0x00000000b8600000| Untracked 
| 903|0x00000000b8700000, 0x00000000b8700000, 0x00000000b8800000|  0%| F|  |TAMS 0x00000000b8700000, 0x00000000b8700000| Untracked 
| 904|0x00000000b8800000, 0x00000000b8800000, 0x00000000b8900000|  0%| F|  |TAMS 0x00000000b8800000, 0x00000000b8800000| Untracked 
| 905|0x00000000b8900000, 0x00000000b8900000, 0x00000000b8a00000|  0%| F|  |TAMS 0x00000000b8900000, 0x00000000b8900000| Untracked 
| 906|0x00000000b8a00000, 0x00000000b8a00000, 0x00000000b8b00000|  0%| F|  |TAMS 0x00000000b8a00000, 0x00000000b8a00000| Untracked 
| 907|0x00000000b8b00000, 0x00000000b8b00000, 0x00000000b8c00000|  0%| F|  |TAMS 0x00000000b8b00000, 0x00000000b8b00000| Untracked 
| 908|0x00000000b8c00000, 0x00000000b8c00000, 0x00000000b8d00000|  0%| F|  |TAMS 0x00000000b8c00000, 0x00000000b8c00000| Untracked 
| 909|0x00000000b8d00000, 0x00000000b8d00000, 0x00000000b8e00000|  0%| F|  |TAMS 0x00000000b8d00000, 0x00000000b8d00000| Untracked 
| 910|0x00000000b8e00000, 0x00000000b8e00000, 0x00000000b8f00000|  0%| F|  |TAMS 0x00000000b8e00000, 0x00000000b8e00000| Untracked 
| 911|0x00000000b8f00000, 0x00000000b8f00000, 0x00000000b9000000|  0%| F|  |TAMS 0x00000000b8f00000, 0x00000000b8f00000| Untracked 
| 912|0x00000000b9000000, 0x00000000b9000000, 0x00000000b9100000|  0%| F|  |TAMS 0x00000000b9000000, 0x00000000b9000000| Untracked 
| 913|0x00000000b9100000, 0x00000000b9100000, 0x00000000b9200000|  0%| F|  |TAMS 0x00000000b9100000, 0x00000000b9100000| Untracked 
| 914|0x00000000b9200000, 0x00000000b9200000, 0x00000000b9300000|  0%| F|  |TAMS 0x00000000b9200000, 0x00000000b9200000| Untracked 
| 915|0x00000000b9300000, 0x00000000b9300000, 0x00000000b9400000|  0%| F|  |TAMS 0x00000000b9300000, 0x00000000b9300000| Untracked 
| 916|0x00000000b9400000, 0x00000000b9400000, 0x00000000b9500000|  0%| F|  |TAMS 0x00000000b9400000, 0x00000000b9400000| Untracked 
| 917|0x00000000b9500000, 0x00000000b9500000, 0x00000000b9600000|  0%| F|  |TAMS 0x00000000b9500000, 0x00000000b9500000| Untracked 
| 918|0x00000000b9600000, 0x00000000b9600000, 0x00000000b9700000|  0%| F|  |TAMS 0x00000000b9600000, 0x00000000b9600000| Untracked 
| 919|0x00000000b9700000, 0x00000000b9700000, 0x00000000b9800000|  0%| F|  |TAMS 0x00000000b9700000, 0x00000000b9700000| Untracked 
| 920|0x00000000b9800000, 0x00000000b9800000, 0x00000000b9900000|  0%| F|  |TAMS 0x00000000b9800000, 0x00000000b9800000| Untracked 
| 921|0x00000000b9900000, 0x00000000b9900000, 0x00000000b9a00000|  0%| F|  |TAMS 0x00000000b9900000, 0x00000000b9900000| Untracked 
| 922|0x00000000b9a00000, 0x00000000b9a00000, 0x00000000b9b00000|  0%| F|  |TAMS 0x00000000b9a00000, 0x00000000b9a00000| Untracked 
| 923|0x00000000b9b00000, 0x00000000b9b00000, 0x00000000b9c00000|  0%| F|  |TAMS 0x00000000b9b00000, 0x00000000b9b00000| Untracked 
| 924|0x00000000b9c00000, 0x00000000b9c00000, 0x00000000b9d00000|  0%| F|  |TAMS 0x00000000b9c00000, 0x00000000b9c00000| Untracked 
| 925|0x00000000b9d00000, 0x00000000b9d00000, 0x00000000b9e00000|  0%| F|  |TAMS 0x00000000b9d00000, 0x00000000b9d00000| Untracked 
| 926|0x00000000b9e00000, 0x00000000b9e00000, 0x00000000b9f00000|  0%| F|  |TAMS 0x00000000b9e00000, 0x00000000b9e00000| Untracked 
| 927|0x00000000b9f00000, 0x00000000b9f00000, 0x00000000ba000000|  0%| F|  |TAMS 0x00000000b9f00000, 0x00000000b9f00000| Untracked 
| 928|0x00000000ba000000, 0x00000000ba000000, 0x00000000ba100000|  0%| F|  |TAMS 0x00000000ba000000, 0x00000000ba000000| Untracked 
| 929|0x00000000ba100000, 0x00000000ba100000, 0x00000000ba200000|  0%| F|  |TAMS 0x00000000ba100000, 0x00000000ba100000| Untracked 
| 930|0x00000000ba200000, 0x00000000ba200000, 0x00000000ba300000|  0%| F|  |TAMS 0x00000000ba200000, 0x00000000ba200000| Untracked 
| 931|0x00000000ba300000, 0x00000000ba300000, 0x00000000ba400000|  0%| F|  |TAMS 0x00000000ba300000, 0x00000000ba300000| Untracked 
| 932|0x00000000ba400000, 0x00000000ba400000, 0x00000000ba500000|  0%| F|  |TAMS 0x00000000ba400000, 0x00000000ba400000| Untracked 
| 933|0x00000000ba500000, 0x00000000ba500000, 0x00000000ba600000|  0%| F|  |TAMS 0x00000000ba500000, 0x00000000ba500000| Untracked 
| 934|0x00000000ba600000, 0x00000000ba600000, 0x00000000ba700000|  0%| F|  |TAMS 0x00000000ba600000, 0x00000000ba600000| Untracked 
| 935|0x00000000ba700000, 0x00000000ba700000, 0x00000000ba800000|  0%| F|  |TAMS 0x00000000ba700000, 0x00000000ba700000| Untracked 
| 936|0x00000000ba800000, 0x00000000ba800000, 0x00000000ba900000|  0%| F|  |TAMS 0x00000000ba800000, 0x00000000ba800000| Untracked 
| 937|0x00000000ba900000, 0x00000000ba900000, 0x00000000baa00000|  0%| F|  |TAMS 0x00000000ba900000, 0x00000000ba900000| Untracked 
| 938|0x00000000baa00000, 0x00000000baa00000, 0x00000000bab00000|  0%| F|  |TAMS 0x00000000baa00000, 0x00000000baa00000| Untracked 
| 939|0x00000000bab00000, 0x00000000bab00000, 0x00000000bac00000|  0%| F|  |TAMS 0x00000000bab00000, 0x00000000bab00000| Untracked 
| 940|0x00000000bac00000, 0x00000000bac00000, 0x00000000bad00000|  0%| F|  |TAMS 0x00000000bac00000, 0x00000000bac00000| Untracked 
| 941|0x00000000bad00000, 0x00000000bad00000, 0x00000000bae00000|  0%| F|  |TAMS 0x00000000bad00000, 0x00000000bad00000| Untracked 
| 942|0x00000000bae00000, 0x00000000bae00000, 0x00000000baf00000|  0%| F|  |TAMS 0x00000000bae00000, 0x00000000bae00000| Untracked 
| 943|0x00000000baf00000, 0x00000000baf00000, 0x00000000bb000000|  0%| F|  |TAMS 0x00000000baf00000, 0x00000000baf00000| Untracked 
| 944|0x00000000bb000000, 0x00000000bb000000, 0x00000000bb100000|  0%| F|  |TAMS 0x00000000bb000000, 0x00000000bb000000| Untracked 
| 945|0x00000000bb100000, 0x00000000bb100000, 0x00000000bb200000|  0%| F|  |TAMS 0x00000000bb100000, 0x00000000bb100000| Untracked 
| 946|0x00000000bb200000, 0x00000000bb200000, 0x00000000bb300000|  0%| F|  |TAMS 0x00000000bb200000, 0x00000000bb200000| Untracked 
| 947|0x00000000bb300000, 0x00000000bb300000, 0x00000000bb400000|  0%| F|  |TAMS 0x00000000bb300000, 0x00000000bb300000| Untracked 
| 948|0x00000000bb400000, 0x00000000bb400000, 0x00000000bb500000|  0%| F|  |TAMS 0x00000000bb400000, 0x00000000bb400000| Untracked 
| 949|0x00000000bb500000, 0x00000000bb500000, 0x00000000bb600000|  0%| F|  |TAMS 0x00000000bb500000, 0x00000000bb500000| Untracked 
| 950|0x00000000bb600000, 0x00000000bb600000, 0x00000000bb700000|  0%| F|  |TAMS 0x00000000bb600000, 0x00000000bb600000| Untracked 
| 951|0x00000000bb700000, 0x00000000bb700000, 0x00000000bb800000|  0%| F|  |TAMS 0x00000000bb700000, 0x00000000bb700000| Untracked 
| 952|0x00000000bb800000, 0x00000000bb800000, 0x00000000bb900000|  0%| F|  |TAMS 0x00000000bb800000, 0x00000000bb800000| Untracked 
| 953|0x00000000bb900000, 0x00000000bb900000, 0x00000000bba00000|  0%| F|  |TAMS 0x00000000bb900000, 0x00000000bb900000| Untracked 
| 954|0x00000000bba00000, 0x00000000bba00000, 0x00000000bbb00000|  0%| F|  |TAMS 0x00000000bba00000, 0x00000000bba00000| Untracked 
| 955|0x00000000bbb00000, 0x00000000bbb00000, 0x00000000bbc00000|  0%| F|  |TAMS 0x00000000bbb00000, 0x00000000bbb00000| Untracked 
| 956|0x00000000bbc00000, 0x00000000bbc00000, 0x00000000bbd00000|  0%| F|  |TAMS 0x00000000bbc00000, 0x00000000bbc00000| Untracked 
| 957|0x00000000bbd00000, 0x00000000bbd00000, 0x00000000bbe00000|  0%| F|  |TAMS 0x00000000bbd00000, 0x00000000bbd00000| Untracked 
| 958|0x00000000bbe00000, 0x00000000bbe00000, 0x00000000bbf00000|  0%| F|  |TAMS 0x00000000bbe00000, 0x00000000bbe00000| Untracked 
| 959|0x00000000bbf00000, 0x00000000bbf00000, 0x00000000bc000000|  0%| F|  |TAMS 0x00000000bbf00000, 0x00000000bbf00000| Untracked 
| 960|0x00000000bc000000, 0x00000000bc000000, 0x00000000bc100000|  0%| F|  |TAMS 0x00000000bc000000, 0x00000000bc000000| Untracked 
| 961|0x00000000bc100000, 0x00000000bc100000, 0x00000000bc200000|  0%| F|  |TAMS 0x00000000bc100000, 0x00000000bc100000| Untracked 
| 962|0x00000000bc200000, 0x00000000bc200000, 0x00000000bc300000|  0%| F|  |TAMS 0x00000000bc200000, 0x00000000bc200000| Untracked 
| 963|0x00000000bc300000, 0x00000000bc300000, 0x00000000bc400000|  0%| F|  |TAMS 0x00000000bc300000, 0x00000000bc300000| Untracked 
| 964|0x00000000bc400000, 0x00000000bc400000, 0x00000000bc500000|  0%| F|  |TAMS 0x00000000bc400000, 0x00000000bc400000| Untracked 
| 965|0x00000000bc500000, 0x00000000bc500000, 0x00000000bc600000|  0%| F|  |TAMS 0x00000000bc500000, 0x00000000bc500000| Untracked 
| 966|0x00000000bc600000, 0x00000000bc600000, 0x00000000bc700000|  0%| F|  |TAMS 0x00000000bc600000, 0x00000000bc600000| Untracked 
| 967|0x00000000bc700000, 0x00000000bc700000, 0x00000000bc800000|  0%| F|  |TAMS 0x00000000bc700000, 0x00000000bc700000| Untracked 
| 968|0x00000000bc800000, 0x00000000bc800000, 0x00000000bc900000|  0%| F|  |TAMS 0x00000000bc800000, 0x00000000bc800000| Untracked 
| 969|0x00000000bc900000, 0x00000000bc900000, 0x00000000bca00000|  0%| F|  |TAMS 0x00000000bc900000, 0x00000000bc900000| Untracked 
| 970|0x00000000bca00000, 0x00000000bca00000, 0x00000000bcb00000|  0%| F|  |TAMS 0x00000000bca00000, 0x00000000bca00000| Untracked 
| 971|0x00000000bcb00000, 0x00000000bcb00000, 0x00000000bcc00000|  0%| F|  |TAMS 0x00000000bcb00000, 0x00000000bcb00000| Untracked 
| 972|0x00000000bcc00000, 0x00000000bcc00000, 0x00000000bcd00000|  0%| F|  |TAMS 0x00000000bcc00000, 0x00000000bcc00000| Untracked 
| 973|0x00000000bcd00000, 0x00000000bcd00000, 0x00000000bce00000|  0%| F|  |TAMS 0x00000000bcd00000, 0x00000000bcd00000| Untracked 
| 974|0x00000000bce00000, 0x00000000bce00000, 0x00000000bcf00000|  0%| F|  |TAMS 0x00000000bce00000, 0x00000000bce00000| Untracked 
| 975|0x00000000bcf00000, 0x00000000bcf00000, 0x00000000bd000000|  0%| F|  |TAMS 0x00000000bcf00000, 0x00000000bcf00000| Untracked 
| 976|0x00000000bd000000, 0x00000000bd000000, 0x00000000bd100000|  0%| F|  |TAMS 0x00000000bd000000, 0x00000000bd000000| Untracked 
| 977|0x00000000bd100000, 0x00000000bd100000, 0x00000000bd200000|  0%| F|  |TAMS 0x00000000bd100000, 0x00000000bd100000| Untracked 
| 978|0x00000000bd200000, 0x00000000bd200000, 0x00000000bd300000|  0%| F|  |TAMS 0x00000000bd200000, 0x00000000bd200000| Untracked 
| 979|0x00000000bd300000, 0x00000000bd300000, 0x00000000bd400000|  0%| F|  |TAMS 0x00000000bd300000, 0x00000000bd300000| Untracked 
| 980|0x00000000bd400000, 0x00000000bd400000, 0x00000000bd500000|  0%| F|  |TAMS 0x00000000bd400000, 0x00000000bd400000| Untracked 
| 981|0x00000000bd500000, 0x00000000bd500000, 0x00000000bd600000|  0%| F|  |TAMS 0x00000000bd500000, 0x00000000bd500000| Untracked 
| 982|0x00000000bd600000, 0x00000000bd600000, 0x00000000bd700000|  0%| F|  |TAMS 0x00000000bd600000, 0x00000000bd600000| Untracked 
| 983|0x00000000bd700000, 0x00000000bd700000, 0x00000000bd800000|  0%| F|  |TAMS 0x00000000bd700000, 0x00000000bd700000| Untracked 
| 984|0x00000000bd800000, 0x00000000bd800000, 0x00000000bd900000|  0%| F|  |TAMS 0x00000000bd800000, 0x00000000bd800000| Untracked 
| 985|0x00000000bd900000, 0x00000000bd900000, 0x00000000bda00000|  0%| F|  |TAMS 0x00000000bd900000, 0x00000000bd900000| Untracked 
| 986|0x00000000bda00000, 0x00000000bda00000, 0x00000000bdb00000|  0%| F|  |TAMS 0x00000000bda00000, 0x00000000bda00000| Untracked 
| 987|0x00000000bdb00000, 0x00000000bdb00000, 0x00000000bdc00000|  0%| F|  |TAMS 0x00000000bdb00000, 0x00000000bdb00000| Untracked 
| 988|0x00000000bdc00000, 0x00000000bdc00000, 0x00000000bdd00000|  0%| F|  |TAMS 0x00000000bdc00000, 0x00000000bdc00000| Untracked 
| 989|0x00000000bdd00000, 0x00000000bdd00000, 0x00000000bde00000|  0%| F|  |TAMS 0x00000000bdd00000, 0x00000000bdd00000| Untracked 
| 990|0x00000000bde00000, 0x00000000bde00000, 0x00000000bdf00000|  0%| F|  |TAMS 0x00000000bde00000, 0x00000000bde00000| Untracked 
| 991|0x00000000bdf00000, 0x00000000bdf00000, 0x00000000be000000|  0%| F|  |TAMS 0x00000000bdf00000, 0x00000000bdf00000| Untracked 
| 992|0x00000000be000000, 0x00000000be000000, 0x00000000be100000|  0%| F|  |TAMS 0x00000000be000000, 0x00000000be000000| Untracked 
| 993|0x00000000be100000, 0x00000000be100000, 0x00000000be200000|  0%| F|  |TAMS 0x00000000be100000, 0x00000000be100000| Untracked 
| 994|0x00000000be200000, 0x00000000be200000, 0x00000000be300000|  0%| F|  |TAMS 0x00000000be200000, 0x00000000be200000| Untracked 
| 995|0x00000000be300000, 0x00000000be300000, 0x00000000be400000|  0%| F|  |TAMS 0x00000000be300000, 0x00000000be300000| Untracked 
| 996|0x00000000be400000, 0x00000000be400000, 0x00000000be500000|  0%| F|  |TAMS 0x00000000be400000, 0x00000000be400000| Untracked 
| 997|0x00000000be500000, 0x00000000be500000, 0x00000000be600000|  0%| F|  |TAMS 0x00000000be500000, 0x00000000be500000| Untracked 
| 998|0x00000000be600000, 0x00000000be600000, 0x00000000be700000|  0%| F|  |TAMS 0x00000000be600000, 0x00000000be600000| Untracked 
| 999|0x00000000be700000, 0x00000000be700000, 0x00000000be800000|  0%| F|  |TAMS 0x00000000be700000, 0x00000000be700000| Untracked 
|1000|0x00000000be800000, 0x00000000be800000, 0x00000000be900000|  0%| F|  |TAMS 0x00000000be800000, 0x00000000be800000| Untracked 
|1001|0x00000000be900000, 0x00000000be900000, 0x00000000bea00000|  0%| F|  |TAMS 0x00000000be900000, 0x00000000be900000| Untracked 
|1002|0x00000000bea00000, 0x00000000bea00000, 0x00000000beb00000|  0%| F|  |TAMS 0x00000000bea00000, 0x00000000bea00000| Untracked 
|1003|0x00000000beb00000, 0x00000000beb00000, 0x00000000bec00000|  0%| F|  |TAMS 0x00000000beb00000, 0x00000000beb00000| Untracked 
|1004|0x00000000bec00000, 0x00000000bec00000, 0x00000000bed00000|  0%| F|  |TAMS 0x00000000bec00000, 0x00000000bec00000| Untracked 
|1005|0x00000000bed00000, 0x00000000bed00000, 0x00000000bee00000|  0%| F|  |TAMS 0x00000000bed00000, 0x00000000bed00000| Untracked 
|1006|0x00000000bee00000, 0x00000000bee00000, 0x00000000bef00000|  0%| F|  |TAMS 0x00000000bee00000, 0x00000000bee00000| Untracked 
|1007|0x00000000bef00000, 0x00000000bef00000, 0x00000000bf000000|  0%| F|  |TAMS 0x00000000bef00000, 0x00000000bef00000| Untracked 
|1008|0x00000000bf000000, 0x00000000bf000000, 0x00000000bf100000|  0%| F|  |TAMS 0x00000000bf000000, 0x00000000bf000000| Untracked 
|1009|0x00000000bf100000, 0x00000000bf100000, 0x00000000bf200000|  0%| F|  |TAMS 0x00000000bf100000, 0x00000000bf100000| Untracked 
|1010|0x00000000bf200000, 0x00000000bf200000, 0x00000000bf300000|  0%| F|  |TAMS 0x00000000bf200000, 0x00000000bf200000| Untracked 
|1011|0x00000000bf300000, 0x00000000bf300000, 0x00000000bf400000|  0%| F|  |TAMS 0x00000000bf300000, 0x00000000bf300000| Untracked 
|1012|0x00000000bf400000, 0x00000000bf4b54c0, 0x00000000bf500000| 70%| S|CS|TAMS 0x00000000bf400000, 0x00000000bf400000| Complete 
|1013|0x00000000bf500000, 0x00000000bf600000, 0x00000000bf600000|100%| S|CS|TAMS 0x00000000bf500000, 0x00000000bf500000| Complete 
|1014|0x00000000bf600000, 0x00000000bf700000, 0x00000000bf700000|100%| S|CS|TAMS 0x00000000bf600000, 0x00000000bf600000| Complete 
|1015|0x00000000bf700000, 0x00000000bf800000, 0x00000000bf800000|100%| S|CS|TAMS 0x00000000bf700000, 0x00000000bf700000| Complete 
|1016|0x00000000bf800000, 0x00000000bf900000, 0x00000000bf900000|100%| S|CS|TAMS 0x00000000bf800000, 0x00000000bf800000| Complete 
|1017|0x00000000bf900000, 0x00000000bfa00000, 0x00000000bfa00000|100%| S|CS|TAMS 0x00000000bf900000, 0x00000000bf900000| Complete 
|1018|0x00000000bfa00000, 0x00000000bfb00000, 0x00000000bfb00000|100%| S|CS|TAMS 0x00000000bfa00000, 0x00000000bfa00000| Complete 
|1019|0x00000000bfb00000, 0x00000000bfc00000, 0x00000000bfc00000|100%| S|CS|TAMS 0x00000000bfb00000, 0x00000000bfb00000| Complete 
|1020|0x00000000bfc00000, 0x00000000bfd00000, 0x00000000bfd00000|100%| S|CS|TAMS 0x00000000bfc00000, 0x00000000bfc00000| Complete 
|1021|0x00000000bfd00000, 0x00000000bfe00000, 0x00000000bfe00000|100%| S|CS|TAMS 0x00000000bfd00000, 0x00000000bfd00000| Complete 
|1022|0x00000000bfe00000, 0x00000000bff00000, 0x00000000bff00000|100%| S|CS|TAMS 0x00000000bfe00000, 0x00000000bfe00000| Complete 
|1023|0x00000000bff00000, 0x00000000c0000000, 0x00000000c0000000|100%| S|CS|TAMS 0x00000000bff00000, 0x00000000bff00000| Complete 
|1024|0x00000000c0000000, 0x00000000c0100000, 0x00000000c0100000|100%| S|CS|TAMS 0x00000000c0000000, 0x00000000c0000000| Complete 
|1025|0x00000000c0100000, 0x00000000c0200000, 0x00000000c0200000|100%| S|CS|TAMS 0x00000000c0100000, 0x00000000c0100000| Complete 
|1026|0x00000000c0200000, 0x00000000c0300000, 0x00000000c0300000|100%| S|CS|TAMS 0x00000000c0200000, 0x00000000c0200000| Complete 
|1027|0x00000000c0300000, 0x00000000c0400000, 0x00000000c0400000|100%| S|CS|TAMS 0x00000000c0300000, 0x00000000c0300000| Complete 
|1028|0x00000000c0400000, 0x00000000c0500000, 0x00000000c0500000|100%| S|CS|TAMS 0x00000000c0400000, 0x00000000c0400000| Complete 
|1029|0x00000000c0500000, 0x00000000c0600000, 0x00000000c0600000|100%| S|CS|TAMS 0x00000000c0500000, 0x00000000c0500000| Complete 
|1030|0x00000000c0600000, 0x00000000c0700000, 0x00000000c0700000|100%| S|CS|TAMS 0x00000000c0600000, 0x00000000c0600000| Complete 
|1031|0x00000000c0700000, 0x00000000c0700000, 0x00000000c0800000|  0%| F|  |TAMS 0x00000000c0700000, 0x00000000c0700000| Untracked 
|1032|0x00000000c0800000, 0x00000000c0800000, 0x00000000c0900000|  0%| F|  |TAMS 0x00000000c0800000, 0x00000000c0800000| Untracked 
|1033|0x00000000c0900000, 0x00000000c0900000, 0x00000000c0a00000|  0%| F|  |TAMS 0x00000000c0900000, 0x00000000c0900000| Untracked 
|1034|0x00000000c0a00000, 0x00000000c0a00000, 0x00000000c0b00000|  0%| F|  |TAMS 0x00000000c0a00000, 0x00000000c0a00000| Untracked 
|1035|0x00000000c0b00000, 0x00000000c0b00000, 0x00000000c0c00000|  0%| F|  |TAMS 0x00000000c0b00000, 0x00000000c0b00000| Untracked 
|1036|0x00000000c0c00000, 0x00000000c0c00000, 0x00000000c0d00000|  0%| F|  |TAMS 0x00000000c0c00000, 0x00000000c0c00000| Untracked 
|1037|0x00000000c0d00000, 0x00000000c0d00000, 0x00000000c0e00000|  0%| F|  |TAMS 0x00000000c0d00000, 0x00000000c0d00000| Untracked 
|1038|0x00000000c0e00000, 0x00000000c0e00000, 0x00000000c0f00000|  0%| F|  |TAMS 0x00000000c0e00000, 0x00000000c0e00000| Untracked 
|1039|0x00000000c0f00000, 0x00000000c0f00000, 0x00000000c1000000|  0%| F|  |TAMS 0x00000000c0f00000, 0x00000000c0f00000| Untracked 
|1040|0x00000000c1000000, 0x00000000c1000000, 0x00000000c1100000|  0%| F|  |TAMS 0x00000000c1000000, 0x00000000c1000000| Untracked 
|1041|0x00000000c1100000, 0x00000000c1100000, 0x00000000c1200000|  0%| F|  |TAMS 0x00000000c1100000, 0x00000000c1100000| Untracked 
|1042|0x00000000c1200000, 0x00000000c1200000, 0x00000000c1300000|  0%| F|  |TAMS 0x00000000c1200000, 0x00000000c1200000| Untracked 
|1043|0x00000000c1300000, 0x00000000c1300000, 0x00000000c1400000|  0%| F|  |TAMS 0x00000000c1300000, 0x00000000c1300000| Untracked 
|1044|0x00000000c1400000, 0x00000000c1400000, 0x00000000c1500000|  0%| F|  |TAMS 0x00000000c1400000, 0x00000000c1400000| Untracked 
|1045|0x00000000c1500000, 0x00000000c1500000, 0x00000000c1600000|  0%| F|  |TAMS 0x00000000c1500000, 0x00000000c1500000| Untracked 
|1046|0x00000000c1600000, 0x00000000c1600000, 0x00000000c1700000|  0%| F|  |TAMS 0x00000000c1600000, 0x00000000c1600000| Untracked 
|1047|0x00000000c1700000, 0x00000000c1700000, 0x00000000c1800000|  0%| F|  |TAMS 0x00000000c1700000, 0x00000000c1700000| Untracked 
|1048|0x00000000c1800000, 0x00000000c1800000, 0x00000000c1900000|  0%| F|  |TAMS 0x00000000c1800000, 0x00000000c1800000| Untracked 
|1049|0x00000000c1900000, 0x00000000c1900000, 0x00000000c1a00000|  0%| F|  |TAMS 0x00000000c1900000, 0x00000000c1900000| Untracked 
|1050|0x00000000c1a00000, 0x00000000c1a00000, 0x00000000c1b00000|  0%| F|  |TAMS 0x00000000c1a00000, 0x00000000c1a00000| Untracked 
|1051|0x00000000c1b00000, 0x00000000c1b00000, 0x00000000c1c00000|  0%| F|  |TAMS 0x00000000c1b00000, 0x00000000c1b00000| Untracked 
|1052|0x00000000c1c00000, 0x00000000c1c00000, 0x00000000c1d00000|  0%| F|  |TAMS 0x00000000c1c00000, 0x00000000c1c00000| Untracked 
|1053|0x00000000c1d00000, 0x00000000c1d00000, 0x00000000c1e00000|  0%| F|  |TAMS 0x00000000c1d00000, 0x00000000c1d00000| Untracked 
|1054|0x00000000c1e00000, 0x00000000c1e00000, 0x00000000c1f00000|  0%| F|  |TAMS 0x00000000c1e00000, 0x00000000c1e00000| Untracked 
|1055|0x00000000c1f00000, 0x00000000c1f00000, 0x00000000c2000000|  0%| F|  |TAMS 0x00000000c1f00000, 0x00000000c1f00000| Untracked 
|1056|0x00000000c2000000, 0x00000000c2000000, 0x00000000c2100000|  0%| F|  |TAMS 0x00000000c2000000, 0x00000000c2000000| Untracked 
|1057|0x00000000c2100000, 0x00000000c2100000, 0x00000000c2200000|  0%| F|  |TAMS 0x00000000c2100000, 0x00000000c2100000| Untracked 
|1058|0x00000000c2200000, 0x00000000c2200000, 0x00000000c2300000|  0%| F|  |TAMS 0x00000000c2200000, 0x00000000c2200000| Untracked 
|1059|0x00000000c2300000, 0x00000000c2300000, 0x00000000c2400000|  0%| F|  |TAMS 0x00000000c2300000, 0x00000000c2300000| Untracked 
|1060|0x00000000c2400000, 0x00000000c2400000, 0x00000000c2500000|  0%| F|  |TAMS 0x00000000c2400000, 0x00000000c2400000| Untracked 
|1061|0x00000000c2500000, 0x00000000c2500000, 0x00000000c2600000|  0%| F|  |TAMS 0x00000000c2500000, 0x00000000c2500000| Untracked 
|1062|0x00000000c2600000, 0x00000000c2600000, 0x00000000c2700000|  0%| F|  |TAMS 0x00000000c2600000, 0x00000000c2600000| Untracked 
|1063|0x00000000c2700000, 0x00000000c2700000, 0x00000000c2800000|  0%| F|  |TAMS 0x00000000c2700000, 0x00000000c2700000| Untracked 
|1064|0x00000000c2800000, 0x00000000c2800000, 0x00000000c2900000|  0%| F|  |TAMS 0x00000000c2800000, 0x00000000c2800000| Untracked 
|1065|0x00000000c2900000, 0x00000000c2900000, 0x00000000c2a00000|  0%| F|  |TAMS 0x00000000c2900000, 0x00000000c2900000| Untracked 
|1066|0x00000000c2a00000, 0x00000000c2a00000, 0x00000000c2b00000|  0%| F|  |TAMS 0x00000000c2a00000, 0x00000000c2a00000| Untracked 
|1067|0x00000000c2b00000, 0x00000000c2b00000, 0x00000000c2c00000|  0%| F|  |TAMS 0x00000000c2b00000, 0x00000000c2b00000| Untracked 
|1068|0x00000000c2c00000, 0x00000000c2c00000, 0x00000000c2d00000|  0%| F|  |TAMS 0x00000000c2c00000, 0x00000000c2c00000| Untracked 
|1069|0x00000000c2d00000, 0x00000000c2d00000, 0x00000000c2e00000|  0%| F|  |TAMS 0x00000000c2d00000, 0x00000000c2d00000| Untracked 
|1070|0x00000000c2e00000, 0x00000000c2e00000, 0x00000000c2f00000|  0%| F|  |TAMS 0x00000000c2e00000, 0x00000000c2e00000| Untracked 
|1071|0x00000000c2f00000, 0x00000000c2f00000, 0x00000000c3000000|  0%| F|  |TAMS 0x00000000c2f00000, 0x00000000c2f00000| Untracked 
|1072|0x00000000c3000000, 0x00000000c3000000, 0x00000000c3100000|  0%| F|  |TAMS 0x00000000c3000000, 0x00000000c3000000| Untracked 
|1073|0x00000000c3100000, 0x00000000c3100000, 0x00000000c3200000|  0%| F|  |TAMS 0x00000000c3100000, 0x00000000c3100000| Untracked 
|1074|0x00000000c3200000, 0x00000000c3200000, 0x00000000c3300000|  0%| F|  |TAMS 0x00000000c3200000, 0x00000000c3200000| Untracked 
|1075|0x00000000c3300000, 0x00000000c3300000, 0x00000000c3400000|  0%| F|  |TAMS 0x00000000c3300000, 0x00000000c3300000| Untracked 
|1076|0x00000000c3400000, 0x00000000c3400000, 0x00000000c3500000|  0%| F|  |TAMS 0x00000000c3400000, 0x00000000c3400000| Untracked 
|1077|0x00000000c3500000, 0x00000000c3500000, 0x00000000c3600000|  0%| F|  |TAMS 0x00000000c3500000, 0x00000000c3500000| Untracked 
|1078|0x00000000c3600000, 0x00000000c3600000, 0x00000000c3700000|  0%| F|  |TAMS 0x00000000c3600000, 0x00000000c3600000| Untracked 
|1079|0x00000000c3700000, 0x00000000c3700000, 0x00000000c3800000|  0%| F|  |TAMS 0x00000000c3700000, 0x00000000c3700000| Untracked 
|1080|0x00000000c3800000, 0x00000000c3800000, 0x00000000c3900000|  0%| F|  |TAMS 0x00000000c3800000, 0x00000000c3800000| Untracked 
|1081|0x00000000c3900000, 0x00000000c3900000, 0x00000000c3a00000|  0%| F|  |TAMS 0x00000000c3900000, 0x00000000c3900000| Untracked 
|1082|0x00000000c3a00000, 0x00000000c3a00000, 0x00000000c3b00000|  0%| F|  |TAMS 0x00000000c3a00000, 0x00000000c3a00000| Untracked 
|1083|0x00000000c3b00000, 0x00000000c3b00000, 0x00000000c3c00000|  0%| F|  |TAMS 0x00000000c3b00000, 0x00000000c3b00000| Untracked 
|1084|0x00000000c3c00000, 0x00000000c3c00000, 0x00000000c3d00000|  0%| F|  |TAMS 0x00000000c3c00000, 0x00000000c3c00000| Untracked 
|1085|0x00000000c3d00000, 0x00000000c3d00000, 0x00000000c3e00000|  0%| F|  |TAMS 0x00000000c3d00000, 0x00000000c3d00000| Untracked 
|1086|0x00000000c3e00000, 0x00000000c3e00000, 0x00000000c3f00000|  0%| F|  |TAMS 0x00000000c3e00000, 0x00000000c3e00000| Untracked 
|1087|0x00000000c3f00000, 0x00000000c3f00000, 0x00000000c4000000|  0%| F|  |TAMS 0x00000000c3f00000, 0x00000000c3f00000| Untracked 
|1088|0x00000000c4000000, 0x00000000c4000000, 0x00000000c4100000|  0%| F|  |TAMS 0x00000000c4000000, 0x00000000c4000000| Untracked 
|1089|0x00000000c4100000, 0x00000000c4100000, 0x00000000c4200000|  0%| F|  |TAMS 0x00000000c4100000, 0x00000000c4100000| Untracked 
|1090|0x00000000c4200000, 0x00000000c4200000, 0x00000000c4300000|  0%| F|  |TAMS 0x00000000c4200000, 0x00000000c4200000| Untracked 
|1091|0x00000000c4300000, 0x00000000c4300000, 0x00000000c4400000|  0%| F|  |TAMS 0x00000000c4300000, 0x00000000c4300000| Untracked 
|1092|0x00000000c4400000, 0x00000000c4400000, 0x00000000c4500000|  0%| F|  |TAMS 0x00000000c4400000, 0x00000000c4400000| Untracked 
|1093|0x00000000c4500000, 0x00000000c4500000, 0x00000000c4600000|  0%| F|  |TAMS 0x00000000c4500000, 0x00000000c4500000| Untracked 
|1094|0x00000000c4600000, 0x00000000c4600000, 0x00000000c4700000|  0%| F|  |TAMS 0x00000000c4600000, 0x00000000c4600000| Untracked 
|1095|0x00000000c4700000, 0x00000000c4700000, 0x00000000c4800000|  0%| F|  |TAMS 0x00000000c4700000, 0x00000000c4700000| Untracked 
|1096|0x00000000c4800000, 0x00000000c4800000, 0x00000000c4900000|  0%| F|  |TAMS 0x00000000c4800000, 0x00000000c4800000| Untracked 
|1097|0x00000000c4900000, 0x00000000c4900000, 0x00000000c4a00000|  0%| F|  |TAMS 0x00000000c4900000, 0x00000000c4900000| Untracked 
|1098|0x00000000c4a00000, 0x00000000c4a00000, 0x00000000c4b00000|  0%| F|  |TAMS 0x00000000c4a00000, 0x00000000c4a00000| Untracked 
|1099|0x00000000c4b00000, 0x00000000c4b00000, 0x00000000c4c00000|  0%| F|  |TAMS 0x00000000c4b00000, 0x00000000c4b00000| Untracked 
|1100|0x00000000c4c00000, 0x00000000c4c00000, 0x00000000c4d00000|  0%| F|  |TAMS 0x00000000c4c00000, 0x00000000c4c00000| Untracked 
|1101|0x00000000c4d00000, 0x00000000c4d00000, 0x00000000c4e00000|  0%| F|  |TAMS 0x00000000c4d00000, 0x00000000c4d00000| Untracked 
|1102|0x00000000c4e00000, 0x00000000c4e00000, 0x00000000c4f00000|  0%| F|  |TAMS 0x00000000c4e00000, 0x00000000c4e00000| Untracked 
|1103|0x00000000c4f00000, 0x00000000c4f00000, 0x00000000c5000000|  0%| F|  |TAMS 0x00000000c4f00000, 0x00000000c4f00000| Untracked 
|1104|0x00000000c5000000, 0x00000000c5000000, 0x00000000c5100000|  0%| F|  |TAMS 0x00000000c5000000, 0x00000000c5000000| Untracked 
|1105|0x00000000c5100000, 0x00000000c5100000, 0x00000000c5200000|  0%| F|  |TAMS 0x00000000c5100000, 0x00000000c5100000| Untracked 
|1106|0x00000000c5200000, 0x00000000c5200000, 0x00000000c5300000|  0%| F|  |TAMS 0x00000000c5200000, 0x00000000c5200000| Untracked 
|1107|0x00000000c5300000, 0x00000000c5300000, 0x00000000c5400000|  0%| F|  |TAMS 0x00000000c5300000, 0x00000000c5300000| Untracked 
|1108|0x00000000c5400000, 0x00000000c5400000, 0x00000000c5500000|  0%| F|  |TAMS 0x00000000c5400000, 0x00000000c5400000| Untracked 
|1109|0x00000000c5500000, 0x00000000c5500000, 0x00000000c5600000|  0%| F|  |TAMS 0x00000000c5500000, 0x00000000c5500000| Untracked 
|1110|0x00000000c5600000, 0x00000000c5600000, 0x00000000c5700000|  0%| F|  |TAMS 0x00000000c5600000, 0x00000000c5600000| Untracked 
|1111|0x00000000c5700000, 0x00000000c5700000, 0x00000000c5800000|  0%| F|  |TAMS 0x00000000c5700000, 0x00000000c5700000| Untracked 
|1112|0x00000000c5800000, 0x00000000c5800000, 0x00000000c5900000|  0%| F|  |TAMS 0x00000000c5800000, 0x00000000c5800000| Untracked 
|1113|0x00000000c5900000, 0x00000000c5900000, 0x00000000c5a00000|  0%| F|  |TAMS 0x00000000c5900000, 0x00000000c5900000| Untracked 
|1114|0x00000000c5a00000, 0x00000000c5a00000, 0x00000000c5b00000|  0%| F|  |TAMS 0x00000000c5a00000, 0x00000000c5a00000| Untracked 
|1115|0x00000000c5b00000, 0x00000000c5b00000, 0x00000000c5c00000|  0%| F|  |TAMS 0x00000000c5b00000, 0x00000000c5b00000| Untracked 
|1116|0x00000000c5c00000, 0x00000000c5c00000, 0x00000000c5d00000|  0%| F|  |TAMS 0x00000000c5c00000, 0x00000000c5c00000| Untracked 
|1117|0x00000000c5d00000, 0x00000000c5d00000, 0x00000000c5e00000|  0%| F|  |TAMS 0x00000000c5d00000, 0x00000000c5d00000| Untracked 
|1118|0x00000000c5e00000, 0x00000000c5e00000, 0x00000000c5f00000|  0%| F|  |TAMS 0x00000000c5e00000, 0x00000000c5e00000| Untracked 
|1119|0x00000000c5f00000, 0x00000000c5f00000, 0x00000000c6000000|  0%| F|  |TAMS 0x00000000c5f00000, 0x00000000c5f00000| Untracked 
|1120|0x00000000c6000000, 0x00000000c6000000, 0x00000000c6100000|  0%| F|  |TAMS 0x00000000c6000000, 0x00000000c6000000| Untracked 
|1121|0x00000000c6100000, 0x00000000c6100000, 0x00000000c6200000|  0%| F|  |TAMS 0x00000000c6100000, 0x00000000c6100000| Untracked 
|1122|0x00000000c6200000, 0x00000000c6200000, 0x00000000c6300000|  0%| F|  |TAMS 0x00000000c6200000, 0x00000000c6200000| Untracked 
|1123|0x00000000c6300000, 0x00000000c6300000, 0x00000000c6400000|  0%| F|  |TAMS 0x00000000c6300000, 0x00000000c6300000| Untracked 
|1124|0x00000000c6400000, 0x00000000c6400000, 0x00000000c6500000|  0%| F|  |TAMS 0x00000000c6400000, 0x00000000c6400000| Untracked 
|1125|0x00000000c6500000, 0x00000000c6500000, 0x00000000c6600000|  0%| F|  |TAMS 0x00000000c6500000, 0x00000000c6500000| Untracked 
|1126|0x00000000c6600000, 0x00000000c6600000, 0x00000000c6700000|  0%| F|  |TAMS 0x00000000c6600000, 0x00000000c6600000| Untracked 
|1127|0x00000000c6700000, 0x00000000c6700000, 0x00000000c6800000|  0%| F|  |TAMS 0x00000000c6700000, 0x00000000c6700000| Untracked 
|1128|0x00000000c6800000, 0x00000000c6800000, 0x00000000c6900000|  0%| F|  |TAMS 0x00000000c6800000, 0x00000000c6800000| Untracked 
|1129|0x00000000c6900000, 0x00000000c6900000, 0x00000000c6a00000|  0%| F|  |TAMS 0x00000000c6900000, 0x00000000c6900000| Untracked 
|1130|0x00000000c6a00000, 0x00000000c6a00000, 0x00000000c6b00000|  0%| F|  |TAMS 0x00000000c6a00000, 0x00000000c6a00000| Untracked 
|1131|0x00000000c6b00000, 0x00000000c6b00000, 0x00000000c6c00000|  0%| F|  |TAMS 0x00000000c6b00000, 0x00000000c6b00000| Untracked 
|1132|0x00000000c6c00000, 0x00000000c6c00000, 0x00000000c6d00000|  0%| F|  |TAMS 0x00000000c6c00000, 0x00000000c6c00000| Untracked 
|1133|0x00000000c6d00000, 0x00000000c6d00000, 0x00000000c6e00000|  0%| F|  |TAMS 0x00000000c6d00000, 0x00000000c6d00000| Untracked 
|1134|0x00000000c6e00000, 0x00000000c6f00000, 0x00000000c6f00000|100%| E|  |TAMS 0x00000000c6e00000, 0x00000000c6e00000| Complete 
|1135|0x00000000c6f00000, 0x00000000c7000000, 0x00000000c7000000|100%| E|CS|TAMS 0x00000000c6f00000, 0x00000000c6f00000| Complete 
|1136|0x00000000c7000000, 0x00000000c7100000, 0x00000000c7100000|100%| E|CS|TAMS 0x00000000c7000000, 0x00000000c7000000| Complete 
|1137|0x00000000c7100000, 0x00000000c7200000, 0x00000000c7200000|100%| E|CS|TAMS 0x00000000c7100000, 0x00000000c7100000| Complete 
|1138|0x00000000c7200000, 0x00000000c7300000, 0x00000000c7300000|100%| E|CS|TAMS 0x00000000c7200000, 0x00000000c7200000| Complete 
|1139|0x00000000c7300000, 0x00000000c7400000, 0x00000000c7400000|100%| E|CS|TAMS 0x00000000c7300000, 0x00000000c7300000| Complete 
|1140|0x00000000c7400000, 0x00000000c7500000, 0x00000000c7500000|100%| E|CS|TAMS 0x00000000c7400000, 0x00000000c7400000| Complete 
|1141|0x00000000c7500000, 0x00000000c7600000, 0x00000000c7600000|100%| E|CS|TAMS 0x00000000c7500000, 0x00000000c7500000| Complete 
|1142|0x00000000c7600000, 0x00000000c7700000, 0x00000000c7700000|100%| E|CS|TAMS 0x00000000c7600000, 0x00000000c7600000| Complete 
|1143|0x00000000c7700000, 0x00000000c7800000, 0x00000000c7800000|100%| E|CS|TAMS 0x00000000c7700000, 0x00000000c7700000| Complete 
|1144|0x00000000c7800000, 0x00000000c7900000, 0x00000000c7900000|100%| E|CS|TAMS 0x00000000c7800000, 0x00000000c7800000| Complete 
|1145|0x00000000c7900000, 0x00000000c7a00000, 0x00000000c7a00000|100%| E|CS|TAMS 0x00000000c7900000, 0x00000000c7900000| Complete 
|1146|0x00000000c7a00000, 0x00000000c7b00000, 0x00000000c7b00000|100%| E|CS|TAMS 0x00000000c7a00000, 0x00000000c7a00000| Complete 
|1147|0x00000000c7b00000, 0x00000000c7c00000, 0x00000000c7c00000|100%| E|CS|TAMS 0x00000000c7b00000, 0x00000000c7b00000| Complete 
|1148|0x00000000c7c00000, 0x00000000c7d00000, 0x00000000c7d00000|100%| E|CS|TAMS 0x00000000c7c00000, 0x00000000c7c00000| Complete 
|1149|0x00000000c7d00000, 0x00000000c7e00000, 0x00000000c7e00000|100%| E|CS|TAMS 0x00000000c7d00000, 0x00000000c7d00000| Complete 
|1150|0x00000000c7e00000, 0x00000000c7f00000, 0x00000000c7f00000|100%| E|CS|TAMS 0x00000000c7e00000, 0x00000000c7e00000| Complete 
|1151|0x00000000c7f00000, 0x00000000c8000000, 0x00000000c8000000|100%| E|CS|TAMS 0x00000000c7f00000, 0x00000000c7f00000| Complete 
|1152|0x00000000c8000000, 0x00000000c8100000, 0x00000000c8100000|100%| E|CS|TAMS 0x00000000c8000000, 0x00000000c8000000| Complete 
|1153|0x00000000c8100000, 0x00000000c8200000, 0x00000000c8200000|100%| E|CS|TAMS 0x00000000c8100000, 0x00000000c8100000| Complete 
|1154|0x00000000c8200000, 0x00000000c8300000, 0x00000000c8300000|100%| E|CS|TAMS 0x00000000c8200000, 0x00000000c8200000| Complete 
|1155|0x00000000c8300000, 0x00000000c8400000, 0x00000000c8400000|100%| E|CS|TAMS 0x00000000c8300000, 0x00000000c8300000| Complete 
|1156|0x00000000c8400000, 0x00000000c8500000, 0x00000000c8500000|100%| E|CS|TAMS 0x00000000c8400000, 0x00000000c8400000| Complete 
|1157|0x00000000c8500000, 0x00000000c8600000, 0x00000000c8600000|100%| E|CS|TAMS 0x00000000c8500000, 0x00000000c8500000| Complete 
|1158|0x00000000c8600000, 0x00000000c8700000, 0x00000000c8700000|100%| E|CS|TAMS 0x00000000c8600000, 0x00000000c8600000| Complete 
|1159|0x00000000c8700000, 0x00000000c8800000, 0x00000000c8800000|100%| E|CS|TAMS 0x00000000c8700000, 0x00000000c8700000| Complete 
|1160|0x00000000c8800000, 0x00000000c8900000, 0x00000000c8900000|100%| E|CS|TAMS 0x00000000c8800000, 0x00000000c8800000| Complete 
|1161|0x00000000c8900000, 0x00000000c8a00000, 0x00000000c8a00000|100%| E|CS|TAMS 0x00000000c8900000, 0x00000000c8900000| Complete 
|1162|0x00000000c8a00000, 0x00000000c8b00000, 0x00000000c8b00000|100%| E|CS|TAMS 0x00000000c8a00000, 0x00000000c8a00000| Complete 
|1163|0x00000000c8b00000, 0x00000000c8c00000, 0x00000000c8c00000|100%| E|CS|TAMS 0x00000000c8b00000, 0x00000000c8b00000| Complete 
|1164|0x00000000c8c00000, 0x00000000c8d00000, 0x00000000c8d00000|100%| E|CS|TAMS 0x00000000c8c00000, 0x00000000c8c00000| Complete 
|1165|0x00000000c8d00000, 0x00000000c8e00000, 0x00000000c8e00000|100%| E|CS|TAMS 0x00000000c8d00000, 0x00000000c8d00000| Complete 
|1166|0x00000000c8e00000, 0x00000000c8f00000, 0x00000000c8f00000|100%| E|CS|TAMS 0x00000000c8e00000, 0x00000000c8e00000| Complete 
|1167|0x00000000c8f00000, 0x00000000c9000000, 0x00000000c9000000|100%| E|CS|TAMS 0x00000000c8f00000, 0x00000000c8f00000| Complete 
|1168|0x00000000c9000000, 0x00000000c9100000, 0x00000000c9100000|100%| E|  |TAMS 0x00000000c9000000, 0x00000000c9000000| Complete 
|1169|0x00000000c9100000, 0x00000000c9200000, 0x00000000c9200000|100%| E|CS|TAMS 0x00000000c9100000, 0x00000000c9100000| Complete 
|1170|0x00000000c9200000, 0x00000000c9300000, 0x00000000c9300000|100%| E|CS|TAMS 0x00000000c9200000, 0x00000000c9200000| Complete 
|1171|0x00000000c9300000, 0x00000000c9400000, 0x00000000c9400000|100%| E|CS|TAMS 0x00000000c9300000, 0x00000000c9300000| Complete 
|1172|0x00000000c9400000, 0x00000000c9500000, 0x00000000c9500000|100%| E|CS|TAMS 0x00000000c9400000, 0x00000000c9400000| Complete 
|1173|0x00000000c9500000, 0x00000000c9600000, 0x00000000c9600000|100%| E|CS|TAMS 0x00000000c9500000, 0x00000000c9500000| Complete 
|1174|0x00000000c9600000, 0x00000000c9700000, 0x00000000c9700000|100%| E|CS|TAMS 0x00000000c9600000, 0x00000000c9600000| Complete 
|1175|0x00000000c9700000, 0x00000000c9800000, 0x00000000c9800000|100%| E|CS|TAMS 0x00000000c9700000, 0x00000000c9700000| Complete 
|1176|0x00000000c9800000, 0x00000000c9900000, 0x00000000c9900000|100%| E|CS|TAMS 0x00000000c9800000, 0x00000000c9800000| Complete 
|1177|0x00000000c9900000, 0x00000000c9a00000, 0x00000000c9a00000|100%| E|CS|TAMS 0x00000000c9900000, 0x00000000c9900000| Complete 
|1178|0x00000000c9a00000, 0x00000000c9b00000, 0x00000000c9b00000|100%| E|CS|TAMS 0x00000000c9a00000, 0x00000000c9a00000| Complete 
|1179|0x00000000c9b00000, 0x00000000c9c00000, 0x00000000c9c00000|100%| E|CS|TAMS 0x00000000c9b00000, 0x00000000c9b00000| Complete 
|1180|0x00000000c9c00000, 0x00000000c9d00000, 0x00000000c9d00000|100%| E|CS|TAMS 0x00000000c9c00000, 0x00000000c9c00000| Complete 
|1181|0x00000000c9d00000, 0x00000000c9e00000, 0x00000000c9e00000|100%| E|CS|TAMS 0x00000000c9d00000, 0x00000000c9d00000| Complete 
|1182|0x00000000c9e00000, 0x00000000c9f00000, 0x00000000c9f00000|100%| E|CS|TAMS 0x00000000c9e00000, 0x00000000c9e00000| Complete 
|1183|0x00000000c9f00000, 0x00000000ca000000, 0x00000000ca000000|100%| E|CS|TAMS 0x00000000c9f00000, 0x00000000c9f00000| Complete 
|1184|0x00000000ca000000, 0x00000000ca100000, 0x00000000ca100000|100%| E|CS|TAMS 0x00000000ca000000, 0x00000000ca000000| Complete 
|1185|0x00000000ca100000, 0x00000000ca200000, 0x00000000ca200000|100%| E|CS|TAMS 0x00000000ca100000, 0x00000000ca100000| Complete 
|1186|0x00000000ca200000, 0x00000000ca300000, 0x00000000ca300000|100%| E|CS|TAMS 0x00000000ca200000, 0x00000000ca200000| Complete 
|1187|0x00000000ca300000, 0x00000000ca400000, 0x00000000ca400000|100%| E|CS|TAMS 0x00000000ca300000, 0x00000000ca300000| Complete 
|1188|0x00000000ca400000, 0x00000000ca500000, 0x00000000ca500000|100%| E|CS|TAMS 0x00000000ca400000, 0x00000000ca400000| Complete 
|1189|0x00000000ca500000, 0x00000000ca600000, 0x00000000ca600000|100%| E|CS|TAMS 0x00000000ca500000, 0x00000000ca500000| Complete 
|1190|0x00000000ca600000, 0x00000000ca700000, 0x00000000ca700000|100%| E|CS|TAMS 0x00000000ca600000, 0x00000000ca600000| Complete 
|1191|0x00000000ca700000, 0x00000000ca800000, 0x00000000ca800000|100%| E|CS|TAMS 0x00000000ca700000, 0x00000000ca700000| Complete 
|1192|0x00000000ca800000, 0x00000000ca900000, 0x00000000ca900000|100%| E|CS|TAMS 0x00000000ca800000, 0x00000000ca800000| Complete 
|1193|0x00000000ca900000, 0x00000000caa00000, 0x00000000caa00000|100%| E|CS|TAMS 0x00000000ca900000, 0x00000000ca900000| Complete 
|1194|0x00000000caa00000, 0x00000000cab00000, 0x00000000cab00000|100%| E|CS|TAMS 0x00000000caa00000, 0x00000000caa00000| Complete 
|1195|0x00000000cab00000, 0x00000000cac00000, 0x00000000cac00000|100%| E|CS|TAMS 0x00000000cab00000, 0x00000000cab00000| Complete 
|1196|0x00000000cac00000, 0x00000000cad00000, 0x00000000cad00000|100%| E|CS|TAMS 0x00000000cac00000, 0x00000000cac00000| Complete 
|1197|0x00000000cad00000, 0x00000000cae00000, 0x00000000cae00000|100%| E|CS|TAMS 0x00000000cad00000, 0x00000000cad00000| Complete 
|1198|0x00000000cae00000, 0x00000000caf00000, 0x00000000caf00000|100%| E|CS|TAMS 0x00000000cae00000, 0x00000000cae00000| Complete 
|1199|0x00000000caf00000, 0x00000000cb000000, 0x00000000cb000000|100%| E|CS|TAMS 0x00000000caf00000, 0x00000000caf00000| Complete 
|1200|0x00000000cb000000, 0x00000000cb100000, 0x00000000cb100000|100%| E|CS|TAMS 0x00000000cb000000, 0x00000000cb000000| Complete 
|1201|0x00000000cb100000, 0x00000000cb200000, 0x00000000cb200000|100%| E|CS|TAMS 0x00000000cb100000, 0x00000000cb100000| Complete 
|1202|0x00000000cb200000, 0x00000000cb300000, 0x00000000cb300000|100%| E|CS|TAMS 0x00000000cb200000, 0x00000000cb200000| Complete 
|1203|0x00000000cb300000, 0x00000000cb400000, 0x00000000cb400000|100%| E|CS|TAMS 0x00000000cb300000, 0x00000000cb300000| Complete 
|1204|0x00000000cb400000, 0x00000000cb500000, 0x00000000cb500000|100%| E|CS|TAMS 0x00000000cb400000, 0x00000000cb400000| Complete 
|1205|0x00000000cb500000, 0x00000000cb600000, 0x00000000cb600000|100%| E|CS|TAMS 0x00000000cb500000, 0x00000000cb500000| Complete 
|1206|0x00000000cb600000, 0x00000000cb700000, 0x00000000cb700000|100%| E|CS|TAMS 0x00000000cb600000, 0x00000000cb600000| Complete 
|1207|0x00000000cb700000, 0x00000000cb800000, 0x00000000cb800000|100%| E|CS|TAMS 0x00000000cb700000, 0x00000000cb700000| Complete 
|1208|0x00000000cb800000, 0x00000000cb900000, 0x00000000cb900000|100%| E|CS|TAMS 0x00000000cb800000, 0x00000000cb800000| Complete 
|1209|0x00000000cb900000, 0x00000000cba00000, 0x00000000cba00000|100%| E|CS|TAMS 0x00000000cb900000, 0x00000000cb900000| Complete 
|1210|0x00000000cba00000, 0x00000000cbb00000, 0x00000000cbb00000|100%| E|CS|TAMS 0x00000000cba00000, 0x00000000cba00000| Complete 
|1211|0x00000000cbb00000, 0x00000000cbc00000, 0x00000000cbc00000|100%| E|CS|TAMS 0x00000000cbb00000, 0x00000000cbb00000| Complete 
|1212|0x00000000cbc00000, 0x00000000cbd00000, 0x00000000cbd00000|100%| E|CS|TAMS 0x00000000cbc00000, 0x00000000cbc00000| Complete 
|1213|0x00000000cbd00000, 0x00000000cbe00000, 0x00000000cbe00000|100%| E|CS|TAMS 0x00000000cbd00000, 0x00000000cbd00000| Complete 
|1214|0x00000000cbe00000, 0x00000000cbf00000, 0x00000000cbf00000|100%| E|CS|TAMS 0x00000000cbe00000, 0x00000000cbe00000| Complete 
|1215|0x00000000cbf00000, 0x00000000cc000000, 0x00000000cc000000|100%| E|CS|TAMS 0x00000000cbf00000, 0x00000000cbf00000| Complete 
|1216|0x00000000cc000000, 0x00000000cc100000, 0x00000000cc100000|100%| E|CS|TAMS 0x00000000cc000000, 0x00000000cc000000| Complete 
|1217|0x00000000cc100000, 0x00000000cc200000, 0x00000000cc200000|100%| E|CS|TAMS 0x00000000cc100000, 0x00000000cc100000| Complete 
|1218|0x00000000cc200000, 0x00000000cc300000, 0x00000000cc300000|100%| E|CS|TAMS 0x00000000cc200000, 0x00000000cc200000| Complete 
|1219|0x00000000cc300000, 0x00000000cc400000, 0x00000000cc400000|100%| E|CS|TAMS 0x00000000cc300000, 0x00000000cc300000| Complete 
|1220|0x00000000cc400000, 0x00000000cc500000, 0x00000000cc500000|100%| E|CS|TAMS 0x00000000cc400000, 0x00000000cc400000| Complete 
|1221|0x00000000cc500000, 0x00000000cc600000, 0x00000000cc600000|100%| E|CS|TAMS 0x00000000cc500000, 0x00000000cc500000| Complete 
|1222|0x00000000cc600000, 0x00000000cc700000, 0x00000000cc700000|100%| E|CS|TAMS 0x00000000cc600000, 0x00000000cc600000| Complete 
|1223|0x00000000cc700000, 0x00000000cc800000, 0x00000000cc800000|100%| E|CS|TAMS 0x00000000cc700000, 0x00000000cc700000| Complete 
|1224|0x00000000cc800000, 0x00000000cc900000, 0x00000000cc900000|100%| E|CS|TAMS 0x00000000cc800000, 0x00000000cc800000| Complete 
|1225|0x00000000cc900000, 0x00000000cca00000, 0x00000000cca00000|100%| E|CS|TAMS 0x00000000cc900000, 0x00000000cc900000| Complete 
|1226|0x00000000cca00000, 0x00000000ccb00000, 0x00000000ccb00000|100%| E|CS|TAMS 0x00000000cca00000, 0x00000000cca00000| Complete 
|1227|0x00000000ccb00000, 0x00000000ccc00000, 0x00000000ccc00000|100%| E|CS|TAMS 0x00000000ccb00000, 0x00000000ccb00000| Complete 
|1228|0x00000000ccc00000, 0x00000000ccd00000, 0x00000000ccd00000|100%| E|CS|TAMS 0x00000000ccc00000, 0x00000000ccc00000| Complete 
|1229|0x00000000ccd00000, 0x00000000cce00000, 0x00000000cce00000|100%| E|CS|TAMS 0x00000000ccd00000, 0x00000000ccd00000| Complete 
|1230|0x00000000cce00000, 0x00000000ccf00000, 0x00000000ccf00000|100%| E|CS|TAMS 0x00000000cce00000, 0x00000000cce00000| Complete 
|1231|0x00000000ccf00000, 0x00000000cd000000, 0x00000000cd000000|100%| E|CS|TAMS 0x00000000ccf00000, 0x00000000ccf00000| Complete 
|1232|0x00000000cd000000, 0x00000000cd100000, 0x00000000cd100000|100%| E|CS|TAMS 0x00000000cd000000, 0x00000000cd000000| Complete 
|1233|0x00000000cd100000, 0x00000000cd200000, 0x00000000cd200000|100%| E|CS|TAMS 0x00000000cd100000, 0x00000000cd100000| Complete 
|1234|0x00000000cd200000, 0x00000000cd300000, 0x00000000cd300000|100%| E|CS|TAMS 0x00000000cd200000, 0x00000000cd200000| Complete 
|1235|0x00000000cd300000, 0x00000000cd400000, 0x00000000cd400000|100%| E|CS|TAMS 0x00000000cd300000, 0x00000000cd300000| Complete 
|1236|0x00000000cd400000, 0x00000000cd500000, 0x00000000cd500000|100%| E|CS|TAMS 0x00000000cd400000, 0x00000000cd400000| Complete 
|1237|0x00000000cd500000, 0x00000000cd600000, 0x00000000cd600000|100%| E|CS|TAMS 0x00000000cd500000, 0x00000000cd500000| Complete 
|1238|0x00000000cd600000, 0x00000000cd700000, 0x00000000cd700000|100%| E|CS|TAMS 0x00000000cd600000, 0x00000000cd600000| Complete 
|1239|0x00000000cd700000, 0x00000000cd800000, 0x00000000cd800000|100%| E|CS|TAMS 0x00000000cd700000, 0x00000000cd700000| Complete 
|1240|0x00000000cd800000, 0x00000000cd900000, 0x00000000cd900000|100%| E|CS|TAMS 0x00000000cd800000, 0x00000000cd800000| Complete 
|1241|0x00000000cd900000, 0x00000000cda00000, 0x00000000cda00000|100%| E|CS|TAMS 0x00000000cd900000, 0x00000000cd900000| Complete 
|1242|0x00000000cda00000, 0x00000000cdb00000, 0x00000000cdb00000|100%| E|CS|TAMS 0x00000000cda00000, 0x00000000cda00000| Complete 
|1243|0x00000000cdb00000, 0x00000000cdc00000, 0x00000000cdc00000|100%| E|CS|TAMS 0x00000000cdb00000, 0x00000000cdb00000| Complete 
|1244|0x00000000cdc00000, 0x00000000cdd00000, 0x00000000cdd00000|100%| E|CS|TAMS 0x00000000cdc00000, 0x00000000cdc00000| Complete 
|1245|0x00000000cdd00000, 0x00000000cde00000, 0x00000000cde00000|100%| E|CS|TAMS 0x00000000cdd00000, 0x00000000cdd00000| Complete 
|1246|0x00000000cde00000, 0x00000000cdf00000, 0x00000000cdf00000|100%| E|CS|TAMS 0x00000000cde00000, 0x00000000cde00000| Complete 
|1247|0x00000000cdf00000, 0x00000000ce000000, 0x00000000ce000000|100%| E|CS|TAMS 0x00000000cdf00000, 0x00000000cdf00000| Complete 
|1248|0x00000000ce000000, 0x00000000ce100000, 0x00000000ce100000|100%| E|CS|TAMS 0x00000000ce000000, 0x00000000ce000000| Complete 
|1249|0x00000000ce100000, 0x00000000ce200000, 0x00000000ce200000|100%| E|CS|TAMS 0x00000000ce100000, 0x00000000ce100000| Complete 
|1250|0x00000000ce200000, 0x00000000ce300000, 0x00000000ce300000|100%| E|CS|TAMS 0x00000000ce200000, 0x00000000ce200000| Complete 
|1251|0x00000000ce300000, 0x00000000ce400000, 0x00000000ce400000|100%| E|CS|TAMS 0x00000000ce300000, 0x00000000ce300000| Complete 
|1252|0x00000000ce400000, 0x00000000ce500000, 0x00000000ce500000|100%| E|CS|TAMS 0x00000000ce400000, 0x00000000ce400000| Complete 
|1253|0x00000000ce500000, 0x00000000ce600000, 0x00000000ce600000|100%| E|CS|TAMS 0x00000000ce500000, 0x00000000ce500000| Complete 
|1254|0x00000000ce600000, 0x00000000ce700000, 0x00000000ce700000|100%| E|CS|TAMS 0x00000000ce600000, 0x00000000ce600000| Complete 
|1255|0x00000000ce700000, 0x00000000ce800000, 0x00000000ce800000|100%| E|CS|TAMS 0x00000000ce700000, 0x00000000ce700000| Complete 
|1256|0x00000000ce800000, 0x00000000ce900000, 0x00000000ce900000|100%| E|CS|TAMS 0x00000000ce800000, 0x00000000ce800000| Complete 
|1257|0x00000000ce900000, 0x00000000cea00000, 0x00000000cea00000|100%| E|CS|TAMS 0x00000000ce900000, 0x00000000ce900000| Complete 
|1258|0x00000000cea00000, 0x00000000ceb00000, 0x00000000ceb00000|100%| E|CS|TAMS 0x00000000cea00000, 0x00000000cea00000| Complete 
|1259|0x00000000ceb00000, 0x00000000cec00000, 0x00000000cec00000|100%| E|CS|TAMS 0x00000000ceb00000, 0x00000000ceb00000| Complete 
|1260|0x00000000cec00000, 0x00000000ced00000, 0x00000000ced00000|100%| E|CS|TAMS 0x00000000cec00000, 0x00000000cec00000| Complete 
|1261|0x00000000ced00000, 0x00000000cee00000, 0x00000000cee00000|100%| E|CS|TAMS 0x00000000ced00000, 0x00000000ced00000| Complete 
|1262|0x00000000cee00000, 0x00000000cef00000, 0x00000000cef00000|100%| E|CS|TAMS 0x00000000cee00000, 0x00000000cee00000| Complete 
|1263|0x00000000cef00000, 0x00000000cf000000, 0x00000000cf000000|100%| E|CS|TAMS 0x00000000cef00000, 0x00000000cef00000| Complete 
|1264|0x00000000cf000000, 0x00000000cf100000, 0x00000000cf100000|100%| E|CS|TAMS 0x00000000cf000000, 0x00000000cf000000| Complete 
|1265|0x00000000cf100000, 0x00000000cf200000, 0x00000000cf200000|100%| E|CS|TAMS 0x00000000cf100000, 0x00000000cf100000| Complete 
|1266|0x00000000cf200000, 0x00000000cf300000, 0x00000000cf300000|100%| E|CS|TAMS 0x00000000cf200000, 0x00000000cf200000| Complete 
|1267|0x00000000cf300000, 0x00000000cf400000, 0x00000000cf400000|100%| E|CS|TAMS 0x00000000cf300000, 0x00000000cf300000| Complete 
|1268|0x00000000cf400000, 0x00000000cf500000, 0x00000000cf500000|100%| E|CS|TAMS 0x00000000cf400000, 0x00000000cf400000| Complete 
|1269|0x00000000cf500000, 0x00000000cf600000, 0x00000000cf600000|100%| E|CS|TAMS 0x00000000cf500000, 0x00000000cf500000| Complete 
|1270|0x00000000cf600000, 0x00000000cf700000, 0x00000000cf700000|100%| E|CS|TAMS 0x00000000cf600000, 0x00000000cf600000| Complete 
|1271|0x00000000cf700000, 0x00000000cf800000, 0x00000000cf800000|100%| E|CS|TAMS 0x00000000cf700000, 0x00000000cf700000| Complete 
|1272|0x00000000cf800000, 0x00000000cf900000, 0x00000000cf900000|100%| E|CS|TAMS 0x00000000cf800000, 0x00000000cf800000| Complete 
|1273|0x00000000cf900000, 0x00000000cfa00000, 0x00000000cfa00000|100%| E|CS|TAMS 0x00000000cf900000, 0x00000000cf900000| Complete 
|1274|0x00000000cfa00000, 0x00000000cfb00000, 0x00000000cfb00000|100%| E|CS|TAMS 0x00000000cfa00000, 0x00000000cfa00000| Complete 
|1275|0x00000000cfb00000, 0x00000000cfc00000, 0x00000000cfc00000|100%| E|CS|TAMS 0x00000000cfb00000, 0x00000000cfb00000| Complete 
|1276|0x00000000cfc00000, 0x00000000cfd00000, 0x00000000cfd00000|100%| E|CS|TAMS 0x00000000cfc00000, 0x00000000cfc00000| Complete 
|1277|0x00000000cfd00000, 0x00000000cfe00000, 0x00000000cfe00000|100%| E|CS|TAMS 0x00000000cfd00000, 0x00000000cfd00000| Complete 
|1278|0x00000000cfe00000, 0x00000000cff00000, 0x00000000cff00000|100%| E|CS|TAMS 0x00000000cfe00000, 0x00000000cfe00000| Complete 
|1279|0x00000000cff00000, 0x00000000d0000000, 0x00000000d0000000|100%| E|CS|TAMS 0x00000000cff00000, 0x00000000cff00000| Complete 
|1280|0x00000000d0000000, 0x00000000d0100000, 0x00000000d0100000|100%| E|CS|TAMS 0x00000000d0000000, 0x00000000d0000000| Complete 
|2029|0x00000000fed00000, 0x00000000fee00000, 0x00000000fee00000|100%| E|CS|TAMS 0x00000000fed00000, 0x00000000fed00000| Complete 
|2030|0x00000000fee00000, 0x00000000fef00000, 0x00000000fef00000|100%| O|  |TAMS 0x00000000fef00000, 0x00000000fef00000| Untracked 
|2031|0x00000000fef00000, 0x00000000ff000000, 0x00000000ff000000|100%| O|  |TAMS 0x00000000ff000000, 0x00000000ff000000| Untracked 
|2032|0x00000000ff000000, 0x00000000ff100000, 0x00000000ff100000|100%| E|CS|TAMS 0x00000000ff000000, 0x00000000ff000000| Complete 
|2033|0x00000000ff100000, 0x00000000ff200000, 0x00000000ff200000|100%| O|  |TAMS 0x00000000ff200000, 0x00000000ff200000| Untracked 
|2034|0x00000000ff200000, 0x00000000ff300000, 0x00000000ff300000|100%| E|CS|TAMS 0x00000000ff200000, 0x00000000ff200000| Complete 
|2035|0x00000000ff300000, 0x00000000ff400000, 0x00000000ff400000|100%| O|  |TAMS 0x00000000ff400000, 0x00000000ff400000| Untracked 
|2036|0x00000000ff400000, 0x00000000ff500000, 0x00000000ff500000|100%| E|CS|TAMS 0x00000000ff400000, 0x00000000ff400000| Complete 
|2037|0x00000000ff500000, 0x00000000ff600000, 0x00000000ff600000|100%| E|CS|TAMS 0x00000000ff500000, 0x00000000ff500000| Complete 
|2038|0x00000000ff600000, 0x00000000ff700000, 0x00000000ff700000|100%| O|  |TAMS 0x00000000ff700000, 0x00000000ff700000| Untracked 
|2039|0x00000000ff700000, 0x00000000ff800000, 0x00000000ff800000|100%| O|  |TAMS 0x00000000ff800000, 0x00000000ff800000| Untracked 
|2040|0x00000000ff800000, 0x00000000ff900000, 0x00000000ff900000|100%| O|  |TAMS 0x00000000ff900000, 0x00000000ff900000| Untracked 
|2041|0x00000000ff900000, 0x00000000ffa00000, 0x00000000ffa00000|100%| O|  |TAMS 0x00000000ffa00000, 0x00000000ffa00000| Untracked 
|2042|0x00000000ffa00000, 0x00000000ffb00000, 0x00000000ffb00000|100%| E|CS|TAMS 0x00000000ffa00000, 0x00000000ffa00000| Complete 
|2043|0x00000000ffb00000, 0x00000000ffc00000, 0x00000000ffc00000|100%| E|CS|TAMS 0x00000000ffb00000, 0x00000000ffb00000| Complete 
|2044|0x00000000ffc00000, 0x00000000ffd00000, 0x00000000ffd00000|100%| O|  |TAMS 0x00000000ffd00000, 0x00000000ffd00000| Untracked 
|2045|0x00000000ffd00000, 0x00000000ffe00000, 0x00000000ffe00000|100%| O|  |TAMS 0x00000000ffe00000, 0x00000000ffe00000| Untracked 
|2046|0x00000000ffe00000, 0x00000000fff00000, 0x00000000fff00000|100%| O|  |TAMS 0x00000000fff00000, 0x00000000fff00000| Untracked 
|2047|0x00000000fff00000, 0x0000000100000000, 0x0000000100000000|100%| O|  |TAMS 0x0000000100000000, 0x0000000100000000| Untracked 

Card table byte_map: [0x0000022ca37f0000,0x0000022ca3bf0000] _byte_map_base: 0x0000022ca33f0000

Marking Bits (Prev, Next): (CMBitMap*) 0x0000022c8c8f0f60, (CMBitMap*) 0x0000022c8c8f0f20
 Prev Bits: [0x0000022ca5ff0000, 0x0000022ca7ff0000)
 Next Bits: [0x0000022ca3ff0000, 0x0000022ca5ff0000)

Polling page: 0x0000022c8a850000

Metaspace:

Usage:
  Non-class:    134.53 MB used.
      Class:     20.14 MB used.
       Both:    154.66 MB used.

Virtual space:
  Non-class space:      192.00 MB reserved,     135.25 MB ( 70%) committed,  3 nodes.
      Class space:        1.00 GB reserved,      20.81 MB (  2%) committed,  1 nodes.
             Both:        1.19 GB reserved,     156.06 MB ( 13%) committed. 

Chunk freelists:
   Non-Class:  8.41 MB
       Class:  11.08 MB
        Both:  19.48 MB

MaxMetaspaceSize: unlimited
CompressedClassSpaceSize: 1.00 GB
Initial GC threshold: 21.00 MB
Current GC threshold: 259.06 MB
CDS: on
MetaspaceReclaimPolicy: balanced
 - commit_granule_bytes: 65536.
 - commit_granule_words: 8192.
 - virtual_space_node_default_size: 8388608.
 - enlarge_chunks_in_place: 1.
 - new_chunks_are_fully_committed: 0.
 - uncommit_free_chunks: 1.
 - use_allocation_guard: 0.
 - handle_deallocations: 1.


Internal statistics:

num_allocs_failed_limit: 15.
num_arena_births: 2956.
num_arena_deaths: 522.
num_vsnodes_births: 4.
num_vsnodes_deaths: 0.
num_space_committed: 2496.
num_space_uncommitted: 2.
num_chunks_returned_to_freelist: 752.
num_chunks_taken_from_freelist: 10158.
num_chunk_merges: 285.
num_chunk_splits: 6256.
num_chunks_enlarged: 3769.
num_inconsistent_stats: 0.

CodeHeap 'non-profiled nmethods': size=120000Kb used=24740Kb max_used=24740Kb free=95259Kb
 bounds [0x0000022c9bec0000, 0x0000022c9d6f0000, 0x0000022ca33f0000]
CodeHeap 'profiled nmethods': size=120000Kb used=51359Kb max_used=51359Kb free=68640Kb
 bounds [0x0000022c943f0000, 0x0000022c97620000, 0x0000022c9b920000]
CodeHeap 'non-nmethods': size=5760Kb used=1867Kb max_used=1951Kb free=3892Kb
 bounds [0x0000022c9b920000, 0x0000022c9bb90000, 0x0000022c9bec0000]
 total_blobs=27972 nmethods=26996 adapters=886
 compilation: enabled
              stopped_count=0, restarted_count=0
 full_count=0

Compilation events (20 events):
Event: 3787.278 Thread 0x0000022caa4bb9f0 36159       4       com.android.tools.r8.dex.w$$Lambda$3151/0x0000022cad076ba0::accept (24 bytes)
Event: 3787.281 Thread 0x0000022caa4bb9f0 nmethod 36159 0x0000022c9d6bf010 code [0x0000022c9d6bf1a0, 0x0000022c9d6bf2c8]
Event: 3787.281 Thread 0x0000022caa4bb9f0 36160       4       com.android.tools.r8.naming.U$b::toString (27 bytes)
Event: 3787.309 Thread 0x0000022caa4dc310 36162       3       com.android.tools.r8.dex.M::a (264 bytes)
Event: 3787.309 Thread 0x0000022caa4bb9f0 nmethod 36160 0x0000022c9d6bf410 code [0x0000022c9d6bf5e0, 0x0000022c9d6c0168]
Event: 3787.309 Thread 0x0000022caa4bb9f0 36161       4       com.android.tools.r8.graph.z2::a (101 bytes)
Event: 3787.313 Thread 0x0000022caa4dc310 nmethod 36162 0x0000022c975b6890 code [0x0000022c975b6d00, 0x0000022c975b8fb8]
Event: 3787.316 Thread 0x0000022caa4dc310 36163       3       com.android.tools.r8.graph.K4$$Lambda$3352/0x0000022cad09b400::test (12 bytes)
Event: 3787.316 Thread 0x0000022caa4dc310 nmethod 36163 0x0000022c975b6210 code [0x0000022c975b63e0, 0x0000022c975b6708]
Event: 3787.317 Thread 0x0000022caa4dc310 36164       3       com.android.tools.r8.graph.H4::j (32 bytes)
Event: 3787.317 Thread 0x0000022caa4dc310 nmethod 36164 0x0000022c975b5910 code [0x0000022c975b5b00, 0x0000022c975b6008]
Event: 3787.476 Thread 0x0000022cfbbb5b30 nmethod 36153 0x0000022c9d6c0f10 code [0x0000022c9d6c1480, 0x0000022c9d6c61c8]
Event: 3787.477 Thread 0x0000022cfbbb5b30 36166       4       com.android.tools.r8.internal.Sh::equals (54 bytes)
Event: 3787.480 Thread 0x0000022cfbbb5b30 nmethod 36166 0x0000022c9d6c9310 code [0x0000022c9d6c94a0, 0x0000022c9d6c9618]
Event: 3787.480 Thread 0x0000022cfbbb5b30 36165       4       com.android.tools.r8.dex.w$$Lambda$3152/0x0000022cad077228::apply (15 bytes)
Event: 3787.498 Thread 0x0000022cfbbb5b30 nmethod 36165 0x0000022c9d6c9810 code [0x0000022c9d6c9a00, 0x0000022c9d6ca048]
Event: 3787.498 Thread 0x0000022cfbbb5b30 36167       4       com.android.tools.r8.graph.M0::a (10 bytes)
Event: 3787.500 Thread 0x0000022cfbbb5b30 nmethod 36167 0x0000022c9d6ca690 code [0x0000022c9d6ca820, 0x0000022c9d6ca938]
Event: 3787.573 Thread 0x0000022caa4dc310 36168 %     3       java.util.TimSort::mergeHi @ 311 (732 bytes)
Event: 3787.576 Thread 0x0000022caa4dc310 nmethod 36168% 0x0000022c975b2490 code [0x0000022c975b2820, 0x0000022c975b4fb8]

GC Heap History (20 events):
Event: 3771.363 GC heap before
{Heap before GC invocations=108 (full 0):
 garbage-first heap   total 1331200K, used 693760K [0x0000000080000000, 0x0000000100000000)
  region size 1024K, 65 young (66560K), 8 survivors (8192K)
 Metaspace       used 157713K, committed 159104K, reserved 1245184K
  class space    used 20575K, committed 21248K, reserved 1048576K
}
Event: 3771.409 GC heap after
{Heap after GC invocations=109 (full 0):
 garbage-first heap   total 1331200K, used 639488K [0x0000000080000000, 0x0000000100000000)
  region size 1024K, 9 young (9216K), 9 survivors (9216K)
 Metaspace       used 157713K, committed 159104K, reserved 1245184K
  class space    used 20575K, committed 21248K, reserved 1048576K
}
Event: 3771.411 GC heap before
{Heap before GC invocations=109 (full 0):
 garbage-first heap   total 1331200K, used 639488K [0x0000000080000000, 0x0000000100000000)
  region size 1024K, 10 young (10240K), 9 survivors (9216K)
 Metaspace       used 157713K, committed 159104K, reserved 1245184K
  class space    used 20575K, committed 21248K, reserved 1048576K
}
Event: 3771.432 GC heap after
{Heap after GC invocations=110 (full 0):
 garbage-first heap   total 1331200K, used 640369K [0x0000000080000000, 0x0000000100000000)
  region size 1024K, 10 young (10240K), 10 survivors (10240K)
 Metaspace       used 157713K, committed 159104K, reserved 1245184K
  class space    used 20575K, committed 21248K, reserved 1048576K
}
Event: 3774.020 GC heap before
{Heap before GC invocations=110 (full 0):
 garbage-first heap   total 1331200K, used 710001K [0x0000000080000000, 0x0000000100000000)
  region size 1024K, 139 young (142336K), 10 survivors (10240K)
 Metaspace       used 157782K, committed 159168K, reserved 1245184K
  class space    used 20584K, committed 21248K, reserved 1048576K
}
Event: 3774.083 GC heap after
{Heap after GC invocations=111 (full 0):
 garbage-first heap   total 1331200K, used 584448K [0x0000000080000000, 0x0000000100000000)
  region size 1024K, 18 young (18432K), 18 survivors (18432K)
 Metaspace       used 157782K, committed 159168K, reserved 1245184K
  class space    used 20584K, committed 21248K, reserved 1048576K
}
Event: 3775.647 GC heap before
{Heap before GC invocations=112 (full 0):
 garbage-first heap   total 1331200K, used 680704K [0x0000000080000000, 0x0000000100000000)
  region size 1024K, 100 young (102400K), 18 survivors (18432K)
 Metaspace       used 157786K, committed 159168K, reserved 1245184K
  class space    used 20584K, committed 21248K, reserved 1048576K
}
Event: 3775.717 GC heap after
{Heap after GC invocations=113 (full 0):
 garbage-first heap   total 1331200K, used 599893K [0x0000000080000000, 0x0000000100000000)
  region size 1024K, 5 young (5120K), 5 survivors (5120K)
 Metaspace       used 157786K, committed 159168K, reserved 1245184K
  class space    used 20584K, committed 21248K, reserved 1048576K
}
Event: 3776.682 GC heap before
{Heap before GC invocations=113 (full 0):
 garbage-first heap   total 1331200K, used 680789K [0x0000000080000000, 0x0000000100000000)
  region size 1024K, 65 young (66560K), 5 survivors (5120K)
 Metaspace       used 157791K, committed 159168K, reserved 1245184K
  class space    used 20584K, committed 21248K, reserved 1048576K
}
Event: 3776.751 GC heap after
{Heap after GC invocations=114 (full 0):
 garbage-first heap   total 1331200K, used 603264K [0x0000000080000000, 0x0000000100000000)
  region size 1024K, 8 young (8192K), 8 survivors (8192K)
 Metaspace       used 157791K, committed 159168K, reserved 1245184K
  class space    used 20584K, committed 21248K, reserved 1048576K
}
Event: 3776.796 GC heap before
{Heap before GC invocations=114 (full 0):
 garbage-first heap   total 1331200K, used 605312K [0x0000000080000000, 0x0000000100000000)
  region size 1024K, 11 young (11264K), 8 survivors (8192K)
 Metaspace       used 157791K, committed 159168K, reserved 1245184K
  class space    used 20584K, committed 21248K, reserved 1048576K
}
Event: 3776.843 GC heap after
{Heap after GC invocations=115 (full 0):
 garbage-first heap   total 1331200K, used 604327K [0x0000000080000000, 0x0000000100000000)
  region size 1024K, 9 young (9216K), 9 survivors (9216K)
 Metaspace       used 157791K, committed 159168K, reserved 1245184K
  class space    used 20584K, committed 21248K, reserved 1048576K
}
Event: 3780.375 GC heap before
{Heap before GC invocations=115 (full 0):
 garbage-first heap   total 1331200K, used 686247K [0x0000000080000000, 0x0000000100000000)
  region size 1024K, 74 young (75776K), 9 survivors (9216K)
 Metaspace       used 157881K, committed 159232K, reserved 1245184K
  class space    used 20589K, committed 21248K, reserved 1048576K
}
Event: 3780.436 GC heap after
{Heap after GC invocations=116 (full 0):
 garbage-first heap   total 1331200K, used 622810K [0x0000000080000000, 0x0000000100000000)
  region size 1024K, 10 young (10240K), 10 survivors (10240K)
 Metaspace       used 157881K, committed 159232K, reserved 1245184K
  class space    used 20589K, committed 21248K, reserved 1048576K
}
Event: 3783.003 GC heap before
{Heap before GC invocations=117 (full 0):
 garbage-first heap   total 1331200K, used 737498K [0x0000000080000000, 0x0000000100000000)
  region size 1024K, 123 young (125952K), 10 survivors (10240K)
 Metaspace       used 157996K, committed 159424K, reserved 1245184K
  class space    used 20598K, committed 21312K, reserved 1048576K
}
Event: 3783.055 GC heap after
{Heap after GC invocations=118 (full 0):
 garbage-first heap   total 1331200K, used 633194K [0x0000000080000000, 0x0000000100000000)
  region size 1024K, 16 young (16384K), 16 survivors (16384K)
 Metaspace       used 157996K, committed 159424K, reserved 1245184K
  class space    used 20598K, committed 21312K, reserved 1048576K
}
Event: 3783.531 GC heap before
{Heap before GC invocations=118 (full 0):
 garbage-first heap   total 1331200K, used 682346K [0x0000000080000000, 0x0000000100000000)
  region size 1024K, 65 young (66560K), 16 survivors (16384K)
 Metaspace       used 158043K, committed 159424K, reserved 1245184K
  class space    used 20600K, committed 21312K, reserved 1048576K
}
Event: 3783.600 GC heap after
{Heap after GC invocations=119 (full 0):
 garbage-first heap   total 1331200K, used 626895K [0x0000000080000000, 0x0000000100000000)
  region size 1024K, 4 young (4096K), 4 survivors (4096K)
 Metaspace       used 158043K, committed 159424K, reserved 1245184K
  class space    used 20600K, committed 21312K, reserved 1048576K
}
Event: 3785.361 GC heap before
{Heap before GC invocations=119 (full 0):
 garbage-first heap   total 1331200K, used 884943K [0x0000000080000000, 0x0000000100000000)
  region size 1024K, 257 young (263168K), 4 survivors (4096K)
 Metaspace       used 158360K, committed 159808K, reserved 1245184K
  class space    used 20618K, committed 21312K, reserved 1048576K
}
Event: 3785.408 GC heap after
{Heap after GC invocations=120 (full 0):
 garbage-first heap   total 1331200K, used 642510K [0x0000000080000000, 0x0000000100000000)
  region size 1024K, 19 young (19456K), 19 survivors (19456K)
 Metaspace       used 158360K, committed 159808K, reserved 1245184K
  class space    used 20618K, committed 21312K, reserved 1048576K
}

Dll operation events (16 events):
Event: 0.017 Loaded shared library C:\Program Files\Eclipse Adoptium\jdk-17.0.16.8-hotspot\bin\java.dll
Event: 0.041 Loaded shared library C:\Program Files\Eclipse Adoptium\jdk-17.0.16.8-hotspot\bin\jsvml.dll
Event: 0.129 Loaded shared library C:\Program Files\Eclipse Adoptium\jdk-17.0.16.8-hotspot\bin\zip.dll
Event: 0.138 Loaded shared library C:\Program Files\Eclipse Adoptium\jdk-17.0.16.8-hotspot\bin\instrument.dll
Event: 0.145 Loaded shared library C:\Program Files\Eclipse Adoptium\jdk-17.0.16.8-hotspot\bin\net.dll
Event: 0.149 Loaded shared library C:\Program Files\Eclipse Adoptium\jdk-17.0.16.8-hotspot\bin\nio.dll
Event: 0.153 Loaded shared library C:\Program Files\Eclipse Adoptium\jdk-17.0.16.8-hotspot\bin\zip.dll
Event: 0.623 Loaded shared library C:\Program Files\Eclipse Adoptium\jdk-17.0.16.8-hotspot\bin\jimage.dll
Event: 0.999 Loaded shared library C:\Program Files\Eclipse Adoptium\jdk-17.0.16.8-hotspot\bin\verify.dll
Event: 1.336 Loaded shared library C:\Users\ssaha\.gradle\native\c067742578af261105cb4f569cf0c3c89f3d7b1fecec35dd04571415982c5e48\windows-amd64\native-platform.dll
Event: 1.365 Loaded shared library C:\Users\ssaha\.gradle\native\100fb08df4bc3b14c8652ba06237920a3bd2aa13389f12d3474272988ae205f9\windows-amd64\native-platform-file-events.dll
Event: 3.730 Loaded shared library C:\Program Files\Eclipse Adoptium\jdk-17.0.16.8-hotspot\bin\management.dll
Event: 3.733 Loaded shared library C:\Program Files\Eclipse Adoptium\jdk-17.0.16.8-hotspot\bin\management_ext.dll
Event: 4.085 Loaded shared library C:\Program Files\Eclipse Adoptium\jdk-17.0.16.8-hotspot\bin\extnet.dll
Event: 4.546 Loaded shared library C:\Program Files\Eclipse Adoptium\jdk-17.0.16.8-hotspot\bin\sunmscapi.dll
Event: 43.554 Loaded shared library C:\Program Files\Eclipse Adoptium\jdk-17.0.16.8-hotspot\bin\rmi.dll

Deoptimization events (20 events):
Event: 3786.465 Thread 0x0000022cf5b0a000 Uncommon trap: trap_request=0xffffff45 fr.pc=0x0000022c9c9dc710 relative=0x00000000000000f0
Event: 3786.465 Thread 0x0000022cf5b0a000 Uncommon trap: reason=unstable_if action=reinterpret pc=0x0000022c9c9dc710 method=com.android.tools.r8.graph.K2.a(Lcom/android/tools/r8/graph/E2;)Lcom/android/tools/r8/graph/S2; @ 4 c2
Event: 3786.465 Thread 0x0000022cf5b0a000 DEOPT PACKING pc=0x0000022c9c9dc710 sp=0x000000a7a31fea30
Event: 3786.465 Thread 0x0000022cf5b0a000 DEOPT UNPACKING pc=0x0000022c9b9769a3 sp=0x000000a7a31fe960 mode 2
Event: 3786.487 Thread 0x0000022cf5b0a000 DEOPT PACKING pc=0x0000022c96055685 sp=0x000000a7a31fec70
Event: 3786.487 Thread 0x0000022cf5b0a000 DEOPT UNPACKING pc=0x0000022c9b977143 sp=0x000000a7a31fe228 mode 0
Event: 3786.573 Thread 0x0000022cf5b0a000 Uncommon trap: trap_request=0xffffff76 fr.pc=0x0000022c9d52a96c relative=0x000000000000066c
Event: 3786.573 Thread 0x0000022cf5b0a000 Uncommon trap: reason=predicate action=maybe_recompile pc=0x0000022c9d52a96c method=com.android.tools.r8.graph.K4.g(Ljava/util/function/Function;)Lcom/android/tools/r8/utils/F3; @ 21 c2
Event: 3786.573 Thread 0x0000022cf5b0a000 DEOPT PACKING pc=0x0000022c9d52a96c sp=0x000000a7a31fe980
Event: 3786.573 Thread 0x0000022cf5b0a000 DEOPT UNPACKING pc=0x0000022c9b9769a3 sp=0x000000a7a31fe988 mode 2
Event: 3786.871 Thread 0x0000022cf5b0a000 Uncommon trap: trap_request=0xffffff45 fr.pc=0x0000022c9d6ae480 relative=0x0000000000000060
Event: 3786.871 Thread 0x0000022cf5b0a000 Uncommon trap: reason=unstable_if action=reinterpret pc=0x0000022c9d6ae480 method=com.android.tools.r8.graph.y1.a(Lcom/android/tools/r8/graph/s2;)Z @ 8 c2
Event: 3786.871 Thread 0x0000022cf5b0a000 DEOPT PACKING pc=0x0000022c9d6ae480 sp=0x000000a7a31fe740
Event: 3786.871 Thread 0x0000022cf5b0a000 DEOPT UNPACKING pc=0x0000022c9b9769a3 sp=0x000000a7a31fe6d8 mode 2
Event: 3786.910 Thread 0x0000022cf48644c0 DEOPT PACKING pc=0x0000022c95fa8b7a sp=0x000000a7a37fef50
Event: 3786.910 Thread 0x0000022cf48644c0 DEOPT UNPACKING pc=0x0000022c9b977143 sp=0x000000a7a37fe548 mode 0
Event: 3787.569 Thread 0x0000022cf5b0a000 Uncommon trap: trap_request=0xffffff45 fr.pc=0x0000022c9d59c730 relative=0x0000000000001d10
Event: 3787.569 Thread 0x0000022cf5b0a000 Uncommon trap: reason=unstable_if action=reinterpret pc=0x0000022c9d59c730 method=java.util.TimSort.mergeHi(IIII)V @ 568 c2
Event: 3787.569 Thread 0x0000022cf5b0a000 DEOPT PACKING pc=0x0000022c9d59c730 sp=0x000000a7a31fe420
Event: 3787.569 Thread 0x0000022cf5b0a000 DEOPT UNPACKING pc=0x0000022c9b9769a3 sp=0x000000a7a31fe418 mode 2

Classes loaded (20 events):
Event: 3753.125 Loading class sun/invoke/util/ValueConversions$1
Event: 3753.126 Loading class sun/invoke/util/ValueConversions$1 done
Event: 3753.127 Loading class java/lang/invoke/BoundMethodHandle$Species_LI
Event: 3753.127 Loading class java/lang/invoke/BoundMethodHandle$Species_LI done
Event: 3755.130 Loading class sun/security/ssl/Alert
Event: 3755.131 Loading class sun/security/ssl/Alert done
Event: 3755.132 Loading class sun/security/ssl/Alert$AlertConsumer
Event: 3755.132 Loading class sun/security/ssl/Alert$AlertConsumer done
Event: 3755.132 Loading class sun/security/ssl/Alert$Level
Event: 3755.132 Loading class sun/security/ssl/Alert$Level done
Event: 3758.330 Loading class java/util/concurrent/ForkJoinPool$DefaultForkJoinWorkerThreadFactory$1
Event: 3758.331 Loading class java/util/concurrent/ForkJoinPool$DefaultForkJoinWorkerThreadFactory$1 done
Event: 3770.565 Loading class java/util/concurrent/Executors$DelegatedScheduledExecutorService
Event: 3770.565 Loading class java/util/concurrent/Executors$DelegatedExecutorService
Event: 3770.565 Loading class java/util/concurrent/Executors$DelegatedExecutorService done
Event: 3770.565 Loading class java/util/concurrent/Executors$DelegatedScheduledExecutorService done
Event: 3779.127 Loading class java/util/IdentityHashMap$EntryIterator
Event: 3779.127 Loading class java/util/IdentityHashMap$EntryIterator done
Event: 3779.133 Loading class java/util/IdentityHashMap$EntryIterator$Entry
Event: 3779.133 Loading class java/util/IdentityHashMap$EntryIterator$Entry done

Classes unloaded (20 events):
Event: 3755.084 Thread 0x0000022caa4914d0 Unloading class 0x0000022cad3c6c00 'jdk/internal/reflect/GeneratedSerializationConstructorAccessor191'
Event: 3755.084 Thread 0x0000022caa4914d0 Unloading class 0x0000022cad3c6800 'jdk/internal/reflect/GeneratedSerializationConstructorAccessor190'
Event: 3755.084 Thread 0x0000022caa4914d0 Unloading class 0x0000022cad3c6400 'jdk/internal/reflect/GeneratedSerializationConstructorAccessor189'
Event: 3755.084 Thread 0x0000022caa4914d0 Unloading class 0x0000022cad3c6000 'jdk/internal/reflect/GeneratedSerializationConstructorAccessor188'
Event: 3755.084 Thread 0x0000022caa4914d0 Unloading class 0x0000022cad3c5c00 'jdk/internal/reflect/GeneratedSerializationConstructorAccessor187'
Event: 3755.084 Thread 0x0000022caa4914d0 Unloading class 0x0000022cad3c5800 'jdk/internal/reflect/GeneratedSerializationConstructorAccessor186'
Event: 3755.084 Thread 0x0000022caa4914d0 Unloading class 0x0000022cad3c5400 'jdk/internal/reflect/GeneratedSerializationConstructorAccessor185'
Event: 3755.084 Thread 0x0000022caa4914d0 Unloading class 0x0000022cad3c5000 'jdk/internal/reflect/GeneratedSerializationConstructorAccessor184'
Event: 3755.084 Thread 0x0000022caa4914d0 Unloading class 0x0000022cad3c4c00 'jdk/internal/reflect/GeneratedSerializationConstructorAccessor183'
Event: 3755.084 Thread 0x0000022caa4914d0 Unloading class 0x0000022cad3c4800 'jdk/internal/reflect/GeneratedSerializationConstructorAccessor182'
Event: 3755.084 Thread 0x0000022caa4914d0 Unloading class 0x0000022cad3c4400 'jdk/internal/reflect/GeneratedSerializationConstructorAccessor181'
Event: 3755.084 Thread 0x0000022caa4914d0 Unloading class 0x0000022cad3c4000 'jdk/internal/reflect/GeneratedSerializationConstructorAccessor180'
Event: 3755.084 Thread 0x0000022caa4914d0 Unloading class 0x0000022cad3b8800 'jdk/internal/reflect/GeneratedSerializationConstructorAccessor179'
Event: 3755.084 Thread 0x0000022caa4914d0 Unloading class 0x0000022cad3b8400 'jdk/internal/reflect/GeneratedSerializationConstructorAccessor178'
Event: 3755.084 Thread 0x0000022caa4914d0 Unloading class 0x0000022cad3b8000 'jdk/internal/reflect/GeneratedSerializationConstructorAccessor177'
Event: 3755.084 Thread 0x0000022caa4914d0 Unloading class 0x0000022cad3b3c00 'jdk/internal/reflect/GeneratedSerializationConstructorAccessor176'
Event: 3755.084 Thread 0x0000022caa4914d0 Unloading class 0x0000022cad3b3800 'jdk/internal/reflect/GeneratedSerializationConstructorAccessor175'
Event: 3755.084 Thread 0x0000022caa4914d0 Unloading class 0x0000022cad3b3400 'jdk/internal/reflect/GeneratedSerializationConstructorAccessor174'
Event: 3755.084 Thread 0x0000022caa4914d0 Unloading class 0x0000022cad3b3000 'jdk/internal/reflect/GeneratedSerializationConstructorAccessor173'
Event: 3755.084 Thread 0x0000022caa4914d0 Unloading class 0x0000022cad3b2c00 'jdk/internal/reflect/GeneratedSerializationConstructorAccessor172'

Classes redefined (0 events):
No events

Internal exceptions (20 events):
Event: 3770.314 Thread 0x0000022cfa2b0380 Exception <a 'java/lang/NoSuchMethodError'{0x00000000cbbc7e98}: static Lcom/android/build/api/variant/impl/VariantOutputConfigurationImpl;.<clinit>()V> (0x00000000cbbc7e98) 
thrown [s\src\hotspot\share\prims\jni.cpp, line 1112]
Event: 3782.978 Thread 0x0000022cf094cec0 Exception <a 'sun/nio/fs/WindowsException'{0x00000000c906c3b0}> (0x00000000c906c3b0) 
thrown [s\src\hotspot\share\prims\jni.cpp, line 516]
Event: 3782.978 Thread 0x0000022cf094cec0 Exception <a 'sun/nio/fs/WindowsException'{0x00000000c906c540}> (0x00000000c906c540) 
thrown [s\src\hotspot\share\prims\jni.cpp, line 516]
Event: 3784.761 Thread 0x0000022cfa2b0da0 Exception <a 'java/lang/NoSuchMethodError'{0x00000000c4b83f30}: static [Ljava/lang/String;.<clinit>()V> (0x00000000c4b83f30) 
thrown [s\src\hotspot\share\prims\jni.cpp, line 1112]
Event: 3784.768 Thread 0x0000022cfa2b0da0 Exception <a 'java/lang/NoSuchMethodError'{0x00000000c4aa8990}: static Lorg/jetbrains/kotlin/incremental/ChangedFiles$Unknown;.<clinit>()V> (0x00000000c4aa8990) 
thrown [s\src\hotspot\share\prims\jni.cpp, line 1112]
Event: 3784.772 Thread 0x0000022cfa2b0da0 Exception <a 'java/lang/NoSuchMethodError'{0x00000000c4996f50}: static Lorg/jetbrains/kotlin/incremental/ClasspathChanges$ClasspathSnapshotEnabled$NotAvailableForNonIncrementalRun;.<clinit>()V> (0x00000000c4996f50) 
thrown [s\src\hotspot\share\prims\jni.cpp, line 1112]
Event: 3784.772 Thread 0x0000022cfa2b0da0 Exception <a 'java/lang/NoSuchMethodError'{0x00000000c4998ed8}: static Lorg/jetbrains/kotlin/incremental/ClasspathChanges$ClasspathSnapshotEnabled;.<clinit>()V> (0x00000000c4998ed8) 
thrown [s\src\hotspot\share\prims\jni.cpp, line 1112]
Event: 3784.772 Thread 0x0000022cfa2b0da0 Exception <a 'java/lang/NoSuchMethodError'{0x00000000c499acc0}: static Lorg/jetbrains/kotlin/incremental/ClasspathChanges;.<clinit>()V> (0x00000000c499acc0) 
thrown [s\src\hotspot\share\prims\jni.cpp, line 1112]
Event: 3784.787 Thread 0x0000022cfafc24a0 Implicit null exception at 0x0000022c9c130d6a to 0x0000022c9c131150
Event: 3784.801 Thread 0x0000022cfafc24a0 Exception <a 'java/lang/NoSuchMethodError'{0x00000000c448fec8}: static Lorg/jetbrains/kotlin/daemon/common/LoopbackNetworkInterface$AbstractClientLoopbackSocketFactory;.<clinit>()V> (0x00000000c448fec8) 
thrown [s\src\hotspot\share\prims\jni.cpp, line 1112]
Event: 3784.803 Thread 0x0000022cfafc24a0 Exception <a 'java/lang/NoSuchMethodError'{0x00000000c449b868}: static Lorg/jetbrains/kotlin/daemon/common/LoopbackNetworkInterface$ClientLoopbackSocketFactory;.<clinit>()V> (0x00000000c449b868) 
thrown [s\src\hotspot\share\prims\jni.cpp, line 1112]
Event: 3784.812 Thread 0x0000022cfa183d40 Exception <a 'java/lang/InterruptedException'{0x00000000c43a61d0}> (0x00000000c43a61d0) 
thrown [s\src\hotspot\share\runtime\objectMonitor.cpp, line 1658]
Event: 3784.816 Thread 0x0000022cfafc24a0 Exception <a 'java/lang/NoSuchMethodError'{0x00000000c4392b30}: static Lorg/jetbrains/kotlin/daemon/common/CompileService$CallResult;.<clinit>()V> (0x00000000c4392b30) 
thrown [s\src\hotspot\share\prims\jni.cpp, line 1112]
Event: 3784.817 Thread 0x0000022cfafc24a0 Exception <a 'java/lang/NoSuchMethodError'{0x00000000c439e7e0}: static Lorg/jetbrains/kotlin/daemon/common/CompileService$CallResult$Good;.<clinit>()V> (0x00000000c439e7e0) 
thrown [s\src\hotspot\share\prims\jni.cpp, line 1112]
Event: 3784.818 Thread 0x0000022cfafc24a0 Exception <a 'java/lang/NoSuchMethodError'{0x00000000c4285820}: static Lorg/jetbrains/kotlin/daemon/common/DaemonJVMOptions;.<clinit>()V> (0x00000000c4285820) 
thrown [s\src\hotspot\share\prims\jni.cpp, line 1112]
Event: 3784.821 Thread 0x0000022cfafc24a0 Exception <a 'java/lang/NoSuchMethodError'{0x00000000c4297eb8}: static Lorg/jetbrains/kotlin/daemon/common/CompileService$CallResult$Ok;.<clinit>()V> (0x00000000c4297eb8) 
thrown [s\src\hotspot\share\prims\jni.cpp, line 1112]
Event: 3784.834 Thread 0x0000022cfafc24a0 Exception <a 'java/lang/NoSuchMethodError'{0x00000000c40252f8}: static [Ljava/lang/Integer;.<clinit>()V> (0x00000000c40252f8) 
thrown [s\src\hotspot\share\prims\jni.cpp, line 1112]
Event: 3785.570 Thread 0x0000022cf5b0a000 Implicit null exception at 0x0000022c9d44b498 to 0x0000022c9d44ebf8
Event: 3785.571 Thread 0x0000022cfb4289b0 Implicit null exception at 0x0000022c9d41a8c0 to 0x0000022c9d41cd32
Event: 3785.571 Thread 0x0000022cfb4289b0 Implicit null exception at 0x0000022c9d4264d9 to 0x0000022c9d427875

VM Operations (20 events):
Event: 3781.010 Executing VM operation: G1PauseCleanup
Event: 3781.011 Executing VM operation: G1PauseCleanup done
Event: 3782.020 Executing VM operation: Cleanup
Event: 3782.020 Executing VM operation: Cleanup done
Event: 3782.519 Executing VM operation: HandshakeAllThreads
Event: 3782.519 Executing VM operation: HandshakeAllThreads done
Event: 3782.878 Executing VM operation: HandshakeAllThreads
Event: 3782.878 Executing VM operation: HandshakeAllThreads done
Event: 3783.003 Executing VM operation: G1CollectForAllocation
Event: 3783.055 Executing VM operation: G1CollectForAllocation done
Event: 3783.530 Executing VM operation: G1CollectForAllocation
Event: 3783.600 Executing VM operation: G1CollectForAllocation done
Event: 3784.602 Executing VM operation: Cleanup
Event: 3784.634 Executing VM operation: Cleanup done
Event: 3785.360 Executing VM operation: G1CollectForAllocation
Event: 3785.408 Executing VM operation: G1CollectForAllocation done
Event: 3785.571 Executing VM operation: HandshakeAllThreads
Event: 3785.658 Executing VM operation: HandshakeAllThreads done
Event: 3786.605 Executing VM operation: ICBufferFull
Event: 3786.606 Executing VM operation: ICBufferFull done

Memory protections (0 events):
No events

Nmethod flushes (20 events):
Event: 3771.612 Thread 0x0000022caa4dec30 flushing  nmethod 0x0000022c97458990
Event: 3771.612 Thread 0x0000022caa4dec30 flushing  nmethod 0x0000022c97490390
Event: 3771.612 Thread 0x0000022caa4dec30 flushing  nmethod 0x0000022c97498e10
Event: 3771.612 Thread 0x0000022caa4dec30 flushing  nmethod 0x0000022c97499210
Event: 3771.612 Thread 0x0000022caa4dec30 flushing  nmethod 0x0000022c9749c090
Event: 3771.612 Thread 0x0000022caa4dec30 flushing  nmethod 0x0000022c974a3610
Event: 3771.612 Thread 0x0000022caa4dec30 flushing  nmethod 0x0000022c974a7510
Event: 3771.612 Thread 0x0000022caa4dec30 flushing  nmethod 0x0000022c974a8410
Event: 3771.613 Thread 0x0000022caa4dec30 flushing  nmethod 0x0000022c974b6290
Event: 3771.613 Thread 0x0000022caa4dec30 flushing  nmethod 0x0000022c974c6410
Event: 3771.613 Thread 0x0000022caa4dec30 flushing  nmethod 0x0000022c9751a390
Event: 3771.613 Thread 0x0000022caa4dec30 flushing  nmethod 0x0000022c9751e290
Event: 3771.614 Thread 0x0000022caa4dec30 flushing  nmethod 0x0000022c975d5f10
Event: 3785.705 Thread 0x0000022caa4dec30 flushing  nmethod 0x0000022c9594aa90
Event: 3785.705 Thread 0x0000022caa4dec30 flushing  nmethod 0x0000022c9594ae10
Event: 3785.716 Thread 0x0000022caa4dec30 flushing  nmethod 0x0000022c96053090
Event: 3785.732 Thread 0x0000022caa4dec30 flushing  nmethod 0x0000022c96e54d10
Event: 3785.732 Thread 0x0000022caa4dec30 flushing  nmethod 0x0000022c96e56310
Event: 3785.733 Thread 0x0000022caa4dec30 flushing  nmethod 0x0000022c96f03590
Event: 3785.738 Thread 0x0000022caa4dec30 flushing  nmethod 0x0000022c9740bf90

Events (20 events):
Event: 3777.877 Thread 0x0000022caa4bb9f0 Thread added: 0x0000022cfbbb95a0
Event: 3778.817 Thread 0x0000022cfbbb95a0 Thread exited: 0x0000022cfbbb95a0
Event: 3779.176 Thread 0x0000022caa4dc310 Thread added: 0x0000022cfbbb2610
Event: 3781.323 Thread 0x0000022cfbbb2610 Thread exited: 0x0000022cfbbb2610
Event: 3782.424 Thread 0x0000022caa4dc310 Thread added: 0x0000022cfbbb95a0
Event: 3782.971 Thread 0x0000022cf094bf90 Thread exited: 0x0000022cf094bf90
Event: 3783.508 Thread 0x0000022cfa2b0da0 Thread added: 0x0000022cf5619de0
Event: 3783.993 Thread 0x0000022cfa2b0da0 Thread added: 0x0000022cfafc4810
Event: 3783.994 Thread 0x0000022cfa2b0da0 Thread added: 0x0000022cfafc1060
Event: 3783.994 Thread 0x0000022cfa2b0da0 Thread added: 0x0000022cfafc1570
Event: 3784.007 Thread 0x0000022cfa2b0da0 Thread added: 0x0000022cfafc2ec0
Event: 3784.013 Thread 0x0000022cfa2b0da0 Thread added: 0x0000022cfafc33d0
Event: 3784.804 Thread 0x0000022cfafc24a0 Thread added: 0x0000022cfa183d40
Event: 3784.804 Thread 0x0000022cfafc24a0 Thread added: 0x0000022cfb1d8cb0
Event: 3784.825 Thread 0x0000022cfafc24a0 Thread added: 0x0000022cf5618490
Event: 3784.873 Thread 0x0000022cf0949710 Thread added: 0x0000022cf2371fa0
Event: 3785.562 Thread 0x0000022cfbbb95a0 Thread exited: 0x0000022cfbbb95a0
Event: 3785.572 Thread 0x0000022caa4dc310 Thread added: 0x0000022cfbbb2610
Event: 3786.407 Thread 0x0000022cfbbb2610 Thread exited: 0x0000022cfbbb2610
Event: 3786.573 Thread 0x0000022caa4dc310 Thread added: 0x0000022cfbbb5b30


Dynamic libraries:
0x00007ff6c8920000 - 0x00007ff6c892e000 	C:\Program Files\Eclipse Adoptium\jdk-17.0.16.8-hotspot\bin\java.exe
0x00007ffd0d150000 - 0x00007ffd0d348000 	C:\Windows\SYSTEM32\ntdll.dll
0x00007ffd0b2b0000 - 0x00007ffd0b372000 	C:\Windows\System32\KERNEL32.DLL
0x00007ffd0aa40000 - 0x00007ffd0ad36000 	C:\Windows\System32\KERNELBASE.dll
0x00007ffd0ad70000 - 0x00007ffd0ae70000 	C:\Windows\System32\ucrtbase.dll
0x00007ffcf8880000 - 0x00007ffcf889e000 	C:\Program Files\Eclipse Adoptium\jdk-17.0.16.8-hotspot\bin\VCRUNTIME140.dll
0x00007ffcf8800000 - 0x00007ffcf8817000 	C:\Program Files\Eclipse Adoptium\jdk-17.0.16.8-hotspot\bin\jli.dll
0x00007ffd0cd60000 - 0x00007ffd0cefd000 	C:\Windows\System32\USER32.dll
0x00007ffd09c20000 - 0x00007ffd09ebb000 	C:\Windows\WinSxS\amd64_microsoft.windows.common-controls_6595b64144ccf1df_6.0.19041.6280_none_60bc30a171f2f3f3\COMCTL32.dll
0x00007ffd0ad40000 - 0x00007ffd0ad62000 	C:\Windows\System32\win32u.dll
0x00007ffd0b210000 - 0x00007ffd0b2ae000 	C:\Windows\System32\msvcrt.dll
0x00007ffd0c2c0000 - 0x00007ffd0c2eb000 	C:\Windows\System32\GDI32.dll
0x00007ffd0ae70000 - 0x00007ffd0af89000 	C:\Windows\System32\gdi32full.dll
0x00007ffd0a9a0000 - 0x00007ffd0aa3d000 	C:\Windows\System32\msvcp_win.dll
0x00007ffd0b1e0000 - 0x00007ffd0b20f000 	C:\Windows\System32\IMM32.DLL
0x00007ffd00e80000 - 0x00007ffd00e8c000 	C:\Program Files\Eclipse Adoptium\jdk-17.0.16.8-hotspot\bin\vcruntime140_1.dll
0x00007ffce89d0000 - 0x00007ffce8a5d000 	C:\Program Files\Eclipse Adoptium\jdk-17.0.16.8-hotspot\bin\msvcp140.dll
0x00007ffcba270000 - 0x00007ffcbaedb000 	C:\Program Files\Eclipse Adoptium\jdk-17.0.16.8-hotspot\bin\server\jvm.dll
0x00007ffd0c020000 - 0x00007ffd0c0d1000 	C:\Windows\System32\ADVAPI32.dll
0x00007ffd0c4f0000 - 0x00007ffd0c58f000 	C:\Windows\System32\sechost.dll
0x00007ffd0cab0000 - 0x00007ffd0cbd0000 	C:\Windows\System32\RPCRT4.dll
0x00007ffd0b150000 - 0x00007ffd0b177000 	C:\Windows\System32\bcrypt.dll
0x00007ffd0c240000 - 0x00007ffd0c2ab000 	C:\Windows\System32\WS2_32.dll
0x00007ffcfafc0000 - 0x00007ffcfafe7000 	C:\Windows\SYSTEM32\WINMM.dll
0x00007ffcff270000 - 0x00007ffcff27a000 	C:\Windows\SYSTEM32\VERSION.dll
0x00007ffd0a650000 - 0x00007ffd0a69b000 	C:\Windows\SYSTEM32\POWRPROF.dll
0x00007ffd0a630000 - 0x00007ffd0a642000 	C:\Windows\SYSTEM32\UMPDC.dll
0x00007ffd07940000 - 0x00007ffd07952000 	C:\Windows\SYSTEM32\kernel.appcore.dll
0x00007ffd00d70000 - 0x00007ffd00d7a000 	C:\Program Files\Eclipse Adoptium\jdk-17.0.16.8-hotspot\bin\jimage.dll
0x00007ffd0a0d0000 - 0x00007ffd0a2d1000 	C:\Windows\SYSTEM32\DBGHELP.DLL
0x00007ffd0a090000 - 0x00007ffd0a0c4000 	C:\Windows\SYSTEM32\dbgcore.DLL
0x00007ffd0b0c0000 - 0x00007ffd0b142000 	C:\Windows\System32\bcryptPrimitives.dll
0x00007ffd02ab0000 - 0x00007ffd02abe000 	C:\Program Files\Eclipse Adoptium\jdk-17.0.16.8-hotspot\bin\instrument.dll
0x00007ffcf87d0000 - 0x00007ffcf87f5000 	C:\Program Files\Eclipse Adoptium\jdk-17.0.16.8-hotspot\bin\java.dll
0x00007ffce68c0000 - 0x00007ffce6997000 	C:\Program Files\Eclipse Adoptium\jdk-17.0.16.8-hotspot\bin\jsvml.dll
0x00007ffd0b550000 - 0x00007ffd0bcc0000 	C:\Windows\System32\SHELL32.dll
0x00007ffd081d0000 - 0x00007ffd08975000 	C:\Windows\SYSTEM32\windows.storage.dll
0x00007ffd0bcc0000 - 0x00007ffd0c013000 	C:\Windows\System32\combase.dll
0x00007ffd09950000 - 0x00007ffd0997b000 	C:\Windows\SYSTEM32\Wldp.dll
0x00007ffd0c2f0000 - 0x00007ffd0c3bd000 	C:\Windows\System32\OLEAUT32.dll
0x00007ffd0c590000 - 0x00007ffd0c63d000 	C:\Windows\System32\SHCORE.dll
0x00007ffd0d0b0000 - 0x00007ffd0d10b000 	C:\Windows\System32\shlwapi.dll
0x00007ffd0a720000 - 0x00007ffd0a744000 	C:\Windows\SYSTEM32\profapi.dll
0x00007ffcf4100000 - 0x00007ffcf4118000 	C:\Program Files\Eclipse Adoptium\jdk-17.0.16.8-hotspot\bin\zip.dll
0x00007ffcf6960000 - 0x00007ffcf6979000 	C:\Program Files\Eclipse Adoptium\jdk-17.0.16.8-hotspot\bin\net.dll
0x00007ffd01ce0000 - 0x00007ffd01dea000 	C:\Windows\SYSTEM32\WINHTTP.dll
0x00007ffd097c0000 - 0x00007ffd0982a000 	C:\Windows\system32\mswsock.dll
0x00007ffcf4250000 - 0x00007ffcf4266000 	C:\Program Files\Eclipse Adoptium\jdk-17.0.16.8-hotspot\bin\nio.dll
0x00007ffd007c0000 - 0x00007ffd007d0000 	C:\Program Files\Eclipse Adoptium\jdk-17.0.16.8-hotspot\bin\verify.dll
0x00007ffd00d90000 - 0x00007ffd00db7000 	C:\Users\ssaha\.gradle\native\c067742578af261105cb4f569cf0c3c89f3d7b1fecec35dd04571415982c5e48\windows-amd64\native-platform.dll
0x00007ffce6500000 - 0x00007ffce6644000 	C:\Users\ssaha\.gradle\native\100fb08df4bc3b14c8652ba06237920a3bd2aa13389f12d3474272988ae205f9\windows-amd64\native-platform-file-events.dll
0x00007ffcfee10000 - 0x00007ffcfee1a000 	C:\Program Files\Eclipse Adoptium\jdk-17.0.16.8-hotspot\bin\management.dll
0x00007ffcf8e50000 - 0x00007ffcf8e5b000 	C:\Program Files\Eclipse Adoptium\jdk-17.0.16.8-hotspot\bin\management_ext.dll
0x00007ffd0cd50000 - 0x00007ffd0cd58000 	C:\Windows\System32\PSAPI.DLL
0x00007ffd0a490000 - 0x00007ffd0a4a8000 	C:\Windows\SYSTEM32\CRYPTSP.dll
0x00007ffd09170000 - 0x00007ffd091a8000 	C:\Windows\system32\rsaenh.dll
0x00007ffd0a6e0000 - 0x00007ffd0a70e000 	C:\Windows\SYSTEM32\USERENV.dll
0x00007ffd09a80000 - 0x00007ffd09a8c000 	C:\Windows\SYSTEM32\CRYPTBASE.dll
0x00007ffd094d0000 - 0x00007ffd0950b000 	C:\Windows\SYSTEM32\IPHLPAPI.DLL
0x00007ffd0c2b0000 - 0x00007ffd0c2b8000 	C:\Windows\System32\NSI.dll
0x00007ffd02420000 - 0x00007ffd02437000 	C:\Windows\SYSTEM32\dhcpcsvc6.DLL
0x00007ffd027c0000 - 0x00007ffd027dd000 	C:\Windows\SYSTEM32\dhcpcsvc.DLL
0x00007ffd09510000 - 0x00007ffd095da000 	C:\Windows\SYSTEM32\DNSAPI.dll
0x00007ffcf8e40000 - 0x00007ffcf8e49000 	C:\Program Files\Eclipse Adoptium\jdk-17.0.16.8-hotspot\bin\extnet.dll
0x00007ffd02aa0000 - 0x00007ffd02aae000 	C:\Program Files\Eclipse Adoptium\jdk-17.0.16.8-hotspot\bin\sunmscapi.dll
0x00007ffd0a840000 - 0x00007ffd0a99d000 	C:\Windows\System32\CRYPT32.dll
0x00007ffd09a50000 - 0x00007ffd09a77000 	C:\Windows\SYSTEM32\ncrypt.dll
0x00007ffd09980000 - 0x00007ffd099bb000 	C:\Windows\SYSTEM32\NTASN1.dll
0x00007ffd02910000 - 0x00007ffd02917000 	C:\Windows\system32\wshunix.dll
0x00007ffcf4220000 - 0x00007ffcf4237000 	C:\Windows\system32\napinsp.dll
0x00007ffcf43b0000 - 0x00007ffcf43cb000 	C:\Windows\system32\pnrpnsp.dll
0x00007ffd03740000 - 0x00007ffd0375d000 	C:\Windows\system32\wshbth.dll
0x00007ffd05a50000 - 0x00007ffd05a6d000 	C:\Windows\system32\NLAapi.dll
0x00007ffcf41e0000 - 0x00007ffcf41f2000 	C:\Windows\System32\winrnr.dll
0x00007ffcff260000 - 0x00007ffcff26a000 	C:\Windows\System32\rasadhlp.dll
0x00007ffcfd470000 - 0x00007ffcfd4f0000 	C:\Windows\System32\fwpuclnt.dll
0x00007ffd02b10000 - 0x00007ffd02b17000 	C:\Program Files\Eclipse Adoptium\jdk-17.0.16.8-hotspot\bin\rmi.dll
0x00007ffd0a360000 - 0x00007ffd0a393000 	C:\Windows\SYSTEM32\ntmarta.dll

dbghelp: loaded successfully - version: 4.0.5 - missing functions: none
symbol engine: initialized successfully - sym options: 0x614 - pdb path: .;C:\Program Files\Eclipse Adoptium\jdk-17.0.16.8-hotspot\bin;C:\Windows\SYSTEM32;C:\Windows\WinSxS\amd64_microsoft.windows.common-controls_6595b64144ccf1df_6.0.19041.6280_none_60bc30a171f2f3f3;C:\Program Files\Eclipse Adoptium\jdk-17.0.16.8-hotspot\bin\server;C:\Users\ssaha\.gradle\native\c067742578af261105cb4f569cf0c3c89f3d7b1fecec35dd04571415982c5e48\windows-amd64;C:\Users\ssaha\.gradle\native\100fb08df4bc3b14c8652ba06237920a3bd2aa13389f12d3474272988ae205f9\windows-amd64

VM Arguments:
jvm_args: --add-opens=java.base/java.util=ALL-UNNAMED --add-opens=java.base/java.lang=ALL-UNNAMED --add-opens=java.base/java.lang.invoke=ALL-UNNAMED --add-opens=java.prefs/java.util.prefs=ALL-UNNAMED --add-exports=jdk.compiler/com.sun.tools.javac.api=ALL-UNNAMED --add-exports=jdk.compiler/com.sun.tools.javac.util=ALL-UNNAMED --add-opens=java.base/java.nio.charset=ALL-UNNAMED --add-opens=java.base/java.net=ALL-UNNAMED --add-opens=java.base/java.util.concurrent.atomic=ALL-UNNAMED -Xmx2g -Dfile.encoding=UTF-8 -Duser.country=US -Duser.language=en -Duser.variant -javaagent:C:\Users\ssaha\.gradle\wrapper\dists\gradle-8.9-bin\90cnw93cvbtalezasaz0blq0a\gradle-8.9\lib\agents\gradle-instrumentation-agent-8.9.jar 
java_command: org.gradle.launcher.daemon.bootstrap.GradleDaemon 8.9
java_class_path (initial): C:\Users\ssaha\.gradle\wrapper\dists\gradle-8.9-bin\90cnw93cvbtalezasaz0blq0a\gradle-8.9\lib\gradle-daemon-main-8.9.jar
Launcher Type: SUN_STANDARD

[Global flags]
     intx CICompilerCount                          = 3                                         {product} {ergonomic}
     uint ConcGCThreads                            = 1                                         {product} {ergonomic}
     uint G1ConcRefinementThreads                  = 4                                         {product} {ergonomic}
   size_t G1HeapRegionSize                         = 1048576                                   {product} {ergonomic}
    uintx GCDrainStackTargetSize                   = 64                                        {product} {ergonomic}
   size_t InitialHeapSize                          = 134217728                                 {product} {ergonomic}
   size_t MarkStackSize                            = 4194304                                   {product} {ergonomic}
   size_t MaxHeapSize                              = 2147483648                                {product} {command line}
   size_t MaxNewSize                               = 1287651328                                {product} {ergonomic}
   size_t MinHeapDeltaBytes                        = 1048576                                   {product} {ergonomic}
   size_t MinHeapSize                              = 8388608                                   {product} {ergonomic}
    uintx NonNMethodCodeHeapSize                   = 5832780                                {pd product} {ergonomic}
    uintx NonProfiledCodeHeapSize                  = 122912730                              {pd product} {ergonomic}
    uintx ProfiledCodeHeapSize                     = 122912730                              {pd product} {ergonomic}
    uintx ReservedCodeCacheSize                    = 251658240                              {pd product} {ergonomic}
     bool SegmentedCodeCache                       = true                                      {product} {ergonomic}
   size_t SoftMaxHeapSize                          = 2147483648                             {manageable} {ergonomic}
     bool UseCompressedClassPointers               = true                           {product lp64_product} {ergonomic}
     bool UseCompressedOops                        = true                           {product lp64_product} {ergonomic}
     bool UseG1GC                                  = true                                      {product} {ergonomic}
     bool UseLargePagesIndividualAllocation        = false                                  {pd product} {ergonomic}

Logging:
Log output configuration:
 #0: stdout all=warning uptime,level,tags
 #1: stderr all=off uptime,level,tags

Environment Variables:
JAVA_HOME=C:\Program Files\Eclipse Adoptium\jdk-17.0.16.8-hotspot
CLASSPATH=C:\Mobile\WordGameMobileApp\\gradle\wrapper\gradle-wrapper.jar
PATH=C:\Windows\system32;C:\Windows;C:\Windows\System32\Wbem;C:\Windows\System32\WindowsPowerShell\v1.0\;C:\Windows\System32\OpenSSH\;C:\Program Files\Eclipse Adoptium\jdk-17.0.16.8-hotspot\bin;C:\ProgramData\ComposerSetup\bin;C:\Program Files\nodejs\;C:\Program Files\Git\cmd;C:\Android\sdk\platform-tools;C:\Android\sdk\emulator;C:\Android\sdk\cmdline-tools\latest\bin;C:\Windows\system32;C:\Windows;C:\Windows\System32\Wbem;C:\Windows\System32\WindowsPowerShell\v1.0\;C:\Windows\System32\OpenSSH\;C:\Program Files\Eclipse Adoptium\jdk-17.0.16.8-hotspot\bin;C:\ProgramData\ComposerSetup\bin;C:\Program Files\nodejs\;C:\Program Files\Git\cmd;C:\Android\sdk\platform-tools;C:\Android\sdk\emulator;C:\Android\sdk\cmdline-tools\latest\bin;;C:\Users\ssaha\AppData\Local\Programs\Microsoft VS Code\bin;C:\Users\ssaha\AppData\Local\Programs\cursor\resources\app\bin;C:\Users\ssaha\AppData\Local\Programs\Qoder\bin
USERNAME=ssaha
LANG=en_US.UTF-8
OS=Windows_NT
PROCESSOR_IDENTIFIER=Intel64 Family 6 Model 61 Stepping 4, GenuineIntel
TMP=C:\Users\ssaha\AppData\Local\Temp
TEMP=C:\Users\ssaha\AppData\Local\Temp



Periodic native trim disabled


---------------  S Y S T E M  ---------------

OS:
 Windows 10 , 64 bit Build 19041 (10.0.19041.5915)
OS uptime: 1 days 0:08 hours
Hyper-V role detected

CPU: total 4 (initial active 4) (2 cores per cpu, 2 threads per core) family 6 model 61 stepping 4 microcode 0x2f, cx8, cmov, fxsr, ht, mmx, 3dnowpref, sse, sse2, sse3, ssse3, sse4.1, sse4.2, popcnt, lzcnt, tsc, tscinvbit, avx, avx2, aes, erms, clmul, bmi1, bmi2, adx, fma, vzeroupper, clflush, hv
Processor Information for all 4 processors :
  Max Mhz: 2000, Current Mhz: 2000, Mhz Limit: 2000

Memory: 4k page, system-wide physical 8101M (1187M free)
TotalPageFile size 14501M (AvailPageFile size 4294M)
current process WorkingSet (physical memory assigned to process): 1384M, peak: 1386M
current process commit charge ("private bytes"): 1806M, peak: 1832M

vm_info: OpenJDK 64-Bit Server VM (17.0.16+8) for windows-amd64 JRE (17.0.16+8), built on Jul 16 2025 10:37:56 by "admin" with MS VC++ 17.7 (VS2022)

END.
