#
# A fatal error has been detected by the Java Runtime Environment:
#
#  EXCEPTION_ACCESS_VIOLATION (0xc0000005) at pc=0x00000190e6cd4faa, pid=10680, tid=13804
#
# JRE version: OpenJDK Runtime Environment Temurin-17.0.16+8 (17.0.16+8) (build 17.0.16+8)
# Java VM: OpenJDK 64-Bit Server VM Temurin-17.0.16+8 (17.0.16+8, mixed mode, sharing, tiered, compressed oops, compressed class ptrs, g1 gc, windows-amd64)
# Problematic frame:
# J 34309 c2 com.android.tools.r8.internal.vM$b$$Lambda$2750+0x000001908276bd40.a(Lcom/android/tools/r8/utils/structural/z;)V (5 bytes) @ 0x00000190e6cd4faa [0x00000190e6cd4960+0x000000000000064a]
#
# No core dump will be written. Minidumps are not enabled by default on client versions of Windows
#
# If you would like to submit a bug report, please visit:
#   https://github.com/adoptium/adoptium-support/issues
#

---------------  S U M M A R Y ------------

Command Line: --add-opens=java.base/java.util=ALL-UNNAMED --add-opens=java.base/java.lang=ALL-UNNAMED --add-opens=java.base/java.lang.invoke=ALL-UNNAMED --add-opens=java.prefs/java.util.prefs=ALL-UNNAMED --add-exports=jdk.compiler/com.sun.tools.javac.api=ALL-UNNAMED --add-exports=jdk.compiler/com.sun.tools.javac.util=ALL-UNNAMED --add-opens=java.base/java.nio.charset=ALL-UNNAMED --add-opens=java.base/java.net=ALL-UNNAMED --add-opens=java.base/java.util.concurrent.atomic=ALL-UNNAMED -Xmx2g -Dfile.encoding=UTF-8 -Duser.country=US -Duser.language=en -Duser.variant -javaagent:C:\Users\ssaha\.gradle\wrapper\dists\gradle-8.9-bin\90cnw93cvbtalezasaz0blq0a\gradle-8.9\lib\agents\gradle-instrumentation-agent-8.9.jar org.gradle.launcher.daemon.bootstrap.GradleDaemon 8.9

Host: Intel(R) Core(TM) i3-5005U CPU @ 2.00GHz, 4 cores, 7G,  Windows 10 , 64 bit Build 19041 (10.0.19041.5915)
Time: Mon Sep 29 20:47:24 2025 Sri Lanka Standard Time elapsed time: 3879.150340 seconds (0d 1h 4m 39s)

---------------  T H R E A D  ---------------

Current thread (0x00000190d37c0bc0):  JavaThread "Execution worker Thread 2" [_thread_in_Java, id=13804, stack(0x0000007c88a00000,0x0000007c88b00000)]

Stack: [0x0000007c88a00000,0x0000007c88b00000],  sp=0x0000007c88af7920,  free space=990k
Native frames: (J=compiled Java code, j=interpreted, Vv=VM code, C=native code)
C  0x00000190e6cd4faa

The last pc belongs to nmethod (printed below).

siginfo: EXCEPTION_ACCESS_VIOLATION (0xc0000005), reading address 0x0000000002000008


Registers:
RAX=0x0000000000000001, RBX=0x00000190cfc2dc70, RCX=0x00000000c692fb38, RDX=0x000000008be139e8
RSP=0x0000007c88af7920, RBP=0x00000000c6d2cea8, RSI=0x00000190f5007af0, RDI=0x00000000c6d2cea8
R8 =0x00000000c692fb38, R9 =0x00000190826a4a60, R10=0x00000000c6d2cea8, R11=0x0000000002000000
R12=0x0000000000000000, R13=0x0000000000000220, R14=0x00000190800595b0, R15=0x00000190d37c0bc0
RIP=0x00000190e6cd4faa, EFLAGS=0x0000000000010246

XMM[0]=0x0000000000000000 0x0000000000000000
XMM[1]=0x0000000000000000 0x0000000000000000
XMM[2]=0x0000000000000000 0x0000000000000000
XMM[3]=0x0000000000000000 0x0000000000000000
XMM[4]=0x0000000000000000 0x0000000000000000
XMM[5]=0x0000000000000000 0x0000000000000000
XMM[6]=0x0000000000000000 0x00000000806dfad8
XMM[7]=0x0000000000000000 0x00000000b81bee80
XMM[8]=0x0000000000000000 0x00000000b8be11b0
XMM[9]=0x0000000000000000 0x0000000081ba3d08
XMM[10]=0x0000000000000000 0x0b0a090803020100
XMM[11]=0x0000000000000000 0x0000000000000000
XMM[12]=0x0000000000000000 0xffffffffffffffff
XMM[13]=0x0000000000000000 0x0405060700010203
XMM[14]=0x0000000000000000 0x0000000000000000
XMM[15]=0x0000000000000000 0x0000000000000000
  MXCSR=0x00001fa0


Register to memory mapping:

RIP=0x00000190e6cd4faa is at entry_point+1610 in (nmethod*)0x00000190e6cd4410
Compiled method (c2) 3879391 34309       4       com.android.tools.r8.internal.vM$b$$Lambda$2750/0x000001908276bd40::a (5 bytes)
 total in heap  [0x00000190e6cd4410,0x00000190e6cd9980] = 21872
 relocation     [0x00000190e6cd4570,0x00000190e6cd4948] = 984
 main code      [0x00000190e6cd4960,0x00000190e6cd6d40] = 9184
 stub code      [0x00000190e6cd6d40,0x00000190e6cd6ed0] = 400
 oops           [0x00000190e6cd6ed0,0x00000190e6cd6f50] = 128
 metadata       [0x00000190e6cd6f50,0x00000190e6cd7120] = 464
 scopes data    [0x00000190e6cd7120,0x00000190e6cd88b8] = 6040
 scopes pcs     [0x00000190e6cd88b8,0x00000190e6cd9368] = 2736
 dependencies   [0x00000190e6cd9368,0x00000190e6cd93a0] = 56
 handler table  [0x00000190e6cd93a0,0x00000190e6cd9838] = 1176
 nul chk table  [0x00000190e6cd9838,0x00000190e6cd9980] = 328
RAX=0x0000000000000001 is an unknown value
RBX={method} {0x00000190cfc2dc78} 'apply' '(Ljava/lang/Object;)Ljava/lang/Object;' in 'com/android/tools/r8/internal/vM$$Lambda$2690+0x00000190827108b8'
RCX=0x00000000c692fb38 is an oop: com.android.tools.r8.utils.structural.l 
{0x00000000c692fb38} - klass: 'com/android/tools/r8/utils/structural/l'
 - ---- fields (total size 3 words):
 - public 'b' 'I' @12  -1798321635 (94cfca1d)
 - public final 'a' 'Ljava/lang/Object;' @16  a 'com/android/tools/r8/internal/vM$b'{0x00000000c6d2cea8} (c6d2cea8)
RDX=0x000000008be139e8 is an oop: com.android.tools.r8.internal.vM$$Lambda$2690/0x00000190827108b8 
{0x000000008be139e8} - klass: 'com/android/tools/r8/internal/vM$$Lambda$2690+0x00000190827108b8'
 - ---- fields (total size 2 words):
RSP=0x0000007c88af7920 is pointing into the stack for thread: 0x00000190d37c0bc0
RBP=0x00000000c6d2cea8 is an oop: com.android.tools.r8.internal.vM$b 
{0x00000000c6d2cea8} - klass: 'com/android/tools/r8/internal/vM$b'
 - ---- fields (total size 4 words):
 - public final 'b' 'I' @12  58 (3a)
 - public final 'e' 'Z' @16  false
 - public final 'f' 'Z' @17  false
 - public final 'c' 'Lcom/android/tools/r8/graph/s2;' @20  a 'com/android/tools/r8/graph/s2'{0x00000000886c6d00} (886c6d00)
 - public final 'd' 'Lcom/android/tools/r8/internal/vM;' @24  
[error occurred during error reporting (printing register info), id 0xc0000005, EXCEPTION_ACCESS_VIOLATION (0xc0000005) at pc=0x00007ffcba60364e]

Top of Stack: (sp=0x0000007c88af7920)
0x0000007c88af7920:   00000000c692fb38 0000007c0270f3f0
0x0000007c88af7930:   0000019082601c18 00000190cf544f48
0x0000007c88af7940:   00000190d37c0bc0 00000190cf544f48
0x0000007c88af7950:   00000190d37c0bc0 fffffffe00000000
0x0000007c88af7960:   0000000000000000 0000000000000000
0x0000007c88af7970:   00000190d37c0bc0 00000190cfddfacf
0x0000007c88af7980:   00000000c692fb38 00000190e6f8ebf8
0x0000007c88af7990:   000000008be136e0 00000000000000b6
0x0000007c88af79a0:   0000007c88af7ab0 00007ffcba5f526e
0x0000007c88af79b0:   0000007c88af7a38 00000190e6428208
0x0000007c88af79c0:   00000190fefd9888 00000000000003d8
0x0000007c88af79d0:   0000007c88af7a38 00000190e5239634
0x0000007c88af79e0:   00000190e5239634 00000000c6d2cea8
0x0000007c88af79f0:   0000007c88af79f0 00000190d1d5008c
0x0000007c88af7a00:   0000007c88af7a48 00000190d1d50640
0x0000007c88af7a10:   0000000000000000 0000000085e36548
0x0000007c88af7a20:   00000190d1d50098 0000007c88af79e8
0x0000007c88af7a30:   0000007c88af7a50 00000000b8be10c0
0x0000007c88af7a40:   00000190e843c3b0 00000000c692fb28
0x0000007c88af7a50:   0000019100a24e00 00000190fb99c7c0
0x0000007c88af7a60:   00000190fefd94a0 00007ffcba8e5838
0x0000007c88af7a70:   00000190d37c0bc0 0000019000000000
0x0000007c88af7a80:   0000007c88af7af8 00000000992b38c8
0x0000007c88af7a90:   0000019100a24e00 00000000b8be10c0
0x0000007c88af7aa0:   00000000c692fb28 00000000c692fb28
0x0000007c88af7ab0:   0000007c88af7ab0 00000190d1d49e02
0x0000007c88af7ac0:   0000007c88af7b10 00000190d1d50640
0x0000007c88af7ad0:   0000007c88af7b80 00000190e59b63c0
0x0000007c88af7ae0:   00000190d1d49e10 0000000000000000
0x0000007c88af7af0:   0000007c88af7b80 00000190e5239679
0x0000007c88af7b00:   00000190e5239520 00000190e5239679
0x0000007c88af7b10:   00000000992b38c8 00000000c692fb28 

Instructions: (pc=0x00000190e6cd4faa)
0x00000190e6cd4eaa:   b3 00 00 00 00 4c 8b 44 24 20 66 66 90 e8 04 c5
0x00000190e6cd4eba:   fb ff 48 ba 40 ff e1 8b 00 00 00 00 4c 8b 44 24
0x00000190e6cd4eca:   18 4c 8b c8 48 8b 7c 24 28 e8 e8 b7 13 00 4c 8b
0x00000190e6cd4eda:   54 24 10 41 89 42 0c 4c 8b 44 24 08 44 8b 4c 24
0x00000190e6cd4eea:   04 49 8b 97 08 01 00 00 4c 8b d2 49 83 c2 10 4d
0x00000190e6cd4efa:   3b 97 18 01 00 00 0f 83 3d 12 00 00 4d 89 97 08
0x00000190e6cd4f0a:   01 00 00 41 0f 0d 8a c0 00 00 00 48 c7 02 01 00
0x00000190e6cd4f1a:   00 00 c7 42 08 38 02 71 02 c7 42 0c e8 39 e1 8b
0x00000190e6cd4f2a:   45 8b 58 08 41 81 fb 70 3e 65 02 0f 84 4c 04 00
0x00000190e6cd4f3a:   00 41 81 fb f0 f3 70 02 0f 85 b4 15 00 00 44 89
0x00000190e6cd4f4a:   4c 24 08 4c 89 04 24 45 8b 58 10 49 8b e8 4d 8b
0x00000190e6cd4f5a:   c3 66 90 48 b8 38 02 71 82 90 01 00 00 e8 34 c3
0x00000190e6cd4f6a:   eb ff 85 c0 0f 84 87 0f 00 00 4c 8b c5 41 8b 68
0x00000190e6cd4f7a:   10 44 8b 55 08 49 bb 00 00 00 80 90 01 00 00 4d
0x00000190e6cd4f8a:   03 da 4d 8b 53 38 49 bb 98 46 6a 82 90 01 00 00
0x00000190e6cd4f9a:   4d 3b d3 0f 85 a5 15 00 00 4c 8b d5 45 8b 5a 18
0x00000190e6cd4faa:   45 8b 53 08 41 81 fa 60 4a 6a 02 0f 85 ba 0f 00
0x00000190e6cd4fba:   00 48 ba e0 36 e1 8b 00 00 00 00 49 8b 87 08 01
0x00000190e6cd4fca:   00 00 4c 8b d0 49 83 c2 18 4d 3b 97 18 01 00 00
0x00000190e6cd4fda:   0f 83 d1 11 00 00 4d 89 97 08 01 00 00 41 0f 0d
0x00000190e6cd4fea:   8a c0 00 00 00 48 c7 00 01 00 00 00 c7 40 08 f0
0x00000190e6cd4ffa:   f3 70 02 44 89 60 0c 4c 89 60 10 44 89 58 10 44
0x00000190e6cd500a:   8b 52 08 41 81 fa 40 bd 76 02 0f 85 3c 0f 00 00
0x00000190e6cd501a:   8b 68 10 44 8b 5d 08 49 ba 00 00 00 80 90 01 00
0x00000190e6cd502a:   00 4d 03 d3 4d 8b 52 38 49 bb 98 46 6a 82 90 01
0x00000190e6cd503a:   00 00 4d 3b d3 0f 85 0f 15 00 00 48 8b d5 44 8b
0x00000190e6cd504a:   5a 08 41 81 fb 60 4a 6a 02 0f 85 91 0f 00 00 48
0x00000190e6cd505a:   8b e8 4c 89 44 24 10 66 90 e8 18 c3 5a fe 48 8b
0x00000190e6cd506a:   cd 8b 6d 10 44 8b 59 0c 45 8b d3 41 c1 e2 05 45
0x00000190e6cd507a:   2b d3 41 03 c2 89 41 0c 44 8b 55 08 49 bb 00 00
0x00000190e6cd508a:   00 80 90 01 00 00 4d 03 da 4d 8b 53 38 49 bb 98
0x00000190e6cd509a:   46 6a 82 90 01 00 00 4d 3b d3 0f 85 b6 14 00 00 


Stack slot to memory mapping:
stack at sp + 0 slots: 0x00000000c692fb38 is an oop: com.android.tools.r8.utils.structural.l 
{0x00000000c692fb38} - klass: 'com/android/tools/r8/utils/structural/l'
 - ---- fields (total size 3 words):
 - public 'b' 'I' @12  -1798321635 (94cfca1d)
 - public final 'a' 'Ljava/lang/Object;' @16  a 'com/android/tools/r8/internal/vM$b'{0x00000000c6d2cea8} (c6d2cea8)
stack at sp + 1 slots: 0x0000007c0270f3f0 is an unknown value
stack at sp + 2 slots: 0x0000019082601c18 is a pointer to class: 
com.android.tools.r8.graph.y1 {0x0000019082601c20}
 - instance size:     183
 - klass size:        82
 - access:            public 
 - state:             fully_initialized
 - name:              'com/android/tools/r8/graph/y1'
 - super:             'java/lang/Object'
 - sub:               
 - arrays:            NULL
 - methods:           Array<T>(0x00000190cf537630)
 - method ordering:   Array<T>(0x000001908090a920)
 - local interfaces:  Array<T>(0x00000190805ccb20)
 - trans. interfaces: Array<T>(0x00000190805ccb20)
 - constants:         constant pool [2958]/operands[156] {0x00000190cf538008} for 'com/android/tools/r8/graph/y1' cache=0x00000190cf580000
 - class loader data:  loader data: 0x00000190fe036130 for instance a 'org/gradle/internal/classloader/VisitableURLClassLoader$InstrumentingVisitableURLClassLoader'{0x00000000fffd0360}
 - source file:       'R8_8.2.47_115170b0e238ab4c8fd3abe4aa31d20c98f8a77f61775e861794cc2d75fbdf13'
 - class annotations:       Array<T>(0x0000000000000000)
 - class type annotations:  Array<T>(0x0000000000000000)
 - field annotations:       Array<T>(0x0000000000000000)
 - field type annotations:  Array<T>(0x0000000000000000)
 - inner classes:     Array<T>(0x00000190cf545d18)
 - nest members:     Array<T>(0x00000190cf545d60)
 - permitted subclasses:     Array<T>(0x00000190805ccab0)
 - java mirror:       a 'java/lang/Class'{0x00000000842b20f0} = 'com/android/tools/r8/graph/y1'
 - vtable length      22  (start addr: 0x0000019082601de0)
 - itable length      2 (start addr: 0x0000019082601e90)
 - ---- static fields (4 words):
 - public static final 'Z5' 'Lcom/android/tools/r8/graph/E2;' @112 
 - public static final 'a6' 'Lcom/android/tools/r8/graph/D2;' @116 
 - public static final 'b6' 'Ljava/util/IdentityHashMap;' @120 
 - public static final 'c6' 'Lcom/android/tools/r8/internal/Cm;' @124 
 - public static final 'd6' 'Lcom/android/tools/r8/internal/Cm;' @128 
 - public static final 'e6' 'Lcom/android/tools/r8/internal/Cm;' @132 
 - public static final synthetic 'f6' 'Z' @136 
 - ---- non-static fields (363 words):
 - public 'Y5' 'Z' @12 
 - public final 'a' 'Ljava/util/Set;' @16 
 - public final 'b' 'Ljava/util/concurrent/ConcurrentHashMap;' @20 
 - public final 'c' 'Ljava/util/concurrent/ConcurrentHashMap;' @24 
 - public final 'd' 'Ljava/util/concurrent/ConcurrentHashMap;' @28 
 - public final 'e' 'Ljava/util/concurrent/ConcurrentHashMap;' @32 
 - public final 'f' 'Ljava/util/concurrent/ConcurrentHashMap;' @36 
 - public final 'g' 'Ljava/util/concurrent/ConcurrentHashMap;' @40 
 - public final 'h' 'Ljava/util/concurrent/ConcurrentHashMap;' @44 
 - public final 'i' 'Lcom/android/tools/r8/internal/lr;' @48 
 - public final 'j' 'Lcom/android/tools/r8/internal/lr;' @52 
 - public final 'k' 'Lcom/android/tools/r8/internal/lr;' @56 
 - public final 'l' 'Lcom/android/tools/r8/internal/lr;' @60 
 - public final 'm' 'Lcom/android/tools/r8/internal/lr;' @64 
 - public final 'n' 'Lcom/android/tools/r8/graph/N0;' @68 
 - public final 'o' 'Lcom/android/tools/r8/graph/P0;' @72 
 - public final 'p' 'Ljava/util/HashMap;' @76 
 - public final 'q' 'Ljava/util/HashMap;' @80 
 - public final 'r' 'Lcom/android/tools/r8/graph/K0$b;' @84 
 - public final 's' 'Lcom/android/tools/r8/graph/K0$b;' @88 
 - public final 't' 'Ljava/util/concurrent/ConcurrentHashMap;' @92 
 - public final 'u' 'Ljava/util/concurrent/ConcurrentHashMap;' @96 
 - public final 'v' 'Lcom/android/tools/r8/utils/N1;' @100 
 - public final 'w' 'Lcom/android/tools/r8/graph/D2;' @104 
 - public final 'x' 'Lcom/android/tools/r8/graph/D2;' @108 
 - public final 'y' 'Lcom/android/tools/r8/graph/D2;' @112 
 - public final 'z' 'Lcom/android/tools/r8/graph/D2;' @116 
 - public final 'A' 'Lcom/android/tools/r8/graph/D2;' @120 
 - public final 'B' 'Lcom/android/tools/r8/graph/D2;' @124 
 - public final 'C' 'Lcom/android/tools/r8/graph/D2;' @128 
 - public final 'D' 'Lcom/android/tools/r8/graph/D2;' @132 
 - public final 'E' 'Lcom/android/tools/r8/graph/D2;' @136 
 - public final 'F' 'Lcom/android/tools/r8/graph/D2;' @140 
 - public final 'G' 'Lcom/android/tools/r8/graph/D2;' @144 
 - public final 'H' 'Lcom/android/tools/r8/graph/D2;' @148 
 - public final 'I' 'Lcom/android/tools/r8/graph/D2;' @152 
 - public final 'J' 'Lcom/android/tools/r8/graph/D2;' @156 
 - public final 'K' 'Lcom/android/tools/r8/graph/D2;' @160 
 - public final 'L' 'Lcom/android/tools/r8/graph/D2;' @164 
 - public final 'M' 'Lcom/android/tools/r8/graph/D2;' @168 
 - public final 'N' 'Lcom/android/tools/r8/graph/D2;' @172 
 - public final 'O' 'Lcom/android/tools/r8/graph/D2;' @176 
 - public final 'P' 'Lcom/android/tools/r8/graph/D2;' @180 
 - public final 'Q' 'Lcom/android/tools/r8/graph/D2;' @184 
 - public final 'R' 'Lcom/android/tools/r8/graph/D2;' @188 
 - public final 'S' 'Lcom/android/tools/r8/graph/D2;' @192 
 - public final 'T' 'Lcom/android/tools/r8/graph/D2;' @196 
 - public final 'U' 'Lcom/android/tools/r8/graph/D2;' @200 
 - public final 'V' 'Lcom/android/tools/r8/graph/D2;' @204 
 - public final 'W' 'Lcom/android/tools/r8/graph/D2;' @208 
 - public final 'X' 'Lcom/android/tools/r8/graph/D2;' @212 
 - public final 'Y' 'Lcom/android/tools/r8/graph/D2;' @216 
 - public final 'Z' 'Lcom/android/tools/r8/graph/D2;' @220 
 - public final 'a0' 'Lcom/android/tools/r8/graph/D2;' @224 
 - public final 'b0' 'Lcom/android/tools/r8/graph/D2;' @228 
 - public final 'c0' 'Lcom/android/tools/r8/graph/D2;' @232 
 - public final 'd0' 'Lcom/android/tools/r8/graph/D2;' @236 
 - public final 'e0' 'Lcom/android/tools/r8/graph/D2;' @240 
 - public final 'f0' 'Lcom/android/tools/r8/graph/D2;' @244 
 - public final 'g0' 'Lcom/android/tools/r8/graph/D2;' @248 
 - public final 'h0' 'Lcom/android/tools/r8/graph/D2;' @252 
 - public final 'i0' 'Lcom/android/tools/r8/graph/D2;' @256 
 - public final 'j0' 'Lcom/android/tools/r8/graph/D2;' @260 
 - public final 'k0' 'Lcom/android/tools/r8/graph/D2;' @264 
 - public final 'l0' 'Lcom/android/tools/r8/graph/D2;' @268 
 - public final 'm0' 'Lcom/android/tools/r8/graph/D2;' @272 
 - public final 'n0' 'Lcom/android/tools/r8/graph/D2;' @276 
 - public final 'o0' 'Lcom/android/tools/r8/graph/D2;' @280 
 - public final 'p0' 'Lcom/android/tools/r8/graph/D2;' @284 
 - public final 'q0' 'Lcom/android/tools/r8/graph/D2;' @288 
 - public final 'r0' 'Lcom/android/tools/r8/graph/D2;' @292 
 - public final 's0' 'Lcom/android/tools/r8/graph/D2;' @296 
 - public final 't0' 'Lcom/android/tools/r8/graph/D2;' @300 
 - public final 'u0' 'Lcom/android/tools/r8/graph/D2;' @304 
 - public final 'v0' 'Lcom/android/tools/r8/graph/D2;' @308 
 - public final 'w0' 'Lcom/android/tools/r8/graph/D2;' @312 
 - public final 'x0' 'Lcom/android/tools/r8/graph/D2;' @316 
 - public final 'y0' 'Lcom/android/tools/r8/graph/D2;' @320 
 - public final 'z0' 'Lcom/android/tools/r8/graph/D2;' @324 
 - public final 'A0' 'Lcom/android/tools/r8/graph/D2;' @328 
 - public final 'B0' 'Lcom/android/tools/r8/graph/D2;' @332 
 - public final 'C0' 'Lcom/android/tools/r8/graph/D2;' @336 
 - public final 'D0' 'Lcom/android/tools/r8/graph/D2;' @340 
 - public final 'E0' 'Lcom/android/tools/r8/graph/D2;' @344 
 - public final 'F0' 'Lcom/android/tools/r8/graph/D2;' @348 
 - public final 'G0' 'Lcom/android/tools/r8/graph/D2;' @352 
 - public final 'H0' 'Lcom/android/tools/r8/graph/D2;' @356 
 - public final 'I0' 'Lcom/android/tools/r8/graph/D2;' @360 
 - public final 'J0' 'Lcom/android/tools/r8/graph/D2;' @364 
 - public final 'K0' 'Lcom/android/tools/r8/graph/D2;' @368 
 - public final 'L0' 'Lcom/android/tools/r8/graph/D2;' @372 
 - public final 'M0' 'Lcom/android/tools/r8/graph/D2;' @376 
 - public final 'N0' 'Lcom/android/tools/r8/graph/D2;' @380 
 - public final 'O0' 'Lcom/android/tools/r8/graph/D2;' @384 
 - public final 'P0' 'Lcom/android/tools/r8/graph/D2;' @388 
 - public final 'Q0' 'Lcom/android/tools/r8/graph/D2;' @392 
 - public final 'R0' 'Lcom/android/tools/r8/graph/D2;' @396 
 - public final 'S0' 'Lcom/android/tools/r8/graph/D2;' @400 
 - public final 'T0' 'Lcom/android/tools/r8/graph/D2;' @404 
 - public final 'U0' 'Lcom/android/tools/r8/graph/D2;' @408 
 - public final 'V0' 'Lcom/android/tools/r8/graph/D2;' @412 
 - public final 'W0' 'Lcom/android/tools/r8/graph/D2;' @416 
 - public final 'X0' 'Lcom/android/tools/r8/graph/D2;' @420 
 - public final 'Y0' 'Lcom/android/tools/r8/graph/D2;' @424 
 - public final 'Z0' 'Lcom/android/tools/r8/graph/D2;' @428 
 - public final 'a1' 'Lcom/android/tools/r8/graph/D2;' @432 
 - public final 'b1' 'Lcom/android/tools/r8/graph/D2;' @436 
 - public final 'c1' 'Lcom/android/tools/r8/graph/D2;' @440 
 - public final 'd1' 'Lcom/android/tools/r8/graph/D2;' @444 
 - public final 'e1' 'Lcom/android/tools/r8/graph/D2;' @448 
 - public final 'f1' 'Lcom/android/tools/r8/graph/D2;' @452 
 - public final 'g1' 'Lcom/android/tools/r8/graph/D2;' @456 
 - public final 'h1' 'Lcom/android/tools/r8/graph/D2;' @460 
 - public final 'i1' 'Lcom/android/tools/r8/graph/D2;' @464 
 - public final 'j1' 'Lcom/android/tools/r8/graph/D2;' @468 
 - public final 'k1' 'Lcom/android/tools/r8/graph/D2;' @472 
 - public final 'l1' 'Lcom/android/tools/r8/graph/D2;' @476 
 - public final 'm1' 'Lcom/android/tools/r8/graph/D2;' @480 
 - public final 'n1' 'Lcom/android/tools/r8/graph/D2;' @484 
 - public final 'o1' 'Lcom/android/tools/r8/graph/D2;' @488 
 - public final 'p1' 'Lcom/android/tools/r8/graph/D2;' @492 
 - public final 'q1' 'Lcom/android/tools/r8/graph/D2;' @496 
 - public final 'r1' 'Lcom/android/tools/r8/graph/D2;' @500 
 - public final 's1' 'Lcom/android/tools/r8/graph/D2;' @504 
 - public final 't1' 'Lcom/android/tools/r8/graph/D2;' @508 
 - public final 'u1' 'Lcom/android/tools/r8/graph/D2;' @512 
 - public final 'v1' 'Lcom/android/tools/r8/graph/D2;' @516 
 - public final 'w1' 'Lcom/android/tools/r8/graph/D2;' @520 
 - public final 'x1' 'Lcom/android/tools/r8/graph/D2;' @524 
 - public final 'y1' 'Lcom/android/tools/r8/graph/D2;' @528 
 - public final 'z1' 'Lcom/android/tools/r8/graph/E2;' @532 
 - public final 'A1' 'Lcom/android/tools/r8/graph/E2;' @536 
 - public final 'B1' 'Lcom/android/tools/r8/graph/E2;' @540 
 - public final 'C1' 'Lcom/android/tools/r8/graph/E2;' @544 
 - public final 'D1' 'Lcom/android/tools/r8/graph/E2;' @548 
 - public final 'E1' 'Lcom/android/tools/r8/graph/E2;' @552 
 - public final 'F1' 'Lcom/android/tools/r8/graph/E2;' @556 
 - public final 'G1' 'Lcom/android/tools/r8/graph/E2;' @560 
 - public final 'H1' 'Lcom/android/tools/r8/graph/E2;' @564 
 - public final 'I1' 'Lcom/android/tools/r8/graph/E2;' @568 
 - public final 'J1' 'Lcom/android/tools/r8/graph/E2;' @572 
 - public final 'K1' 'Lcom/android/tools/r8/graph/E2;' @576 
 - public final 'L1' 'Lcom/android/tools/r8/graph/E2;' @580 
 - public final 'M1' 'Lcom/android/tools/r8/graph/E2;' @584 
 - public final 'N1' 'Lcom/android/tools/r8/graph/E2;' @588 
 - public final 'O1' 'Lcom/android/tools/r8/graph/E2;' @592 
 - public final 'P1' 'Lcom/android/tools/r8/graph/E2;' @596 
 - public final 'Q1' 'Lcom/android/tools/r8/graph/E2;' @600 
 - public final 'R1' 'Lcom/android/tools/r8/graph/E2;' @604 
 - public final 'S1' 'Lcom/android/tools/r8/graph/E2;' @608 
 - public final 'T1' 'Lcom/android/tools/r8/graph/E2;' @612 
 - public final 'U1' 'Lcom/android/tools/r8/graph/E2;' @616 
 - public final 'V1' 'Lcom/android/tools/r8/graph/E2;' @620 
 - public final 'W1' 'Lcom/android/tools/r8/graph/E2;' @624 
 - public final 'X1' 'Lcom/android/tools/r8/graph/E2;' @628 
 - public final 'Y1' 'Lcom/android/tools/r8/graph/E2;' @632 
 - public final 'Z1' 'Lcom/android/tools/r8/graph/E2;' @636 
 - public final 'a2' 'Lcom/android/tools/r8/graph/E2;' @640 
 - public final 'b2' 'Lcom/android/tools/r8/graph/E2;' @644 
 - public final 'c2' 'Lcom/android/tools/r8/graph/E2;' @648 
 - public final 'd2' 'Lcom/android/tools/r8/graph/E2;' @652 
 - public final 'e2' 'Lcom/android/tools/r8/graph/E2;' @656 
 - public final 'f2' 'Lcom/android/tools/r8/graph/E2;' @660 
 - public final 'g2' 'Lcom/android/tools/r8/graph/E2;' @664 
 - public final 'h2' 'Lcom/android/tools/r8/graph/E2;' @668 
 - public final 'i2' 'Lcom/android/tools/r8/graph/E2;' @672 
 - public final 'j2' 'Lcom/android/tools/r8/graph/E2;' @676 
 - public final 'k2' 'Lcom/android/tools/r8/graph/E2;' @680 
 - public final 'l2' 'Lcom/android/tools/r8/graph/E2;' @684 
 - public final 'm2' 'Lcom/android/tools/r8/graph/E2;' @688 
 - public final 'n2' 'Lcom/android/tools/r8/graph/E2;' @692 
 - public final 'o2' 'Lcom/android/tools/r8/graph/E2;' @696 
 - public final 'p2' 'Lcom/android/tools/r8/graph/E2;' @700 
 - public final 'q2' 'Lcom/android/tools/r8/graph/E2;' @704 
 - public final 'r2' 'Lcom/android/tools/r8/graph/E2;' @708 
 - public final 's2' 'Lcom/android/tools/r8/graph/E2;' @712 
 - public final 't2' 'Lcom/android/tools/r8/graph/E2;' @716 
 - public final 'u2' 'Lcom/android/tools/r8/graph/E2;' @720 
 - public final 'v2' 'Lcom/android/tools/r8/graph/E2;' @724 
 - public final 'w2' 'Lcom/android/tools/r8/graph/E2;' @728 
 - public final 'x2' 'Lcom/android/tools/r8/graph/E2;' @732 
 - public final 'y2' 'Lcom/android/tools/r8/graph/E2;' @736 
 - public final 'z2' 'Lcom/android/tools/r8/graph/E2;' @740 
 - public final 'A2' 'Lcom/android/tools/r8/graph/E2;' @744 
 - public final 'B2' 'Lcom/android/tools/r8/graph/E2;' @748 
 - public final 'C2' 'Lcom/android/tools/r8/graph/E2;' @752 
 - public final 'D2' 'Lcom/android/tools/r8/graph/E2;' @756 
 - public final 'E2' 'Lcom/android/tools/r8/graph/E2;' @760 
 - public final 'F2' 'Lcom/android/tools/r8/graph/E2;' @764 
 - public final 'G2' 'Lcom/android/tools/r8/graph/E2;' @768 
 - public final 'H2' 'Lcom/android/tools/r8/graph/E2;' @772 
 - public final 'I2' 'Lcom/android/tools/r8/graph/E2;' @776 
 - public final 'J2' 'Lcom/android/tools/r8/graph/E2;' @780 
 - public final 'K2' 'Lcom/android/tools/r8/graph/E2;' @784 
 - public final 'L2' 'Lcom/android/tools/r8/graph/E2;' @788 
 - public final 'M2' 'Lcom/android/tools/r8/graph/E2;' @792 
 - public final 'N2' 'Lcom/android/tools/r8/graph/E2;' @796 
 - public final 'O2' 'Lcom/android/tools/r8/graph/E2;' @800 
 - public final 'P2' 'Lcom/android/tools/r8/graph/E2;' @804 
 - public final 'Q2' 'Lcom/android/tools/r8/graph/E2;' @808 
 - public final 'R2' 'Lcom/android/tools/r8/graph/E2;' @812 
 - public final 'S2' 'Lcom/android/tools/r8/graph/E2;' @816 
 - public final 'T2' 'Lcom/android/tools/r8/graph/E2;' @820 
 - public final 'U2' 'Lcom/android/tools/r8/graph/E2;' @824 
 - public final 'V2' 'Lcom/android/tools/r8/graph/E2;' @828 
 - public final 'W2' 'Lcom/android/tools/r8/graph/E2;' @832 
 - public final 'X2' 'Lcom/android/tools/r8/graph/E2;' @836 
 - public final 'Y2' 'Lcom/android/tools/r8/graph/E2;' @840 
 - public final 'Z2' 'Lcom/android/tools/r8/graph/E2;' @844 
 - public final 'a3' 'Lcom/android/tools/r8/graph/E2;' @848 
 - public final 'b3' 'Lcom/android/tools/r8/graph/E2;' @852 
 - public final 'c3' 'Lcom/android/tools/r8/graph/E2;' @856 
 - public final 'd3' 'Lcom/android/tools/r8/graph/E2;' @860 
 - public final 'e3' 'Lcom/android/tools/r8/graph/E2;' @864 
 - public final 'f3' 'Lcom/android/tools/r8/graph/E2;' @868 
 - public final 'g3' 'Lcom/android/tools/r8/graph/E2;' @872 
 - public final 'h3' 'Lcom/android/tools/r8/graph/E2;' @876 
 - public final 'i3' 'Lcom/android/tools/r8/internal/Cm;' @880 
 - public final 'j3' 'Lcom/android/tools/r8/internal/Cm;' @884 
 - public final 'k3' 'Lcom/android/tools/r8/graph/E2;' @888 
 - public final 'l3' 'Lcom/android/tools/r8/graph/E2;' @892 
 - public final 'm3' 'Lcom/android/tools/r8/graph/E2;' @896 
 - public final 'n3' 'Lcom/android/tools/r8/graph/E2;' @900 
 - public final 'o3' 'Lcom/android/tools/r8/graph/E2;' @904 
 - public final 'p3' 'Lcom/android/tools/r8/graph/E2;' @908 
 - public final 'q3' 'Lcom/android/tools/r8/graph/E2;' @912 
 - public final 'r3' 'Lcom/android/tools/r8/graph/E2;' @916 
 - public final 's3' 'Lcom/android/tools/r8/graph/E2;' @920 
 - public final 't3' 'Lcom/android/tools/r8/graph/E2;' @924 
 - public final 'u3' 'Lcom/android/tools/r8/graph/E2;' @928 
 - public final 'v3' 'Lcom/android/tools/r8/graph/E2;' @932 
 - public final 'w3' 'Lcom/android/tools/r8/graph/E2;' @936 
 - public final 'x3' 'Lcom/android/tools/r8/graph/E2;' @940 
 - public final 'y3' 'Lcom/android/tools/r8/graph/E2;' @944 
 - public final 'z3' 'Lcom/android/tools/r8/graph/E2;' @948 
 - public final 'A3' 'Lcom/android/tools/r8/graph/s2;' @952 
 - public final 'B3' 'Lcom/android/tools/r8/graph/E2;' @956 
 - public final 'C3' 'Lcom/android/tools/r8/graph/E2;' @960 
 - public final 'D3' 'Lcom/android/tools/r8/graph/E2;' @964 
 - public final 'E3' 'Lcom/android/tools/r8/graph/E2;' @968 
 - public final 'F3' 'Lcom/android/tools/r8/graph/E2;' @972 
 - public final 'G3' 'Lcom/android/tools/r8/graph/E2;' @976 
 - public final 'H3' 'Lcom/android/tools/r8/graph/E2;' @980 
 - public final 'I3' 'Lcom/android/tools/r8/graph/E2;' @984 
 - public final 'J3' 'Lcom/android/tools/r8/graph/E2;' @988 
 - public final 'K3' 'Lcom/android/tools/r8/graph/E2;' @992 
 - public final 'L3' 'Lcom/android/tools/r8/graph/E2;' @996 
 - public final 'M3' 'Lcom/android/tools/r8/graph/E2;' @1000 
 - public final 'N3' 'Lcom/android/tools/r8/graph/E2;' @1004 
 - public final 'O3' 'Lcom/android/tools/r8/graph/E2;' @1008 
 - public final 'P3' 'Lcom/android/tools/r8/graph/E2;' @1012 
 - public final 'Q3' 'Lcom/android/tools/r8/graph/E2;' @1016 
 - public final 'R3' 'Lcom/android/tools/r8/graph/E2;' @1020 
 - public final 'S3' 'Lcom/android/tools/r8/graph/E2;' @1024 
 - public final 'T3' 'Lcom/android/tools/r8/graph/E2;' @1028 
 - public final 'U3' 'Lcom/android/tools/r8/graph/E2;' @1032 
 - public final 'V3' 'Lcom/android/tools/r8/graph/E2;' @1036 
 - public final 'W3' 'Lcom/android/tools/r8/graph/E2;' @1040 
 - public final 'X3' 'Lcom/android/tools/r8/graph/E2;' @1044 
 - public final 'Y3' 'Lcom/android/tools/r8/graph/E2;' @1048 
 - public final 'Z3' 'Lcom/android/tools/r8/graph/E2;' @1052 
 - public final 'a4' 'Lcom/android/tools/r8/graph/E2;' @1056 
 - public final 'b4' 'Lcom/android/tools/r8/graph/E2;' @1060 
 - public final 'c4' 'Lcom/android/tools/r8/graph/i2;' @1064 
 - public final 'd4' 'Lcom/android/tools/r8/graph/i2;' @1068 
 - public final 'e4' 'Lcom/android/tools/r8/graph/y1$a;' @1072 
 - public final 'f4' 'Lcom/android/tools/r8/graph/B1;' @1076 
 - public final 'g4' 'Lcom/android/tools/r8/graph/C1;' @1080 
 - public final 'h4' 'Lcom/android/tools/r8/graph/H1;' @1084 
 - public final 'i4' 'Lcom/android/tools/r8/graph/K1;' @1088 
 - public final 'j4' 'Lcom/android/tools/r8/graph/Y1;' @1092 
 - public final 'k4' 'Lcom/android/tools/r8/graph/l2;' @1096 
 - public final 'l4' 'Lcom/android/tools/r8/graph/b2;' @1100 
 - public final 'm4' 'Lcom/android/tools/r8/graph/y1$b;' @1104 
 - public final 'n4' 'Lcom/android/tools/r8/graph/A1;' @1108 
 - public final 'o4' 'Lcom/android/tools/r8/graph/f2;' @1112 
 - public final 'p4' 'Lcom/android/tools/r8/graph/h2;' @1116 
 - public final 'q4' 'Lcom/android/tools/r8/graph/y1$c;' @1120 
 - public final 'r4' 'Lcom/android/tools/r8/graph/k2;' @1124 
 - public final 's4' 'Lcom/android/tools/r8/graph/F1;' @1128 
 - public final 't4' 'Lcom/android/tools/r8/graph/y1$d;' @1132 
 - public final 'u4' 'Lcom/android/tools/r8/graph/w1;' @1136 
 - public final 'v4' 'Lcom/android/tools/r8/graph/D1;' @1140 
 - public final 'w4' 'Lcom/android/tools/r8/graph/E1;' @1144 
 - public final 'x4' 'Lcom/android/tools/r8/graph/G1;' @1148 
 - public final 'y4' 'Lcom/android/tools/r8/graph/O1;' @1152 
 - public final 'z4' 'Lcom/android/tools/r8/graph/N1;' @1156 
 - public final 'A4' 'Lcom/android/tools/r8/graph/P1;' @1160 
 - public final 'B4' 'Lcom/android/tools/r8/graph/Z1;' @1164 
 - public final 'C4' 'Lcom/android/tools/r8/graph/J1;' @1168 
 - public final 'D4' 'Lcom/android/tools/r8/graph/d2;' @1172 
 - public final 'E4' 'Lcom/android/tools/r8/graph/x1;' @1176 
 - public final 'F4' 'Lcom/android/tools/r8/internal/xz;' @1180 
 - public final 'G4' 'Lcom/android/tools/r8/graph/c2;' @1184 
 - public final 'H4' 'Lcom/android/tools/r8/graph/e2;' @1188 
 - public final 'I4' 'Lcom/android/tools/r8/graph/q1;' @1192 
 - public final 'J4' 'Lcom/android/tools/r8/graph/u1;' @1196 
 - public final 'K4' 'Lcom/android/tools/r8/graph/l1;' @1200 
 - public final 'L4' 'Lcom/android/tools/r8/graph/k1;' @1204 
 - public final 'M4' 'Lcom/android/tools/r8/graph/m1;' @1208 
 - public final 'N4' 'Lcom/android/tools/r8/graph/n1;' @1212 
 - public final 'O4' 'Lcom/android/tools/r8/graph/o1;' @1216 
 - public final 'P4' 'Lcom/android/tools/r8/graph/S1;' @1220 
 - public final 'Q4' 'Lcom/android/tools/r8/internal/Cm;' @1224 
 - public final 'R4' 'Lcom/android/tools/r8/graph/D2;' @1228 
 - public final 'S4' 'Lcom/android/tools/r8/graph/A2;' @1232 
 - public final 'T4' 'Lcom/android/tools/r8/graph/D2;' @1236 
 - public final 'U4' 'Lcom/android/tools/r8/graph/E2;' @1240 
 - public final 'V4' 'Lcom/android/tools/r8/graph/A2;' @1244 
 - public final 'W4' 'Lcom/android/tools/r8/graph/D2;' @1248 
 - public final 'X4' 'Lcom/android/tools/r8/graph/E2;' @1252 
 - public final 'Y4' 'Lcom/android/tools/r8/graph/E2;' @1256 
 - public final 'Z4' 'Lcom/android/tools/r8/graph/E2;' @1260 
 - public final 'a5' 'Lcom/android/tools/r8/graph/E2;' @1264 
 - public final 'b5' 'Lcom/android/tools/r8/graph/E2;' @1268 
 - public final 'c5' 'Lcom/android/tools/r8/graph/E2;' @1272 
 - public final 'd5' 'Lcom/android/tools/r8/graph/E2;' @1276 
 - public final 'e5' 'Lcom/android/tools/r8/graph/E2;' @1280 
 - public final 'f5' 'Lcom/android/tools/r8/graph/E2;' @1284 
 - public final 'g5' 'Lcom/android/tools/r8/graph/E2;' @1288 
 - public final 'h5' 'Lcom/android/tools/r8/graph/E2;' @1292 
 - public final 'i5' 'Lcom/android/tools/r8/graph/D2;' @1296 
 - public final 'j5' 'Lcom/android/tools/r8/graph/D2;' @1300 
 - public final 'k5' 'Lcom/android/tools/r8/graph/D2;' @1304 
 - public final 'l5' 'Lcom/android/tools/r8/graph/D2;' @1308 
 - public final 'm5' 'Lcom/android/tools/r8/graph/D2;' @1312 
 - public final 'n5' 'Lcom/android/tools/r8/graph/E2;' @1316 
 - public final 'o5' 'Lcom/android/tools/r8/graph/E2;' @1320 
 - public final 'p5' 'Lcom/android/tools/r8/graph/E2;' @1324 
 - public final 'q5' 'Lcom/android/tools/r8/graph/E2;' @1328 
 - public final 'r5' 'Lcom/android/tools/r8/graph/E2;' @1332 
 - public final 's5' 'Lcom/android/tools/r8/graph/E2;' @1336 
 - public final 't5' 'Lcom/android/tools/r8/graph/E2;' @1340 
 - public final 'u5' 'Lcom/android/tools/r8/graph/E2;' @1344 
 - public final 'v5' 'Lcom/android/tools/r8/graph/E2;' @1348 
 - public final 'w5' 'Lcom/android/tools/r8/graph/E2;' @1352 
 - public final 'x5' 'Lcom/android/tools/r8/graph/E2;' @1356 
 - public final 'y5' 'Lcom/android/tools/r8/graph/E2;' @1360 
 - public final 'z5' 'Lcom/android/tools/r8/graph/E2;' @1364 
 - public final 'A5' 'Lcom/android/tools/r8/graph/E2;' @1368 
 - public final 'B5' 'Lcom/android/tools/r8/graph/E2;' @1372 
 - public final 'C5' 'Lcom/android/tools/r8/graph/E2;' @1376 
 - public final 'D5' 'Lcom/android/tools/r8/graph/E2;' @1380 
 - public final 'E5' 'Lcom/android/tools/r8/graph/E2;' @1384 
 - public final 'F5' 'Lcom/android/tools/r8/graph/E2;' @1388 
 - public final 'G5' 'Lcom/android/tools/r8/graph/E2;' @1392 
 - public final 'H5' 'Lcom/android/tools/r8/graph/E2;' @1396 
 - public final 'I5' 'Lcom/android/tools/r8/graph/E2;' @1400 
 - public final 'J5' 'Lcom/android/tools/r8/graph/a2;' @1404 
 - public final 'K5' 'Lcom/android/tools/r8/graph/g2;' @1408 
 - public final 'L5' 'Lcom/android/tools/r8/graph/j2;' @1412 
 - public final 'M5' 'Lcom/android/tools/r8/synthesis/L;' @1416 
 - public final 'N5' 'Lcom/android/tools/r8/internal/Zk;' @1420 
 - public final 'O5' 'Lcom/android/tools/r8/internal/Im;' @1424 
 - public final 'P5' 'Lcom/android/tools/r8/graph/s2;' @1428 
 - public final 'Q5' 'Lcom/android/tools/r8/graph/s2;' @1432 
 - public final 'R5' 'Lcom/android/tools/r8/graph/s2;' @1436 
 - public final 'S5' 'Lcom/android/tools/r8/internal/Im;' @1440 
 - public 'T5' 'Ljava/util/Set;' @1444 
 - public final 'U5' 'Lcom/android/tools/r8/internal/jn;' @1448 
 - public final 'V5' 'Lcom/android/tools/r8/internal/jn;' @1452 
 - public 'W5' 'Ljava/util/Set;' @1456 
 - public final 'X5' 'Lcom/android/tools/r8/internal/jn;' @1460 
 - non-static oop maps: 16-1460 
stack at sp + 3 slots: {method} {0x00000190cf544f50} 'a' '(Lcom/android/tools/r8/internal/vM;)Lcom/android/tools/r8/graph/O0;' in 'com/android/tools/r8/graph/y1'
stack at sp + 4 slots: 0x00000190d37c0bc0 is a thread
stack at sp + 5 slots: {method} {0x00000190cf544f50} 'a' '(Lcom/android/tools/r8/internal/vM;)Lcom/android/tools/r8/graph/O0;' in 'com/android/tools/r8/graph/y1'
stack at sp + 6 slots: 0x00000190d37c0bc0 is a thread
stack at sp + 7 slots: 0xfffffffe00000000 is an unknown value


Compiled method (c2) 3879940 34309       4       com.android.tools.r8.internal.vM$b$$Lambda$2750/0x000001908276bd40::a (5 bytes)
 total in heap  [0x00000190e6cd4410,0x00000190e6cd9980] = 21872
 relocation     [0x00000190e6cd4570,0x00000190e6cd4948] = 984
 main code      [0x00000190e6cd4960,0x00000190e6cd6d40] = 9184
 stub code      [0x00000190e6cd6d40,0x00000190e6cd6ed0] = 400
 oops           [0x00000190e6cd6ed0,0x00000190e6cd6f50] = 128
 metadata       [0x00000190e6cd6f50,0x00000190e6cd7120] = 464
 scopes data    [0x00000190e6cd7120,0x00000190e6cd88b8] = 6040
 scopes pcs     [0x00000190e6cd88b8,0x00000190e6cd9368] = 2736
 dependencies   [0x00000190e6cd9368,0x00000190e6cd93a0] = 56
 handler table  [0x00000190e6cd93a0,0x00000190e6cd9838] = 1176
 nul chk table  [0x00000190e6cd9838,0x00000190e6cd9980] = 328

[Constant Pool (empty)]

[MachCode]
[Entry Point]
  # {method} {0x00000190cfdf8f90} 'a' '(Lcom/android/tools/r8/utils/structural/z;)V' in 'com/android/tools/r8/internal/vM$b$$Lambda$2750+0x000001908276bd40'
  # this:     rdx:rdx   = 'com/android/tools/r8/internal/vM$b$$Lambda$2750+0x000001908276bd40'
  # parm0:    r8:r8     = 'com/android/tools/r8/utils/structural/z'
  #           [sp+0x70]  (sp of caller)
  0x00000190e6cd4960: 448b 5208 | 49bb 0000 | 0080 9001 | 0000 4d03 | d349 3bc2 

  0x00000190e6cd4974: ;   {runtime_call ic_miss_stub}
  0x00000190e6cd4974: 0f85 06c7 | 5afe 6690 | 0f1f 4000 
[Verified Entry Point]
  0x00000190e6cd4980: 8984 2400 | 90ff ff55 | 4883 ec60 

  0x00000190e6cd498c: ; implicit exception: dispatches to 0x00000190e6cd68c0
  0x00000190e6cd498c: 458b 4808 

  0x00000190e6cd4990: ;   {metadata('com/android/tools/r8/utils/structural/b')}
  0x00000190e6cd4990: 4181 f970 | 3e65 020f | 8476 1300 

  0x00000190e6cd499c: ;   {metadata('com/android/tools/r8/utils/structural/l')}
  0x00000190e6cd499c: 0041 81f9 | f0f3 7002 | 0f85 c619 | 0000 498b | d844 8b53 | 1045 8b5a | 0848 b900 | 0000 8090 
  0x00000190e6cd49bc: 0100 0049 | 03cb 4c8b 

  0x00000190e6cd49c4: ;   {metadata('com/android/tools/r8/internal/vM')}
  0x00000190e6cd49c4: 5938 48b9 | 9846 6a82 | 9001 0000 | 4c3b d90f | 85a7 1900 | 0041 8b4a 

  0x00000190e6cd49dc: ;   {metadata('com/android/tools/r8/internal/vM$b')}
  0x00000190e6cd49dc: 0881 f960 | 4a6a 020f | 85a8 1500 | 0041 bb01 | 0000 0044 | 8b53 0c41 | 8bfa c1e7 | 0541 2bfa 
  0x00000190e6cd49fc: 4403 df44 

  0x00000190e6cd4a00: ;   {metadata('com/android/tools/r8/utils/structural/b')}
  0x00000190e6cd4a00: 895b 0c41 | 81f9 703e | 6502 0f84 | 5d12 0000 

  0x00000190e6cd4a10: ;   {metadata('com/android/tools/r8/utils/structural/l')}
  0x00000190e6cd4a10: 4181 f9f0 | f370 020f | 8573 1900 | 0049 8bc8 | 8b79 1044 | 8b5f 0849 | ba00 0000 | 8090 0100 
  0x00000190e6cd4a30: 004d 03d3 | 4d8b 5238 

  0x00000190e6cd4a38: ;   {metadata('com/android/tools/r8/internal/vM')}
  0x00000190e6cd4a38: 49bb 9846 | 6a82 9001 | 0000 4d3b | d30f 8555 | 1900 0044 | 8b51 0c4c | 8bdf 458b | 5b0c 418b 
  0x00000190e6cd4a58: dac1 e305 | 412b da41 | 03db 8959 | 0c49 8b97 | 0801 0000 | 4c8b d249 | 83c2 104d | 3b97 1801 
  0x00000190e6cd4a78: 0000 0f83 | 9c16 0000 | 4d89 9708 | 0100 0041 | 0f0d 8ac0 | 0000 0048 | c702 0100 

  0x00000190e6cd4a94: ;   {metadata('com/android/tools/r8/utils/structural/z$$Lambda$2687+0x0000019082710238')}
  0x00000190e6cd4a94: 0000 c742 | 0838 0271 

  0x00000190e6cd4a9c: ;   {oop(a 'com/android/tools/r8/internal/vM$$Lambda$2686+0x0000019082710000'{0x000000008be13a18})}
  0x00000190e6cd4a9c: 02c7 420c | 183a e18b 

  0x00000190e6cd4aa4: ;   {metadata('com/android/tools/r8/utils/structural/b')}
  0x00000190e6cd4aa4: 4181 f970 | 3e65 020f | 84a5 0000 

  0x00000190e6cd4ab0: ;   {metadata('com/android/tools/r8/utils/structural/l')}
  0x00000190e6cd4ab0: 0041 81f9 | f0f3 7002 | 0f85 2a1a | 0000 4489 | 4c24 084c | 8904 2445 | 8b50 1049 | 8be8 4d8b 
  0x00000190e6cd4ad0: c248 b838 | 0271 8290 

  0x00000190e6cd4ad8: ;   {virtual_call}
  0x00000190e6cd4ad8: 0100 00e8 

  0x00000190e6cd4adc: ; ImmutableOopMap {rbp=Oop [0]=Oop }
                      ;*invokeinterface test {reexecute=0 rethrow=0 return_oop=0}
                      ; - com.android.tools.r8.utils.structural.l::a@5 (line 9)
                      ; - com.android.tools.r8.utils.structural.z::a@16 (line 5)
                      ; - com.android.tools.r8.utils.structural.z::h@8 (line 1)
                      ; - com.android.tools.r8.internal.vM::a@22 (line 5)
                      ; - com.android.tools.r8.internal.vM$b::b@1 (line 1)
                      ; - com.android.tools.r8.internal.vM$b$$Lambda$2753/0x000001908276c180::a@1
                      ; - com.android.tools.r8.internal.vM$b::c@12 (line 2)
                      ; - com.android.tools.r8.internal.vM$b$$Lambda$2750/0x000001908276bd40::a@1
  0x00000190e6cd4adc: c0c7 ebff | 85c0 0f84 | f913 0000 | 4c8b c541 | 8b68 1044 | 8b5d 0849 | ba00 0000 | 8090 0100 
  0x00000190e6cd4afc: 004d 03d3 | 4d8b 5238 

  0x00000190e6cd4b04: ;   {metadata('com/android/tools/r8/internal/vM')}
  0x00000190e6cd4b04: 49bb 9846 | 6a82 9001 | 0000 4d3b | d30f 8525 | 1a00 004c | 8bd5 458b | 5a14 4585 | db0f 84fd 
  0x00000190e6cd4b24: 1900 0049 | 8be8 498b 

  0x00000190e6cd4b2c: ;   {optimized virtual_call}
  0x00000190e6cd4b2c: d366 90e8 

  0x00000190e6cd4b30: ; ImmutableOopMap {rbp=Oop [0]=Oop }
                      ;*invokevirtual hashCode {reexecute=0 rethrow=0 return_oop=0}
                      ; - com.android.tools.r8.utils.structural.l::a@24 (line 10)
                      ; - com.android.tools.r8.utils.structural.z::a@16 (line 5)
                      ; - com.android.tools.r8.utils.structural.z::h@8 (line 1)
                      ; - com.android.tools.r8.internal.vM::a@22 (line 5)
                      ; - com.android.tools.r8.internal.vM$b::b@1 (line 1)
                      ; - com.android.tools.r8.internal.vM$b$$Lambda$2753/0x000001908276c180::a@1
                      ; - com.android.tools.r8.internal.vM$b::c@12 (line 2)
                      ; - com.android.tools.r8.internal.vM$b$$Lambda$2750/0x000001908276bd40::a@1
  0x00000190e6cd4b30: 8c83 53ff | 448b 5d0c | 458b d341 | c1e2 0545 | 2bd3 4103 | c289 450c | 4c8b 0424 | 448b 4c24 
  0x00000190e6cd4b50: 08e9 9503 | 0000 4d8b | d845 8b53 | 0c45 85d2 | 0f85 8503 | 0000 458b | 5314 8b4a 

  0x00000190e6cd4b6c: ;   {metadata('com/android/tools/r8/utils/structural/z$$Lambda$2687+0x0000019082710238')}
  0x00000190e6cd4b6c: 0881 f938 | 0271 020f | 85cf 1600 | 004c 895c | 2410 4489 | 4c24 044c | 8944 2408 | 488b ea44 
  0x00000190e6cd4b8c: 8b4d 0c4d | 8bc2 498b | d148 b800 | 0071 8290 

  0x00000190e6cd4b9c: ;   {virtual_call}
  0x00000190e6cd4b9c: 0100 00e8 

  0x00000190e6cd4ba0: ; ImmutableOopMap {rbp=Oop [8]=Oop [16]=Oop }
                      ;*invokeinterface apply {reexecute=0 rethrow=0 return_oop=1}
                      ; - com.android.tools.r8.utils.structural.z::a@2 (line 4)
                      ; - com.android.tools.r8.utils.structural.z$$Lambda$2687/0x0000019082710238::test@5
                      ; - com.android.tools.r8.utils.structural.b::a@12 (line 13)
                      ; - com.android.tools.r8.utils.structural.z::a@16 (line 5)
                      ; - com.android.tools.r8.utils.structural.z::h@8 (line 1)
                      ; - com.android.tools.r8.internal.vM::a@22 (line 5)
                      ; - com.android.tools.r8.internal.vM$b::b@1 (line 1)
                      ; - com.android.tools.r8.internal.vM$b$$Lambda$2753/0x000001908276c180::a@1
                      ; - com.android.tools.r8.internal.vM$b::c@12 (line 2)
                      ; - com.android.tools.r8.internal.vM$b$$Lambda$2750/0x000001908276bd40::a@1
  0x00000190e6cd4ba0: fc1f edff | 4889 4424 | 1844 8b55 | 0c4c 8b5c | 2410 458b | 4318 4885 | c040 0f95 | c540 0fb6 
  0x00000190e6cd4bc0: ed49 8bd2 | 9048 b800 | 0071 8290 

  0x00000190e6cd4bcc: ;   {virtual_call}
  0x00000190e6cd4bcc: 0100 00e8 

  0x00000190e6cd4bd0: ; ImmutableOopMap {[8]=Oop [16]=Oop [24]=Oop }
                      ;*invokeinterface apply {reexecute=0 rethrow=0 return_oop=1}
                      ; - com.android.tools.r8.utils.structural.z::a@2 (line 4)
                      ; - com.android.tools.r8.utils.structural.z$$Lambda$2687/0x0000019082710238::test@5
                      ; - com.android.tools.r8.utils.structural.b::a@25 (line 14)
                      ; - com.android.tools.r8.utils.structural.z::a@16 (line 5)
                      ; - com.android.tools.r8.utils.structural.z::h@8 (line 1)
                      ; - com.android.tools.r8.internal.vM::a@22 (line 5)
                      ; - com.android.tools.r8.internal.vM$b::b@1 (line 1)
                      ; - com.android.tools.r8.internal.vM$b$$Lambda$2753/0x000001908276c180::a@1
                      ; - com.android.tools.r8.internal.vM$b::c@12 (line 2)
                      ; - com.android.tools.r8.internal.vM$b$$Lambda$2750/0x000001908276bd40::a@1
  0x00000190e6cd4bd0: cc1f edff | 488b 4c24 | 1044 8b59 | 1048 85c0 | 410f 95c2 | 450f b6d2 | 4c8b 4424 | 184d 85c0 
  0x00000190e6cd4bf0: 7528 4585 | db0f 842d | 1a00 0041 | 3bea 0f85 | c314 0000 | 4533 db44 | 8959 0c4c | 8b44 2408 
  0x00000190e6cd4c10: 448b 4c24 | 04e9 d102 | 0000 4885 | c00f 8449 | 1900 0044 | 8b49 1445 | 8b51 0849 | b800 0000 
  0x00000190e6cd4c30: 8090 0100 | 004d 03c2 | 4d8b 5038 

  0x00000190e6cd4c3c: ;   {metadata('com/android/tools/r8/internal/vM')}
  0x00000190e6cd4c3c: 49b8 9846 | 6a82 9001 | 0000 4d3b | d00f 8579 | 1600 0044 | 8b51 184d | 8bc1 458b | 4814 458b 
  0x00000190e6cd4c5c: 4208 48bb | 0000 0080 | 9001 0000 | 4903 d84c 

  0x00000190e6cd4c6c: ;   {metadata('com/android/tools/r8/internal/vM')}
  0x00000190e6cd4c6c: 8b43 3848 | bb98 466a | 8290 0100 | 004c 3bc3 | 0f85 5616 | 0000 458b | 4214 4585 | c90f 8409 
  0x00000190e6cd4c8c: 1600 0041 

  0x00000190e6cd4c90: ;   {metadata('com/android/tools/r8/utils/structural/f')}
  0x00000190e6cd4c90: 8b5b 0881 | fb00 a060 | 020f 8549 | 1600 0044 | 8944 2434 | 4d8b d14c | 8954 2418 | 4489 4c24 
  0x00000190e6cd4cb0: 304d 8bd3 | 4c89 5424 

  0x00000190e6cd4cb8: ;   {oop(a 'com/android/tools/r8/utils/structural/z$$Lambda$2760+0x000001908276d0d0'{0x000000008be1fdb0})}
  0x00000190e6cd4cb8: 2848 bab0 | fde1 8b00 | 0000 004c | 8b44 2418 

  0x00000190e6cd4cc8: ;   {optimized virtual_call}
  0x00000190e6cd4cc8: 6666 90e8 

  0x00000190e6cd4ccc: ; ImmutableOopMap {[8]=Oop [16]=Oop [24]=Oop [40]=Oop [48]=NarrowOop [52]=NarrowOop }
                      ;*invokeinterface test {reexecute=0 rethrow=0 return_oop=0}
                      ; - com.android.tools.r8.utils.structural.b::a@12 (line 13)
                      ; - com.android.tools.r8.utils.structural.z::a@16 (line 5)
                      ; - com.android.tools.r8.utils.structural.z::c@7 (line 1)
                      ; - com.android.tools.r8.graph.s2::a@6 (line 5)
                      ; - com.android.tools.r8.graph.s2$$Lambda$2757/0x000001908276c800::a@1
                      ; - com.android.tools.r8.utils.structural.c::a@13 (line 34)
                      ; - com.android.tools.r8.utils.structural.a::a@8 (line 3)
                      ; - com.android.tools.r8.graph.s2::a@6 (line 2)
                      ; - com.android.tools.r8.utils.structural.z$$Lambda$2688/0x0000019082710488::a@9
                      ; - com.android.tools.r8.utils.structural.b::a@70 (line 16)
                      ; - com.android.tools.r8.utils.structural.z::a@16 (line 5)
                      ; - com.android.tools.r8.utils.structural.z::h@8 (line 1)
                      ; - com.android.tools.r8.internal.vM::a@22 (line 5)
                      ; - com.android.tools.r8.internal.vM$b::b@1 (line 1)
                      ; - com.android.tools.r8.internal.vM$b$$Lambda$2753/0x000001908276c180::a@1
                      ; - com.android.tools.r8.internal.vM$b::c@12 (line 2)
                      ; - com.android.tools.r8.internal.vM$b$$Lambda$2750/0x000001908276bd40::a@1
  0x00000190e6cd4ccc: d06f f2ff | 8904 2444 | 8b5c 2434 | 4d8b d34c | 8954 2420 

  0x00000190e6cd4ce0: ;   {oop(a 'com/android/tools/r8/utils/structural/z$$Lambda$2760+0x000001908276d0d0'{0x000000008be1fdb0})}
  0x00000190e6cd4ce0: 48ba b0fd | e18b 0000 | 0000 4d8b | c248 8b6c 

  0x00000190e6cd4cf0: ;   {optimized virtual_call}
  0x00000190e6cd4cf0: 2410 90e8 

  0x00000190e6cd4cf4: ; ImmutableOopMap {rbp=Oop [8]=Oop [16]=Oop [24]=Oop [32]=Oop [40]=Oop [48]=NarrowOop [52]=NarrowOop }
                      ;*invokeinterface test {reexecute=0 rethrow=0 return_oop=0}
                      ; - com.android.tools.r8.utils.structural.b::a@25 (line 14)
                      ; - com.android.tools.r8.utils.structural.z::a@16 (line 5)
                      ; - com.android.tools.r8.utils.structural.z::c@7 (line 1)
                      ; - com.android.tools.r8.graph.s2::a@6 (line 5)
                      ; - com.android.tools.r8.graph.s2$$Lambda$2757/0x000001908276c800::a@1
                      ; - com.android.tools.r8.utils.structural.c::a@13 (line 34)
                      ; - com.android.tools.r8.utils.structural.a::a@8 (line 3)
                      ; - com.android.tools.r8.graph.s2::a@6 (line 2)
                      ; - com.android.tools.r8.utils.structural.z$$Lambda$2688/0x0000019082710488::a@9
                      ; - com.android.tools.r8.utils.structural.b::a@70 (line 16)
                      ; - com.android.tools.r8.utils.structural.z::a@16 (line 5)
                      ; - com.android.tools.r8.utils.structural.z::h@8 (line 1)
                      ; - com.android.tools.r8.internal.vM::a@22 (line 5)
                      ; - com.android.tools.r8.internal.vM$b::b@1 (line 1)
                      ; - com.android.tools.r8.internal.vM$b$$Lambda$2753/0x000001908276c180::a@1
                      ; - com.android.tools.r8.internal.vM$b::c@12 (line 2)
                      ; - com.android.tools.r8.internal.vM$b$$Lambda$2750/0x000001908276bd40::a@1
  0x00000190e6cd4cf4: a86f f2ff | 448b 1c24 | 4585 db75 | 0f33 d244 

  0x00000190e6cd4d04: ;   {static_call}
  0x00000190e6cd4d04: 8bc0 90e8 

  0x00000190e6cd4d08: ; ImmutableOopMap {rbp=Oop [8]=Oop [16]=Oop [24]=Oop [32]=Oop [40]=Oop [48]=NarrowOop [52]=NarrowOop }
                      ;*invokestatic compare {reexecute=0 rethrow=0 return_oop=0}
                      ; - com.android.tools.r8.utils.structural.b::a@93 (line 19)
                      ; - com.android.tools.r8.utils.structural.z::a@16 (line 5)
                      ; - com.android.tools.r8.utils.structural.z::c@7 (line 1)
                      ; - com.android.tools.r8.graph.s2::a@6 (line 5)
                      ; - com.android.tools.r8.graph.s2$$Lambda$2757/0x000001908276c800::a@1
                      ; - com.android.tools.r8.utils.structural.c::a@13 (line 34)
                      ; - com.android.tools.r8.utils.structural.a::a@8 (line 3)
                      ; - com.android.tools.r8.graph.s2::a@6 (line 2)
                      ; - com.android.tools.r8.utils.structural.z$$Lambda$2688/0x0000019082710488::a@9
                      ; - com.android.tools.r8.utils.structural.b::a@70 (line 16)
                      ; - com.android.tools.r8.utils.structural.z::a@16 (line 5)
                      ; - com.android.tools.r8.utils.structural.z::h@8 (line 1)
                      ; - com.android.tools.r8.internal.vM::a@22 (line 5)
                      ; - com.android.tools.r8.internal.vM$b::b@1 (line 1)
                      ; - com.android.tools.r8.internal.vM$b$$Lambda$2753/0x000001908276c180::a@1
                      ; - com.android.tools.r8.internal.vM$b::c@12 (line 2)
                      ; - com.android.tools.r8.internal.vM$b$$Lambda$2750/0x000001908276bd40::a@1
  0x00000190e6cd4d08: 74cc 5afe | 8be8 eb56 | 85c0 0f84 | a818 0000 

  0x00000190e6cd4d18: ;   {oop(a 'com/android/tools/r8/graph/s2$$Lambda$2758+0x000001908276cc58'{0x00000000b3a4fcf0})}
  0x00000190e6cd4d18: 48ba f0fc | a4b3 0000 | 0000 4c8b 

  0x00000190e6cd4d24: ;   {optimized virtual_call}
  0x00000190e6cd4d24: 4424 18e8 

  0x00000190e6cd4d28: ; ImmutableOopMap {rbp=Oop [8]=Oop [16]=Oop [24]=Oop [32]=Oop [40]=Oop [48]=NarrowOop [52]=NarrowOop }
                      ;*invokeinterface apply {reexecute=0 rethrow=0 return_oop=1}
                      ; - com.android.tools.r8.utils.structural.b::a@48 (line 16)
                      ; - com.android.tools.r8.utils.structural.z::a@16 (line 5)
                      ; - com.android.tools.r8.utils.structural.z::c@7 (line 1)
                      ; - com.android.tools.r8.graph.s2::a@6 (line 5)
                      ; - com.android.tools.r8.graph.s2$$Lambda$2757/0x000001908276c800::a@1
                      ; - com.android.tools.r8.utils.structural.c::a@13 (line 34)
                      ; - com.android.tools.r8.utils.structural.a::a@8 (line 3)
                      ; - com.android.tools.r8.graph.s2::a@6 (line 2)
                      ; - com.android.tools.r8.utils.structural.z$$Lambda$2688/0x0000019082710488::a@9
                      ; - com.android.tools.r8.utils.structural.b::a@70 (line 16)
                      ; - com.android.tools.r8.utils.structural.z::a@16 (line 5)
                      ; - com.android.tools.r8.utils.structural.z::h@8 (line 1)
                      ; - com.android.tools.r8.internal.vM::a@22 (line 5)
                      ; - com.android.tools.r8.internal.vM$b::b@1 (line 1)
                      ; - com.android.tools.r8.internal.vM$b$$Lambda$2753/0x000001908276c180::a@1
                      ; - com.android.tools.r8.internal.vM$b::c@12 (line 2)
                      ; - com.android.tools.r8.internal.vM$b$$Lambda$2750/0x000001908276bd40::a@1
  0x00000190e6cd4d28: 9472 f2ff | 4889 4424 

  0x00000190e6cd4d30: ;   {oop(a 'com/android/tools/r8/graph/s2$$Lambda$2758+0x000001908276cc58'{0x00000000b3a4fcf0})}
  0x00000190e6cd4d30: 3848 baf0 | fca4 b300 | 0000 004c | 8b44 2420 

  0x00000190e6cd4d40: ;   {optimized virtual_call}
  0x00000190e6cd4d40: 6666 90e8 

  0x00000190e6cd4d44: ; ImmutableOopMap {rbp=Oop [8]=Oop [16]=Oop [24]=Oop [32]=Oop [40]=Oop [48]=NarrowOop [52]=NarrowOop [56]=Oop }
                      ;*invokeinterface apply {reexecute=0 rethrow=0 return_oop=1}
                      ; - com.android.tools.r8.utils.structural.b::a@57 (line 16)
                      ; - com.android.tools.r8.utils.structural.z::a@16 (line 5)
                      ; - com.android.tools.r8.utils.structural.z::c@7 (line 1)
                      ; - com.android.tools.r8.graph.s2::a@6 (line 5)
                      ; - com.android.tools.r8.graph.s2$$Lambda$2757/0x000001908276c800::a@1
                      ; - com.android.tools.r8.utils.structural.c::a@13 (line 34)
                      ; - com.android.tools.r8.utils.structural.a::a@8 (line 3)
                      ; - com.android.tools.r8.graph.s2::a@6 (line 2)
                      ; - com.android.tools.r8.utils.structural.z$$Lambda$2688/0x0000019082710488::a@9
                      ; - com.android.tools.r8.utils.structural.b::a@70 (line 16)
                      ; - com.android.tools.r8.utils.structural.z::a@16 (line 5)
                      ; - com.android.tools.r8.utils.structural.z::h@8 (line 1)
                      ; - com.android.tools.r8.internal.vM::a@22 (line 5)
                      ; - com.android.tools.r8.internal.vM$b::b@1 (line 1)
                      ; - com.android.tools.r8.internal.vM$b$$Lambda$2753/0x000001908276c180::a@1
                      ; - com.android.tools.r8.internal.vM$b::c@12 (line 2)
                      ; - com.android.tools.r8.internal.vM$b$$Lambda$2750/0x000001908276bd40::a@1
  0x00000190e6cd4d44: 7872 f2ff 

  0x00000190e6cd4d48: ;   {oop(a 'com/android/tools/r8/utils/structural/z$$Lambda$2688+0x0000019082710488'{0x000000008be1ff40})}
  0x00000190e6cd4d48: 48ba 40ff | e18b 0000 | 0000 4c8b | 4424 384c | 8bc8 488b 

  0x00000190e6cd4d5c: ;   {optimized virtual_call}
  0x00000190e6cd4d5c: 7c24 28e8 

  0x00000190e6cd4d60: ; ImmutableOopMap {rbp=Oop [8]=Oop [16]=Oop [24]=Oop [32]=Oop [40]=Oop [48]=NarrowOop [52]=NarrowOop }
                      ;*invokeinterface a {reexecute=0 rethrow=0 return_oop=0}
                      ; - com.android.tools.r8.utils.structural.b::a@70 (line 16)
                      ; - com.android.tools.r8.utils.structural.z::a@16 (line 5)
                      ; - com.android.tools.r8.utils.structural.z::c@7 (line 1)
                      ; - com.android.tools.r8.graph.s2::a@6 (line 5)
                      ; - com.android.tools.r8.graph.s2$$Lambda$2757/0x000001908276c800::a@1
                      ; - com.android.tools.r8.utils.structural.c::a@13 (line 34)
                      ; - com.android.tools.r8.utils.structural.a::a@8 (line 3)
                      ; - com.android.tools.r8.graph.s2::a@6 (line 2)
                      ; - com.android.tools.r8.utils.structural.z$$Lambda$2688/0x0000019082710488::a@9
                      ; - com.android.tools.r8.utils.structural.b::a@70 (line 16)
                      ; - com.android.tools.r8.utils.structural.z::a@16 (line 5)
                      ; - com.android.tools.r8.utils.structural.z::h@8 (line 1)
                      ; - com.android.tools.r8.internal.vM::a@22 (line 5)
                      ; - com.android.tools.r8.internal.vM$b::b@1 (line 1)
                      ; - com.android.tools.r8.internal.vM$b$$Lambda$2753/0x000001908276c180::a@1
                      ; - com.android.tools.r8.internal.vM$b::c@12 (line 2)
                      ; - com.android.tools.r8.internal.vM$b$$Lambda$2750/0x000001908276bd40::a@1
  0x00000190e6cd4d60: 5cb9 1300 | 8be8 85ed | 0f85 e410 

  0x00000190e6cd4d6c: ;   {oop(a 'com/android/tools/r8/utils/structural/z$$Lambda$2760+0x000001908276d0d0'{0x000000008be1fdb0})}
  0x00000190e6cd4d6c: 0000 48ba | b0fd e18b | 0000 0000 | 4c8b 4424 

  0x00000190e6cd4d7c: ;   {optimized virtual_call}
  0x00000190e6cd4d7c: 1866 90e8 

  0x00000190e6cd4d80: ; ImmutableOopMap {[8]=Oop [16]=Oop [24]=Oop [32]=Oop [40]=Oop [48]=NarrowOop [52]=NarrowOop }
                      ;*invokeinterface test {reexecute=0 rethrow=0 return_oop=0}
                      ; - com.android.tools.r8.utils.structural.b::a@12 (line 13)
                      ; - com.android.tools.r8.utils.structural.z::a@16 (line 5)
                      ; - com.android.tools.r8.utils.structural.z::c@7 (line 1)
                      ; - com.android.tools.r8.graph.s2::a@14 (line 5)
                      ; - com.android.tools.r8.graph.s2$$Lambda$2757/0x000001908276c800::a@1
                      ; - com.android.tools.r8.utils.structural.c::a@13 (line 34)
                      ; - com.android.tools.r8.utils.structural.a::a@8 (line 3)
                      ; - com.android.tools.r8.graph.s2::a@6 (line 2)
                      ; - com.android.tools.r8.utils.structural.z$$Lambda$2688/0x0000019082710488::a@9
                      ; - com.android.tools.r8.utils.structural.b::a@70 (line 16)
                      ; - com.android.tools.r8.utils.structural.z::a@16 (line 5)
                      ; - com.android.tools.r8.utils.structural.z::h@8 (line 1)
                      ; - com.android.tools.r8.internal.vM::a@22 (line 5)
                      ; - com.android.tools.r8.internal.vM$b::b@1 (line 1)
                      ; - com.android.tools.r8.internal.vM$b$$Lambda$2753/0x000001908276c180::a@1
                      ; - com.android.tools.r8.internal.vM$b::c@12 (line 2)
                      ; - com.android.tools.r8.internal.vM$b$$Lambda$2750/0x000001908276bd40::a@1
  0x00000190e6cd4d80: 1c6f f2ff 

  0x00000190e6cd4d84: ;   {oop(a 'com/android/tools/r8/utils/structural/z$$Lambda$2760+0x000001908276d0d0'{0x000000008be1fdb0})}
  0x00000190e6cd4d84: 8904 2448 | bab0 fde1 | 8b00 0000 | 004c 8b44 

  0x00000190e6cd4d94: ;   {optimized virtual_call}
  0x00000190e6cd4d94: 2420 90e8 

  0x00000190e6cd4d98: ; ImmutableOopMap {[8]=Oop [16]=Oop [24]=Oop [32]=Oop [40]=Oop [48]=NarrowOop [52]=NarrowOop }
                      ;*invokeinterface test {reexecute=0 rethrow=0 return_oop=0}
                      ; - com.android.tools.r8.utils.structural.b::a@25 (line 14)
                      ; - com.android.tools.r8.utils.structural.z::a@16 (line 5)
                      ; - com.android.tools.r8.utils.structural.z::c@7 (line 1)
                      ; - com.android.tools.r8.graph.s2::a@14 (line 5)
                      ; - com.android.tools.r8.graph.s2$$Lambda$2757/0x000001908276c800::a@1
                      ; - com.android.tools.r8.utils.structural.c::a@13 (line 34)
                      ; - com.android.tools.r8.utils.structural.a::a@8 (line 3)
                      ; - com.android.tools.r8.graph.s2::a@6 (line 2)
                      ; - com.android.tools.r8.utils.structural.z$$Lambda$2688/0x0000019082710488::a@9
                      ; - com.android.tools.r8.utils.structural.b::a@70 (line 16)
                      ; - com.android.tools.r8.utils.structural.z::a@16 (line 5)
                      ; - com.android.tools.r8.utils.structural.z::h@8 (line 1)
                      ; - com.android.tools.r8.internal.vM::a@22 (line 5)
                      ; - com.android.tools.r8.internal.vM$b::b@1 (line 1)
                      ; - com.android.tools.r8.internal.vM$b$$Lambda$2753/0x000001908276c180::a@1
                      ; - com.android.tools.r8.internal.vM$b::c@12 (line 2)
                      ; - com.android.tools.r8.internal.vM$b$$Lambda$2750/0x000001908276bd40::a@1
  0x00000190e6cd4d98: 046f f2ff | 448b 1c24 | 4585 db75 | 2089 2c24 | 33d2 448b | c048 8b6c 

  0x00000190e6cd4db0: ;   {static_call}
  0x00000190e6cd4db0: 2410 90e8 

  0x00000190e6cd4db4: ; ImmutableOopMap {rbp=Oop [8]=Oop [16]=Oop [24]=Oop [32]=Oop [40]=Oop [48]=NarrowOop [52]=NarrowOop }
                      ;*invokestatic compare {reexecute=0 rethrow=0 return_oop=0}
                      ; - com.android.tools.r8.utils.structural.b::a@93 (line 19)
                      ; - com.android.tools.r8.utils.structural.z::a@16 (line 5)
                      ; - com.android.tools.r8.utils.structural.z::c@7 (line 1)
                      ; - com.android.tools.r8.graph.s2::a@14 (line 5)
                      ; - com.android.tools.r8.graph.s2$$Lambda$2757/0x000001908276c800::a@1
                      ; - com.android.tools.r8.utils.structural.c::a@13 (line 34)
                      ; - com.android.tools.r8.utils.structural.a::a@8 (line 3)
                      ; - com.android.tools.r8.graph.s2::a@6 (line 2)
                      ; - com.android.tools.r8.utils.structural.z$$Lambda$2688/0x0000019082710488::a@9
                      ; - com.android.tools.r8.utils.structural.b::a@70 (line 16)
                      ; - com.android.tools.r8.utils.structural.z::a@16 (line 5)
                      ; - com.android.tools.r8.utils.structural.z::h@8 (line 1)
                      ; - com.android.tools.r8.internal.vM::a@22 (line 5)
                      ; - com.android.tools.r8.internal.vM$b::b@1 (line 1)
                      ; - com.android.tools.r8.internal.vM$b$$Lambda$2753/0x000001908276c180::a@1
                      ; - com.android.tools.r8.internal.vM$b::c@12 (line 2)
                      ; - com.android.tools.r8.internal.vM$b$$Lambda$2750/0x000001908276bd40::a@1
  0x00000190e6cd4db4: c8cb 5afe | 85c0 0f85 | 1801 0000 | 8904 24eb | 6a85 c00f | 8433 1800 

  0x00000190e6cd4dcc: ;   {oop(a 'com/android/tools/r8/graph/s2$$Lambda$2761+0x000001908276d318'{0x00000000b3a4fcc0})}
  0x00000190e6cd4dcc: 0048 bac0 | fca4 b300 | 0000 004c | 8b44 2418 

  0x00000190e6cd4ddc: ;   {optimized virtual_call}
  0x00000190e6cd4ddc: 6666 90e8 

  0x00000190e6cd4de0: ; ImmutableOopMap {[8]=Oop [16]=Oop [24]=Oop [32]=Oop [40]=Oop [48]=NarrowOop [52]=NarrowOop }
                      ;*invokeinterface apply {reexecute=0 rethrow=0 return_oop=1}
                      ; - com.android.tools.r8.utils.structural.b::a@48 (line 16)
                      ; - com.android.tools.r8.utils.structural.z::a@16 (line 5)
                      ; - com.android.tools.r8.utils.structural.z::c@7 (line 1)
                      ; - com.android.tools.r8.graph.s2::a@14 (line 5)
                      ; - com.android.tools.r8.graph.s2$$Lambda$2757/0x000001908276c800::a@1
                      ; - com.android.tools.r8.utils.structural.c::a@13 (line 34)
                      ; - com.android.tools.r8.utils.structural.a::a@8 (line 3)
                      ; - com.android.tools.r8.graph.s2::a@6 (line 2)
                      ; - com.android.tools.r8.utils.structural.z$$Lambda$2688/0x0000019082710488::a@9
                      ; - com.android.tools.r8.utils.structural.b::a@70 (line 16)
                      ; - com.android.tools.r8.utils.structural.z::a@16 (line 5)
                      ; - com.android.tools.r8.utils.structural.z::h@8 (line 1)
                      ; - com.android.tools.r8.internal.vM::a@22 (line 5)
                      ; - com.android.tools.r8.internal.vM$b::b@1 (line 1)
                      ; - com.android.tools.r8.internal.vM$b$$Lambda$2753/0x000001908276c180::a@1
                      ; - com.android.tools.r8.internal.vM$b::c@12 (line 2)
                      ; - com.android.tools.r8.internal.vM$b$$Lambda$2750/0x000001908276bd40::a@1
  0x00000190e6cd4de0: dc74 f2ff | 4889 4424 

  0x00000190e6cd4de8: ;   {oop(a 'com/android/tools/r8/graph/s2$$Lambda$2761+0x000001908276d318'{0x00000000b3a4fcc0})}
  0x00000190e6cd4de8: 3848 bac0 | fca4 b300 | 0000 004c | 8b44 2420 

  0x00000190e6cd4df8: ;   {optimized virtual_call}
  0x00000190e6cd4df8: 6666 90e8 

  0x00000190e6cd4dfc: ; ImmutableOopMap {[8]=Oop [16]=Oop [24]=Oop [32]=Oop [40]=Oop [48]=NarrowOop [52]=NarrowOop [56]=Oop }
                      ;*invokeinterface apply {reexecute=0 rethrow=0 return_oop=1}
                      ; - com.android.tools.r8.utils.structural.b::a@57 (line 16)
                      ; - com.android.tools.r8.utils.structural.z::a@16 (line 5)
                      ; - com.android.tools.r8.utils.structural.z::c@7 (line 1)
                      ; - com.android.tools.r8.graph.s2::a@14 (line 5)
                      ; - com.android.tools.r8.graph.s2$$Lambda$2757/0x000001908276c800::a@1
                      ; - com.android.tools.r8.utils.structural.c::a@13 (line 34)
                      ; - com.android.tools.r8.utils.structural.a::a@8 (line 3)
                      ; - com.android.tools.r8.graph.s2::a@6 (line 2)
                      ; - com.android.tools.r8.utils.structural.z$$Lambda$2688/0x0000019082710488::a@9
                      ; - com.android.tools.r8.utils.structural.b::a@70 (line 16)
                      ; - com.android.tools.r8.utils.structural.z::a@16 (line 5)
                      ; - com.android.tools.r8.utils.structural.z::h@8 (line 1)
                      ; - com.android.tools.r8.internal.vM::a@22 (line 5)
                      ; - com.android.tools.r8.internal.vM$b::b@1 (line 1)
                      ; - com.android.tools.r8.internal.vM$b$$Lambda$2753/0x000001908276c180::a@1
                      ; - com.android.tools.r8.internal.vM$b::c@12 (line 2)
                      ; - com.android.tools.r8.internal.vM$b$$Lambda$2750/0x000001908276bd40::a@1
  0x00000190e6cd4dfc: c074 f2ff 

  0x00000190e6cd4e00: ;   {oop(a 'com/android/tools/r8/utils/structural/z$$Lambda$2688+0x0000019082710488'{0x000000008be1ff40})}
  0x00000190e6cd4e00: 892c 2448 | ba40 ffe1 | 8b00 0000 | 004c 8b44 | 2438 4c8b | c848 8b7c | 2428 488b 

  0x00000190e6cd4e1c: ;   {optimized virtual_call}
  0x00000190e6cd4e1c: 6c24 10e8 

  0x00000190e6cd4e20: ; ImmutableOopMap {rbp=Oop [8]=Oop [16]=Oop [24]=Oop [32]=Oop [40]=Oop [48]=NarrowOop [52]=NarrowOop }
                      ;*invokeinterface a {reexecute=0 rethrow=0 return_oop=0}
                      ; - com.android.tools.r8.utils.structural.b::a@70 (line 16)
                      ; - com.android.tools.r8.utils.structural.z::a@16 (line 5)
                      ; - com.android.tools.r8.utils.structural.z::c@7 (line 1)
                      ; - com.android.tools.r8.graph.s2::a@14 (line 5)
                      ; - com.android.tools.r8.graph.s2$$Lambda$2757/0x000001908276c800::a@1
                      ; - com.android.tools.r8.utils.structural.c::a@13 (line 34)
                      ; - com.android.tools.r8.utils.structural.a::a@8 (line 3)
                      ; - com.android.tools.r8.graph.s2::a@6 (line 2)
                      ; - com.android.tools.r8.utils.structural.z$$Lambda$2688/0x0000019082710488::a@9
                      ; - com.android.tools.r8.utils.structural.b::a@70 (line 16)
                      ; - com.android.tools.r8.utils.structural.z::a@16 (line 5)
                      ; - com.android.tools.r8.utils.structural.z::h@8 (line 1)
                      ; - com.android.tools.r8.internal.vM::a@22 (line 5)
                      ; - com.android.tools.r8.internal.vM$b::b@1 (line 1)
                      ; - com.android.tools.r8.internal.vM$b$$Lambda$2753/0x000001908276c180::a@1
                      ; - com.android.tools.r8.internal.vM$b::c@12 (line 2)
                      ; - com.android.tools.r8.internal.vM$b$$Lambda$2750/0x000001908276bd40::a@1
  0x00000190e6cd4e20: 9cb8 1300 | 85c0 0f85 | ac00 0000 

  0x00000190e6cd4e2c: ;   {oop(a 'com/android/tools/r8/utils/structural/z$$Lambda$2760+0x000001908276d0d0'{0x000000008be1fdb0})}
  0x00000190e6cd4e2c: 8904 2448 | bab0 fde1 | 8b00 0000 | 004c 8b44 | 2418 488b 

  0x00000190e6cd4e40: ;   {optimized virtual_call}
  0x00000190e6cd4e40: 6c24 10e8 

  0x00000190e6cd4e44: ; ImmutableOopMap {rbp=Oop [8]=Oop [16]=Oop [24]=Oop [32]=Oop [40]=Oop [48]=NarrowOop [52]=NarrowOop }
                      ;*invokeinterface test {reexecute=0 rethrow=0 return_oop=0}
                      ; - com.android.tools.r8.utils.structural.b::a@12 (line 13)
                      ; - com.android.tools.r8.utils.structural.z::a@16 (line 5)
                      ; - com.android.tools.r8.utils.structural.z::c@7 (line 1)
                      ; - com.android.tools.r8.graph.s2::a@22 (line 5)
                      ; - com.android.tools.r8.graph.s2$$Lambda$2757/0x000001908276c800::a@1
                      ; - com.android.tools.r8.utils.structural.c::a@13 (line 34)
                      ; - com.android.tools.r8.utils.structural.a::a@8 (line 3)
                      ; - com.android.tools.r8.graph.s2::a@6 (line 2)
                      ; - com.android.tools.r8.utils.structural.z$$Lambda$2688/0x0000019082710488::a@9
                      ; - com.android.tools.r8.utils.structural.b::a@70 (line 16)
                      ; - com.android.tools.r8.utils.structural.z::a@16 (line 5)
                      ; - com.android.tools.r8.utils.structural.z::h@8 (line 1)
                      ; - com.android.tools.r8.internal.vM::a@22 (line 5)
                      ; - com.android.tools.r8.internal.vM$b::b@1 (line 1)
                      ; - com.android.tools.r8.internal.vM$b$$Lambda$2753/0x000001908276c180::a@1
                      ; - com.android.tools.r8.internal.vM$b::c@12 (line 2)
                      ; - com.android.tools.r8.internal.vM$b$$Lambda$2750/0x000001908276bd40::a@1
  0x00000190e6cd4e44: 586e f2ff | 8944 2438 

  0x00000190e6cd4e4c: ;   {oop(a 'com/android/tools/r8/utils/structural/z$$Lambda$2760+0x000001908276d0d0'{0x000000008be1fdb0})}
  0x00000190e6cd4e4c: 48ba b0fd | e18b 0000 | 0000 4c8b | 4424 208b 

  0x00000190e6cd4e5c: ;   {optimized virtual_call}
  0x00000190e6cd4e5c: e866 90e8 

  0x00000190e6cd4e60: ; ImmutableOopMap {[8]=Oop [16]=Oop [24]=Oop [32]=Oop [40]=Oop [48]=NarrowOop [52]=NarrowOop }
                      ;*invokeinterface test {reexecute=0 rethrow=0 return_oop=0}
                      ; - com.android.tools.r8.utils.structural.b::a@25 (line 14)
                      ; - com.android.tools.r8.utils.structural.z::a@16 (line 5)
                      ; - com.android.tools.r8.utils.structural.z::c@7 (line 1)
                      ; - com.android.tools.r8.graph.s2::a@22 (line 5)
                      ; - com.android.tools.r8.graph.s2$$Lambda$2757/0x000001908276c800::a@1
                      ; - com.android.tools.r8.utils.structural.c::a@13 (line 34)
                      ; - com.android.tools.r8.utils.structural.a::a@8 (line 3)
                      ; - com.android.tools.r8.graph.s2::a@6 (line 2)
                      ; - com.android.tools.r8.utils.structural.z$$Lambda$2688/0x0000019082710488::a@9
                      ; - com.android.tools.r8.utils.structural.b::a@70 (line 16)
                      ; - com.android.tools.r8.utils.structural.z::a@16 (line 5)
                      ; - com.android.tools.r8.utils.structural.z::h@8 (line 1)
                      ; - com.android.tools.r8.internal.vM::a@22 (line 5)
                      ; - com.android.tools.r8.internal.vM$b::b@1 (line 1)
                      ; - com.android.tools.r8.internal.vM$b$$Lambda$2753/0x000001908276c180::a@1
                      ; - com.android.tools.r8.internal.vM$b::c@12 (line 2)
                      ; - com.android.tools.r8.internal.vM$b$$Lambda$2750/0x000001908276bd40::a@1
  0x00000190e6cd4e60: 3c6e f2ff | 448b d545 | 85d2 7512 | 33d2 448b | c048 8b6c 

  0x00000190e6cd4e74: ;   {static_call}
  0x00000190e6cd4e74: 2410 90e8 

  0x00000190e6cd4e78: ; ImmutableOopMap {rbp=Oop [8]=Oop [16]=Oop [40]=Oop [48]=NarrowOop [52]=NarrowOop }
                      ;*invokestatic compare {reexecute=0 rethrow=0 return_oop=0}
                      ; - com.android.tools.r8.utils.structural.b::a@93 (line 19)
                      ; - com.android.tools.r8.utils.structural.z::a@16 (line 5)
                      ; - com.android.tools.r8.utils.structural.z::c@7 (line 1)
                      ; - com.android.tools.r8.graph.s2::a@22 (line 5)
                      ; - com.android.tools.r8.graph.s2$$Lambda$2757/0x000001908276c800::a@1
                      ; - com.android.tools.r8.utils.structural.c::a@13 (line 34)
                      ; - com.android.tools.r8.utils.structural.a::a@8 (line 3)
                      ; - com.android.tools.r8.graph.s2::a@6 (line 2)
                      ; - com.android.tools.r8.utils.structural.z$$Lambda$2688/0x0000019082710488::a@9
                      ; - com.android.tools.r8.utils.structural.b::a@70 (line 16)
                      ; - com.android.tools.r8.utils.structural.z::a@16 (line 5)
                      ; - com.android.tools.r8.utils.structural.z::h@8 (line 1)
                      ; - com.android.tools.r8.internal.vM::a@22 (line 5)
                      ; - com.android.tools.r8.internal.vM$b::b@1 (line 1)
                      ; - com.android.tools.r8.internal.vM$b$$Lambda$2753/0x000001908276c180::a@1
                      ; - com.android.tools.r8.internal.vM$b::c@12 (line 2)
                      ; - com.android.tools.r8.internal.vM$b$$Lambda$2750/0x000001908276bd40::a@1
  0x00000190e6cd4e78: 04cb 5afe | eb5a 85c0 | 0f84 c617 

  0x00000190e6cd4e84: ;   {oop(a 'com/android/tools/r8/graph/s2$$Lambda$2762+0x000001908276d550'{0x00000000b3a4fc90})}
  0x00000190e6cd4e84: 0000 48ba | 90fc a4b3 | 0000 0000 | 4c8b 4424 | 1848 8b6c 

  0x00000190e6cd4e98: ;   {optimized virtual_call}
  0x00000190e6cd4e98: 2410 90e8 

  0x00000190e6cd4e9c: ; ImmutableOopMap {rbp=Oop [8]=Oop [16]=Oop [32]=Oop [40]=Oop [48]=NarrowOop [52]=NarrowOop }
                      ;*invokeinterface apply {reexecute=0 rethrow=0 return_oop=1}
                      ; - com.android.tools.r8.utils.structural.b::a@48 (line 16)
                      ; - com.android.tools.r8.utils.structural.z::a@16 (line 5)
                      ; - com.android.tools.r8.utils.structural.z::c@7 (line 1)
                      ; - com.android.tools.r8.graph.s2::a@22 (line 5)
                      ; - com.android.tools.r8.graph.s2$$Lambda$2757/0x000001908276c800::a@1
                      ; - com.android.tools.r8.utils.structural.c::a@13 (line 34)
                      ; - com.android.tools.r8.utils.structural.a::a@8 (line 3)
                      ; - com.android.tools.r8.graph.s2::a@6 (line 2)
                      ; - com.android.tools.r8.utils.structural.z$$Lambda$2688/0x0000019082710488::a@9
                      ; - com.android.tools.r8.utils.structural.b::a@70 (line 16)
                      ; - com.android.tools.r8.utils.structural.z::a@16 (line 5)
                      ; - com.android.tools.r8.utils.structural.z::h@8 (line 1)
                      ; - com.android.tools.r8.internal.vM::a@22 (line 5)
                      ; - com.android.tools.r8.internal.vM$b::b@1 (line 1)
                      ; - com.android.tools.r8.internal.vM$b$$Lambda$2753/0x000001908276c180::a@1
                      ; - com.android.tools.r8.internal.vM$b::c@12 (line 2)
                      ; - com.android.tools.r8.internal.vM$b$$Lambda$2750/0x000001908276bd40::a@1
  0x00000190e6cd4e9c: 20c5 fbff | 4889 4424 

  0x00000190e6cd4ea4: ;   {oop(a 'com/android/tools/r8/graph/s2$$Lambda$2762+0x000001908276d550'{0x00000000b3a4fc90})}
  0x00000190e6cd4ea4: 1848 ba90 | fca4 b300 | 0000 004c | 8b44 2420 

  0x00000190e6cd4eb4: ;   {optimized virtual_call}
  0x00000190e6cd4eb4: 6666 90e8 

  0x00000190e6cd4eb8: ; ImmutableOopMap {rbp=Oop [8]=Oop [16]=Oop [24]=Oop [40]=Oop [48]=NarrowOop [52]=NarrowOop }
                      ;*invokeinterface apply {reexecute=0 rethrow=0 return_oop=1}
                      ; - com.android.tools.r8.utils.structural.b::a@57 (line 16)
                      ; - com.android.tools.r8.utils.structural.z::a@16 (line 5)
                      ; - com.android.tools.r8.utils.structural.z::c@7 (line 1)
                      ; - com.android.tools.r8.graph.s2::a@22 (line 5)
                      ; - com.android.tools.r8.graph.s2$$Lambda$2757/0x000001908276c800::a@1
                      ; - com.android.tools.r8.utils.structural.c::a@13 (line 34)
                      ; - com.android.tools.r8.utils.structural.a::a@8 (line 3)
                      ; - com.android.tools.r8.graph.s2::a@6 (line 2)
                      ; - com.android.tools.r8.utils.structural.z$$Lambda$2688/0x0000019082710488::a@9
                      ; - com.android.tools.r8.utils.structural.b::a@70 (line 16)
                      ; - com.android.tools.r8.utils.structural.z::a@16 (line 5)
                      ; - com.android.tools.r8.utils.structural.z::h@8 (line 1)
                      ; - com.android.tools.r8.internal.vM::a@22 (line 5)
                      ; - com.android.tools.r8.internal.vM$b::b@1 (line 1)
                      ; - com.android.tools.r8.internal.vM$b$$Lambda$2753/0x000001908276c180::a@1
                      ; - com.android.tools.r8.internal.vM$b::c@12 (line 2)
                      ; - com.android.tools.r8.internal.vM$b$$Lambda$2750/0x000001908276bd40::a@1
  0x00000190e6cd4eb8: 04c5 fbff 

  0x00000190e6cd4ebc: ;   {oop(a 'com/android/tools/r8/utils/structural/z$$Lambda$2688+0x0000019082710488'{0x000000008be1ff40})}
  0x00000190e6cd4ebc: 48ba 40ff | e18b 0000 | 0000 4c8b | 4424 184c | 8bc8 488b 

  0x00000190e6cd4ed0: ;   {optimized virtual_call}
  0x00000190e6cd4ed0: 7c24 28e8 

  0x00000190e6cd4ed4: ; ImmutableOopMap {rbp=Oop [8]=Oop [16]=Oop [40]=Oop [48]=NarrowOop [52]=NarrowOop }
                      ;*invokeinterface a {reexecute=0 rethrow=0 return_oop=0}
                      ; - com.android.tools.r8.utils.structural.b::a@70 (line 16)
                      ; - com.android.tools.r8.utils.structural.z::a@16 (line 5)
                      ; - com.android.tools.r8.utils.structural.z::c@7 (line 1)
                      ; - com.android.tools.r8.graph.s2::a@22 (line 5)
                      ; - com.android.tools.r8.graph.s2$$Lambda$2757/0x000001908276c800::a@1
                      ; - com.android.tools.r8.utils.structural.c::a@13 (line 34)
                      ; - com.android.tools.r8.utils.structural.a::a@8 (line 3)
                      ; - com.android.tools.r8.graph.s2::a@6 (line 2)
                      ; - com.android.tools.r8.utils.structural.z$$Lambda$2688/0x0000019082710488::a@9
                      ; - com.android.tools.r8.utils.structural.b::a@70 (line 16)
                      ; - com.android.tools.r8.utils.structural.z::a@16 (line 5)
                      ; - com.android.tools.r8.utils.structural.z::h@8 (line 1)
                      ; - com.android.tools.r8.internal.vM::a@22 (line 5)
                      ; - com.android.tools.r8.internal.vM$b::b@1 (line 1)
                      ; - com.android.tools.r8.internal.vM$b$$Lambda$2753/0x000001908276c180::a@1
                      ; - com.android.tools.r8.internal.vM$b::c@12 (line 2)
                      ; - com.android.tools.r8.internal.vM$b$$Lambda$2750/0x000001908276bd40::a@1
  0x00000190e6cd4ed4: e8b7 1300 | 4c8b 5424 | 1041 8942 | 0c4c 8b44 | 2408 448b | 4c24 0449 | 8b97 0801 | 0000 4c8b 
  0x00000190e6cd4ef4: d249 83c2 | 104d 3b97 | 1801 0000 | 0f83 3d12 | 0000 4d89 | 9708 0100 | 0041 0f0d | 8ac0 0000 
  0x00000190e6cd4f14: 0048 c702 | 0100 0000 

  0x00000190e6cd4f1c: ;   {metadata('com/android/tools/r8/utils/structural/z$$Lambda$2687+0x0000019082710238')}
  0x00000190e6cd4f1c: c742 0838 

  0x00000190e6cd4f20: ;   {oop(a 'com/android/tools/r8/internal/vM$$Lambda$2690+0x00000190827108b8'{0x000000008be139e8})}
  0x00000190e6cd4f20: 0271 02c7 | 420c e839 | e18b 458b 

  0x00000190e6cd4f2c: ;   {metadata('com/android/tools/r8/utils/structural/b')}
  0x00000190e6cd4f2c: 5808 4181 | fb70 3e65 | 020f 844c 

  0x00000190e6cd4f38: ;   {metadata('com/android/tools/r8/utils/structural/l')}
  0x00000190e6cd4f38: 0400 0041 | 81fb f0f3 | 7002 0f85 | b415 0000 | 4489 4c24 | 084c 8904 | 2445 8b58 | 1049 8be8 
  0x00000190e6cd4f58: 4d8b c366 | 9048 b838 | 0271 8290 

  0x00000190e6cd4f64: ;   {virtual_call}
  0x00000190e6cd4f64: 0100 00e8 

  0x00000190e6cd4f68: ; ImmutableOopMap {rbp=Oop [0]=Oop }
                      ;*invokeinterface test {reexecute=0 rethrow=0 return_oop=0}
                      ; - com.android.tools.r8.utils.structural.l::a@5 (line 9)
                      ; - com.android.tools.r8.utils.structural.z::a@16 (line 5)
                      ; - com.android.tools.r8.utils.structural.z::h@8 (line 1)
                      ; - com.android.tools.r8.internal.vM::a@30 (line 6)
                      ; - com.android.tools.r8.internal.vM$b::b@1 (line 1)
                      ; - com.android.tools.r8.internal.vM$b$$Lambda$2753/0x000001908276c180::a@1
                      ; - com.android.tools.r8.internal.vM$b::c@12 (line 2)
                      ; - com.android.tools.r8.internal.vM$b$$Lambda$2750/0x000001908276bd40::a@1
  0x00000190e6cd4f68: 34c3 ebff | 85c0 0f84 | 870f 0000 | 4c8b c541 | 8b68 1044 | 8b55 0849 | bb00 0000 | 8090 0100 
  0x00000190e6cd4f88: 004d 03da | 4d8b 5338 

  0x00000190e6cd4f90: ;   {metadata('com/android/tools/r8/internal/vM')}
  0x00000190e6cd4f90: 49bb 9846 | 6a82 9001 | 0000 4d3b | d30f 85a5 | 1500 004c | 8bd5 458b | 5a18 458b 

  0x00000190e6cd4fac: ;   {metadata('com/android/tools/r8/internal/vM$b')}
  0x00000190e6cd4fac: 5308 4181 | fa60 4a6a | 020f 85ba 

  0x00000190e6cd4fb8: ;   {oop(a 'com/android/tools/r8/internal/vM$b$$Lambda$2750+0x000001908276bd40'{0x000000008be136e0})}
  0x00000190e6cd4fb8: 0f00 0048 | bae0 36e1 | 8b00 0000 | 0049 8b87 | 0801 0000 | 4c8b d049 | 83c2 184d | 3b97 1801 
  0x00000190e6cd4fd8: 0000 0f83 | d111 0000 | 4d89 9708 | 0100 0041 | 0f0d 8ac0 | 0000 0048 | c700 0100 

  0x00000190e6cd4ff4: ;   {metadata('com/android/tools/r8/utils/structural/l')}
  0x00000190e6cd4ff4: 0000 c740 | 08f0 f370 | 0244 8960 | 0c4c 8960 | 1044 8958 | 1044 8b52 

  0x00000190e6cd500c: ;   {metadata('com/android/tools/r8/internal/vM$b$$Lambda$2750+0x000001908276bd40')}
  0x00000190e6cd500c: 0841 81fa | 40bd 7602 | 0f85 3c0f | 0000 8b68 | 1044 8b5d | 0849 ba00 | 0000 8090 | 0100 004d 
  0x00000190e6cd502c: 03d3 4d8b 

  0x00000190e6cd5030: ;   {metadata('com/android/tools/r8/internal/vM')}
  0x00000190e6cd5030: 5238 49bb | 9846 6a82 | 9001 0000 | 4d3b d30f | 850f 1500 | 0048 8bd5 | 448b 5a08 

  0x00000190e6cd504c: ;   {metadata('com/android/tools/r8/internal/vM$b')}
  0x00000190e6cd504c: 4181 fb60 | 4a6a 020f | 8591 0f00 | 0048 8be8 | 4c89 4424 

  0x00000190e6cd5060: ;   {optimized virtual_call}
  0x00000190e6cd5060: 1066 90e8 

  0x00000190e6cd5064: ; ImmutableOopMap {rbp=Oop [0]=Oop [16]=Oop }
                      ;*invokevirtual d {reexecute=0 rethrow=0 return_oop=0}
                      ; - com.android.tools.r8.internal.vM$$Lambda$2684/0x000001908270fbb0::applyAsInt@4
                      ; - com.android.tools.r8.utils.structural.l::a@6 (line 7)
                      ; - com.android.tools.r8.internal.vM::a@6 (line 3)
                      ; - com.android.tools.r8.internal.vM$b::b@1 (line 1)
                      ; - com.android.tools.r8.internal.vM$b$$Lambda$2753/0x000001908276c180::a@1
                      ; - com.android.tools.r8.internal.vM$b::c@12 (line 2)
                      ; - com.android.tools.r8.internal.vM$b$$Lambda$2750/0x000001908276bd40::a@1
                      ; - com.android.tools.r8.utils.structural.l::a@11 (line 3)
                      ; - com.android.tools.r8.internal.vM::hashCode@11 (line 2)
                      ; - com.android.tools.r8.utils.structural.l::a@24 (line 10)
                      ; - com.android.tools.r8.utils.structural.z::a@16 (line 5)
                      ; - com.android.tools.r8.utils.structural.z::h@8 (line 1)
                      ; - com.android.tools.r8.internal.vM::a@30 (line 6)
                      ; - com.android.tools.r8.internal.vM$b::b@1 (line 1)
                      ; - com.android.tools.r8.internal.vM$b$$Lambda$2753/0x000001908276c180::a@1
                      ; - com.android.tools.r8.internal.vM$b::c@12 (line 2)
                      ; - com.android.tools.r8.internal.vM$b$$Lambda$2750/0x000001908276bd40::a@1
  0x00000190e6cd5064: 18c3 5afe | 488b cd8b | 6d10 448b | 590c 458b | d341 c1e2 | 0545 2bd3 | 4103 c289 | 410c 448b 
  0x00000190e6cd5084: 5508 49bb | 0000 0080 | 9001 0000 | 4d03 da4d 

  0x00000190e6cd5094: ;   {metadata('com/android/tools/r8/internal/vM')}
  0x00000190e6cd5094: 8b53 3849 | bb98 466a | 8290 0100 | 004d 3bd3 | 0f85 b614 | 0000 4d8b | 8708 0100 | 004d 8bd0 
  0x00000190e6cd50b4: 4983 c210 | 448b d841 | c1e3 0544 | 2bd8 4c8b | cd41 8b59 | 0c44 03db | 4489 590c | 4d3b 9718 
  0x00000190e6cd50d4: 0100 000f | 830b 1100 | 004d 8997 | 0801 0000 | 410f 0d8a | c000 0000 | 49c7 0001 

  0x00000190e6cd50f0: ;   {metadata('com/android/tools/r8/utils/structural/z$$Lambda$2687+0x0000019082710238')}
  0x00000190e6cd50f0: 0000 0041 | c740 0838 | 0271 0248 | 894c 2418 

  0x00000190e6cd5100: ;   {oop(a 'com/android/tools/r8/internal/vM$$Lambda$2686+0x0000019082710000'{0x000000008be13a18})}
  0x00000190e6cd5100: 41c7 400c | 183a e18b 

  0x00000190e6cd5108: ;   {oop(a 'com/android/tools/r8/internal/vM$$Lambda$2686+0x0000019082710000'{0x000000008be13a18})}
  0x00000190e6cd5108: 49b9 183a | e18b 0000 | 0000 488b 

  0x00000190e6cd5114: ;   {oop(a 'com/android/tools/r8/utils/structural/z$$Lambda$2688+0x0000019082710488'{0x000000008be1ff40})}
  0x00000190e6cd5114: 5424 1848 | bf40 ffe1 | 8b00 0000 

  0x00000190e6cd5120: ;   {oop(a 'com/android/tools/r8/utils/structural/z$$Lambda$2689+0x00000190827106a0'{0x000000008be1ff10})}
  0x00000190e6cd5120: 0048 be10 | ffe1 8b00 

  0x00000190e6cd5128: ;   {optimized virtual_call}
  0x00000190e6cd5128: 0000 00e8 

  0x00000190e6cd512c: ; ImmutableOopMap {[0]=Oop [16]=Oop [24]=Oop }
                      ;*invokevirtual a {reexecute=0 rethrow=0 return_oop=1}
                      ; - com.android.tools.r8.utils.structural.z::a@16 (line 5)
                      ; - com.android.tools.r8.utils.structural.z::h@8 (line 1)
                      ; - com.android.tools.r8.internal.vM::a@22 (line 5)
                      ; - com.android.tools.r8.internal.vM$b::b@1 (line 1)
                      ; - com.android.tools.r8.internal.vM$b$$Lambda$2753/0x000001908276c180::a@1
                      ; - com.android.tools.r8.internal.vM$b::c@12 (line 2)
                      ; - com.android.tools.r8.internal.vM$b$$Lambda$2750/0x000001908276bd40::a@1
                      ; - com.android.tools.r8.utils.structural.l::a@11 (line 3)
                      ; - com.android.tools.r8.internal.vM::hashCode@11 (line 2)
                      ; - com.android.tools.r8.utils.structural.l::a@24 (line 10)
                      ; - com.android.tools.r8.utils.structural.z::a@16 (line 5)
                      ; - com.android.tools.r8.utils.structural.z::h@8 (line 1)
                      ; - com.android.tools.r8.internal.vM::a@30 (line 6)
                      ; - com.android.tools.r8.internal.vM$b::b@1 (line 1)
                      ; - com.android.tools.r8.internal.vM$b$$Lambda$2753/0x000001908276c180::a@1
                      ; - com.android.tools.r8.internal.vM$b::c@12 (line 2)
                      ; - com.android.tools.r8.internal.vM$b$$Lambda$2750/0x000001908276bd40::a@1
  0x00000190e6cd512c: 50c2 5afe 

  0x00000190e6cd5130: ; implicit exception: dispatches to 0x00000190e6cd6b28
  0x00000190e6cd5130: 8b68 084d | 8b87 0801 | 0000 4d8b | d049 83c2 | 104d 3b97 | 1801 0000 | 0f83 ba10 | 0000 4d89 
  0x00000190e6cd5150: 9708 0100 | 0041 0f0d | 8ac0 0000 | 0049 c700 | 0100 0000 

  0x00000190e6cd5164: ;   {metadata('com/android/tools/r8/utils/structural/z$$Lambda$2687+0x0000019082710238')}
  0x00000190e6cd5164: 41c7 4008 | 3802 7102 

  0x00000190e6cd516c: ;   {oop(a 'com/android/tools/r8/internal/vM$$Lambda$2690+0x00000190827108b8'{0x000000008be139e8})}
  0x00000190e6cd516c: 41c7 400c | e839 e18b 

  0x00000190e6cd5174: ;   {oop(a 'com/android/tools/r8/internal/vM$$Lambda$2690+0x00000190827108b8'{0x000000008be139e8})}
  0x00000190e6cd5174: 49b9 e839 | e18b 0000 

  0x00000190e6cd517c: ;   {metadata('com/android/tools/r8/utils/structural/b')}
  0x00000190e6cd517c: 0000 81fd | 703e 6502 

  0x00000190e6cd5184: ;   {metadata('com/android/tools/r8/utils/structural/l')}
  0x00000190e6cd5184: 7430 81fd | f0f3 7002 | 0f85 8e15 | 0000 488b 

  0x00000190e6cd5194: ;   {oop(a 'com/android/tools/r8/utils/structural/z$$Lambda$2688+0x0000019082710488'{0x000000008be1ff40})}
  0x00000190e6cd5194: d048 bf40 | ffe1 8b00 

  0x00000190e6cd519c: ;   {oop(a 'com/android/tools/r8/utils/structural/z$$Lambda$2689+0x00000190827106a0'{0x000000008be1ff10})}
  0x00000190e6cd519c: 0000 0048 | be10 ffe1 | 8b00 0000 | 0048 8b2c 

  0x00000190e6cd51ac: ;   {optimized virtual_call}
  0x00000190e6cd51ac: 2466 90e8 

  0x00000190e6cd51b0: ; ImmutableOopMap {rbp=Oop [0]=Oop [16]=Oop [24]=Oop }
                      ;*invokevirtual a {reexecute=0 rethrow=0 return_oop=1}
                      ; - com.android.tools.r8.utils.structural.z::a@16 (line 5)
                      ; - com.android.tools.r8.utils.structural.z::h@8 (line 1)
                      ; - com.android.tools.r8.internal.vM::a@30 (line 6)
                      ; - com.android.tools.r8.internal.vM$b::b@1 (line 1)
                      ; - com.android.tools.r8.internal.vM$b$$Lambda$2753/0x000001908276c180::a@1
                      ; - com.android.tools.r8.internal.vM$b::c@12 (line 2)
                      ; - com.android.tools.r8.internal.vM$b$$Lambda$2750/0x000001908276bd40::a@1
                      ; - com.android.tools.r8.utils.structural.l::a@11 (line 3)
                      ; - com.android.tools.r8.internal.vM::hashCode@11 (line 2)
                      ; - com.android.tools.r8.utils.structural.l::a@24 (line 10)
                      ; - com.android.tools.r8.utils.structural.z::a@16 (line 5)
                      ; - com.android.tools.r8.utils.structural.z::h@8 (line 1)
                      ; - com.android.tools.r8.internal.vM::a@30 (line 6)
                      ; - com.android.tools.r8.internal.vM$b::b@1 (line 1)
                      ; - com.android.tools.r8.internal.vM$b$$Lambda$2753/0x000001908276c180::a@1
                      ; - com.android.tools.r8.internal.vM$b::c@12 (line 2)
                      ; - com.android.tools.r8.internal.vM$b$$Lambda$2750/0x000001908276bd40::a@1
  0x00000190e6cd51b0: ccc1 5afe | eb1e 488b 

  0x00000190e6cd51b8: ;   {oop(a 'com/android/tools/r8/utils/structural/z$$Lambda$2688+0x0000019082710488'{0x000000008be1ff40})}
  0x00000190e6cd51b8: d048 bf40 | ffe1 8b00 

  0x00000190e6cd51c0: ;   {oop(a 'com/android/tools/r8/utils/structural/z$$Lambda$2689+0x00000190827106a0'{0x000000008be1ff10})}
  0x00000190e6cd51c0: 0000 0048 | be10 ffe1 | 8b00 0000 

  0x00000190e6cd51cc: ;   {optimized virtual_call}
  0x00000190e6cd51cc: 0066 90e8 

  0x00000190e6cd51d0: ; ImmutableOopMap {[0]=Oop [16]=Oop [24]=Oop }
                      ;*invokevirtual a {reexecute=0 rethrow=0 return_oop=1}
                      ; - com.android.tools.r8.utils.structural.z::a@16 (line 5)
                      ; - com.android.tools.r8.utils.structural.z::h@8 (line 1)
                      ; - com.android.tools.r8.internal.vM::a@30 (line 6)
                      ; - com.android.tools.r8.internal.vM$b::b@1 (line 1)
                      ; - com.android.tools.r8.internal.vM$b$$Lambda$2753/0x000001908276c180::a@1
                      ; - com.android.tools.r8.internal.vM$b::c@12 (line 2)
                      ; - com.android.tools.r8.internal.vM$b$$Lambda$2750/0x000001908276bd40::a@1
                      ; - com.android.tools.r8.utils.structural.l::a@11 (line 3)
                      ; - com.android.tools.r8.internal.vM::hashCode@11 (line 2)
                      ; - com.android.tools.r8.utils.structural.l::a@24 (line 10)
                      ; - com.android.tools.r8.utils.structural.z::a@16 (line 5)
                      ; - com.android.tools.r8.utils.structural.z::h@8 (line 1)
                      ; - com.android.tools.r8.internal.vM::a@30 (line 6)
                      ; - com.android.tools.r8.internal.vM$b::b@1 (line 1)
                      ; - com.android.tools.r8.internal.vM$b$$Lambda$2753/0x000001908276c180::a@1
                      ; - com.android.tools.r8.internal.vM$b::c@12 (line 2)
                      ; - com.android.tools.r8.internal.vM$b$$Lambda$2750/0x000001908276bd40::a@1
  0x00000190e6cd51d0: acc1 5afe 

  0x00000190e6cd51d4: ; implicit exception: dispatches to 0x00000190e6cd6b34
  0x00000190e6cd51d4: 448b 4808 

  0x00000190e6cd51d8: ;   {metadata('com/android/tools/r8/utils/structural/b')}
  0x00000190e6cd51d8: 4181 f970 | 3e65 020f | 840a 0100 

  0x00000190e6cd51e4: ;   {metadata('com/android/tools/r8/utils/structural/l')}
  0x00000190e6cd51e4: 0041 81f9 | f0f3 7002 | 0f85 7a14 | 0000 4c8b | c041 8b68 | 1044 8b5d | 0849 ba00 | 0000 8090 
  0x00000190e6cd5204: 0100 004d | 03d3 4d8b 

  0x00000190e6cd520c: ;   {metadata('com/android/tools/r8/internal/vM')}
  0x00000190e6cd520c: 5238 49bb | 9846 6a82 | 9001 0000 | 4d3b d30f | 8573 1400 | 004c 8bd5 | 450f b65a | 1045 85db 
  0x00000190e6cd522c: 0f85 020e | 0000 41bb | d504 0000 | 458b 500c | 418b cac1 | e105 412b | ca44 03d9 | 4589 580c 
  0x00000190e6cd524c: ;   {metadata('com/android/tools/r8/utils/structural/b')}
  0x00000190e6cd524c: 4181 f970 | 3e65 020f | 8563 0300 | 0044 8b50 | 0c45 85d2 | 0f85 ba03 | 0000 8b48 | 1444 8b40 
  0x00000190e6cd526c: 1044 8b51 | 0849 bb00 | 0000 8090 | 0100 004d | 03da 4d8b 

  0x00000190e6cd5280: ;   {metadata('com/android/tools/r8/internal/vM')}
  0x00000190e6cd5280: 5338 49bb | 9846 6a82 | 9001 0000 | 4d3b d30f | 8557 1400 | 0044 8b48 | 184c 8bd1 | 410f b66a 
  0x00000190e6cd52a0: 1145 8b59 | 0849 ba00 | 0000 8090 | 0100 004d | 03d3 4d8b 

  0x00000190e6cd52b4: ;   {metadata('com/android/tools/r8/internal/vM')}
  0x00000190e6cd52b4: 5238 49bb | 9846 6a82 | 9001 0000 | 4d3b d30f | 852f 1400 | 0045 85c0 | 0f84 0214 | 0000 4d8b 
  0x00000190e6cd52d4: d145 0fb6 | 5211 413b | ea0f 8505 | 0e00 0045 | 33db 4489 | 580c e931 | 0300 0048 | 8bc8 448b 
  0x00000190e6cd52f4: 590c 4585 | db0f 854d | ffff ff44 | 8b51 108b | 5914 448b | 4308 49bb | 0000 0080 | 9001 0000 
  0x00000190e6cd5314: 4d03 d84d 

  0x00000190e6cd5318: ;   {metadata('com/android/tools/r8/internal/vM')}
  0x00000190e6cd5318: 8b5b 3849 | b898 466a | 8290 0100 | 004d 3bd8 | 0f85 da13 | 0000 8b71 | 184c 8bdb | 410f b66b 
  0x00000190e6cd5338: 1044 8b46 | 0849 bb00 | 0000 8090 | 0100 004d | 03d8 4d8b 

  0x00000190e6cd534c: ;   {metadata('com/android/tools/r8/internal/vM')}
  0x00000190e6cd534c: 5b38 49b8 | 9846 6a82 | 9001 0000 | 4d3b d80f | 85b3 1300 | 0045 85d2 | 0f84 7613 | 0000 4c8b 
  0x00000190e6cd536c: d645 0fb6 | 5210 413b | ea0f 8587 | 0d00 0045 | 33db 4489 | 590c e9c5 | feff ff49 | 8bc8 448b 
  0x00000190e6cd538c: 590c 4585 | db0f 855e | 0300 0044 | 8b59 1444 

  0x00000190e6cd539c: ;   {metadata('com/android/tools/r8/utils/structural/z$$Lambda$2687+0x0000019082710238')}
  0x00000190e6cd539c: 8b52 0841 | 81fa 3802 | 7102 0f85 | b80e 0000 | 4889 4c24 | 1044 894c | 2404 4c89 | 4424 0848 
  0x00000190e6cd53bc: 8bea 448b | 550c 4d8b | c349 8bd2 | 9048 b8b8 | 0871 8290 

  0x00000190e6cd53d0: ;   {virtual_call}
  0x00000190e6cd53d0: 0100 00e8 

  0x00000190e6cd53d4: ; ImmutableOopMap {rbp=Oop [8]=Oop [16]=Oop }
                      ;*invokeinterface apply {reexecute=0 rethrow=0 return_oop=1}
                      ; - com.android.tools.r8.utils.structural.z::a@2 (line 4)
                      ; - com.android.tools.r8.utils.structural.z$$Lambda$2687/0x0000019082710238::test@5
                      ; - com.android.tools.r8.utils.structural.b::a@12 (line 13)
                      ; - com.android.tools.r8.utils.structural.z::a@16 (line 5)
                      ; - com.android.tools.r8.utils.structural.z::h@8 (line 1)
                      ; - com.android.tools.r8.internal.vM::a@30 (line 6)
                      ; - com.android.tools.r8.internal.vM$b::b@1 (line 1)
                      ; - com.android.tools.r8.internal.vM$b$$Lambda$2753/0x000001908276c180::a@1
                      ; - com.android.tools.r8.internal.vM$b::c@12 (line 2)
                      ; - com.android.tools.r8.internal.vM$b$$Lambda$2750/0x000001908276bd40::a@1
  0x00000190e6cd53d4: c8ed 16ff | 4889 4424 | 1844 8b5d | 0c4c 8b54 | 2410 458b | 5218 4885 | c041 0f95 | c045 0fb6 
  0x00000190e6cd53f4: c044 8944 | 2420 4d8b | c249 8bd3 | 9048 b8b8 | 0871 8290 

  0x00000190e6cd5408: ;   {virtual_call}
  0x00000190e6cd5408: 0100 00e8 

  0x00000190e6cd540c: ; ImmutableOopMap {[8]=Oop [16]=Oop [24]=Oop }
                      ;*invokeinterface apply {reexecute=0 rethrow=0 return_oop=1}
                      ; - com.android.tools.r8.utils.structural.z::a@2 (line 4)
                      ; - com.android.tools.r8.utils.structural.z$$Lambda$2687/0x0000019082710238::test@5
                      ; - com.android.tools.r8.utils.structural.b::a@25 (line 14)
                      ; - com.android.tools.r8.utils.structural.z::a@16 (line 5)
                      ; - com.android.tools.r8.utils.structural.z::h@8 (line 1)
                      ; - com.android.tools.r8.internal.vM::a@30 (line 6)
                      ; - com.android.tools.r8.internal.vM$b::b@1 (line 1)
                      ; - com.android.tools.r8.internal.vM$b$$Lambda$2753/0x000001908276c180::a@1
                      ; - com.android.tools.r8.internal.vM$b::c@12 (line 2)
                      ; - com.android.tools.r8.internal.vM$b$$Lambda$2750/0x000001908276bd40::a@1
  0x00000190e6cd540c: 90ed 16ff | 488b 4c24 | 1044 8b59 | 1048 85c0 | 410f 95c0 | 450f b6c0 | 4c8b 5424 | 184d 85d2 
  0x00000190e6cd542c: 752d 4585 | db0f 84fd | 1100 0044 | 8b5c 2420 | 453b d80f | 858d 0c00 | 0045 33d2 | 4489 510c 
  0x00000190e6cd544c: 4c8b 4424 | 0844 8b4c | 2404 e99a | 0200 0048 | 85c0 0f84 | 2811 0000 | 448b 4114 

  0x00000190e6cd5468: ; implicit exception: dispatches to 0x00000190e6cd6908
  0x00000190e6cd5468: 458b 4808 | 49ba 0000 | 0080 9001 | 0000 4d03 | d14d 8b52 

  0x00000190e6cd547c: ;   {metadata('com/android/tools/r8/internal/vM')}
  0x00000190e6cd547c: 3849 b998 | 466a 8290 | 0100 004d | 3bd1 0f85 | 7c0e 0000 | 448b 5118 | 458b 4018 

  0x00000190e6cd5498: ; implicit exception: dispatches to 0x00000190e6cd691c
  0x00000190e6cd5498: 458b 4a08 | 48bb 0000 | 0080 9001 | 0000 4903 | d94c 8b4b 

  0x00000190e6cd54ac: ;   {metadata('com/android/tools/r8/internal/vM')}
  0x00000190e6cd54ac: 3848 bb98 | 466a 8290 | 0100 004c | 3bcb 0f85 | 5c0e 0000 | 418b 6a18 | 4585 c00f | 84df 0d00 
  0x00000190e6cd54cc: 0044 895c | 2418 4d8b | d04c 8954 | 2420 4489 | 0424 498b | d248 b8ff | ffff ffff 

  0x00000190e6cd54e8: ;   {virtual_call}
  0x00000190e6cd54e8: ffff ffe8 

  0x00000190e6cd54ec: ; ImmutableOopMap {rbp=NarrowOop [0]=NarrowOop [8]=Oop [16]=Oop [24]=NarrowOop [32]=Oop }
                      ;*invokeinterface R {reexecute=0 rethrow=0 return_oop=1}
                      ; - com.android.tools.r8.utils.structural.x::a@2 (line 5)
                      ; - com.android.tools.r8.utils.structural.z$$Lambda$2688/0x0000019082710488::a@9
                      ; - com.android.tools.r8.utils.structural.b::a@70 (line 16)
                      ; - com.android.tools.r8.utils.structural.z::a@16 (line 5)
                      ; - com.android.tools.r8.utils.structural.z::h@8 (line 1)
                      ; - com.android.tools.r8.internal.vM::a@30 (line 6)
                      ; - com.android.tools.r8.internal.vM$b::b@1 (line 1)
                      ; - com.android.tools.r8.internal.vM$b$$Lambda$2753/0x000001908276c180::a@1
                      ; - com.android.tools.r8.internal.vM$b::c@12 (line 2)
                      ; - com.android.tools.r8.internal.vM$b$$Lambda$2750/0x000001908276bd40::a@1
  0x00000190e6cd54ec: 90c1 5afe | 4889 4424 | 2848 8b54 | 2420 6666 | 9048 b8ff | ffff ffff 

  0x00000190e6cd5504: ;   {virtual_call}
  0x00000190e6cd5504: ffff ffe8 

  0x00000190e6cd5508: ; ImmutableOopMap {rbp=NarrowOop [8]=Oop [16]=Oop [24]=NarrowOop [40]=Oop }
                      ;*invokeinterface R {reexecute=0 rethrow=0 return_oop=1}
                      ; - com.android.tools.r8.utils.structural.x::a@9 (line 5)
                      ; - com.android.tools.r8.utils.structural.z$$Lambda$2688/0x0000019082710488::a@9
                      ; - com.android.tools.r8.utils.structural.b::a@70 (line 16)
                      ; - com.android.tools.r8.utils.structural.z::a@16 (line 5)
                      ; - com.android.tools.r8.utils.structural.z::h@8 (line 1)
                      ; - com.android.tools.r8.internal.vM::a@30 (line 6)
                      ; - com.android.tools.r8.internal.vM$b::b@1 (line 1)
                      ; - com.android.tools.r8.internal.vM$b$$Lambda$2753/0x000001908276c180::a@1
                      ; - com.android.tools.r8.internal.vM$b::c@12 (line 2)
                      ; - com.android.tools.r8.internal.vM$b$$Lambda$2750/0x000001908276bd40::a@1
  0x00000190e6cd5508: 74c1 5afe | 488b d066 | 9048 b8ff | ffff ffff 

  0x00000190e6cd5518: ;   {virtual_call}
  0x00000190e6cd5518: ffff ffe8 

  0x00000190e6cd551c: ; ImmutableOopMap {rbp=NarrowOop [8]=Oop [16]=Oop [24]=NarrowOop [40]=Oop }
                      ;*invokeinterface n {reexecute=0 rethrow=0 return_oop=1}
                      ; - com.android.tools.r8.utils.structural.x::a@14 (line 5)
                      ; - com.android.tools.r8.utils.structural.z$$Lambda$2688/0x0000019082710488::a@9
                      ; - com.android.tools.r8.utils.structural.b::a@70 (line 16)
                      ; - com.android.tools.r8.utils.structural.z::a@16 (line 5)
                      ; - com.android.tools.r8.utils.structural.z::h@8 (line 1)
                      ; - com.android.tools.r8.internal.vM::a@30 (line 6)
                      ; - com.android.tools.r8.internal.vM$b::b@1 (line 1)
                      ; - com.android.tools.r8.internal.vM$b$$Lambda$2753/0x000001908276c180::a@1
                      ; - com.android.tools.r8.internal.vM$b::c@12 (line 2)
                      ; - com.android.tools.r8.internal.vM$b$$Lambda$2750/0x000001908276bd40::a@1
  0x00000190e6cd551c: 60c1 5afe | 4889 4424 | 2044 8b5c | 2418 4585 | db0f 8489 | 0d00 0049 | 8b87 0801 | 0000 4c8b 
  0x00000190e6cd553c: d049 83c2 | 204d 3b97 | 1801 0000 | 0f83 450c | 0000 4d89 | 9708 0100 | 0041 0f0d | 8ac0 0000 
  0x00000190e6cd555c: 0048 c700 | 0100 0000 

  0x00000190e6cd5564: ;   {metadata('com/android/tools/r8/utils/structural/b')}
  0x00000190e6cd5564: c740 0870 | 3e65 0244 | 8960 0c44 | 8960 1c44 | 8958 104c | 8b54 2428 | 4d8b da44 | 8958 1489 
  0x00000190e6cd5584: 6818 488b | e848 8b54 | 2420 4c8b | c548 b8ff | ffff ffff 

  0x00000190e6cd5598: ;   {virtual_call}
  0x00000190e6cd5598: ffff ffe8 

  0x00000190e6cd559c: ; ImmutableOopMap {rbp=Oop [8]=Oop [16]=Oop }
                      ;*invokeinterface a {reexecute=0 rethrow=0 return_oop=0}
                      ; - com.android.tools.r8.utils.structural.c::a@13 (line 34)
                      ; - com.android.tools.r8.utils.structural.x::a@19 (line 5)
                      ; - com.android.tools.r8.utils.structural.z$$Lambda$2688/0x0000019082710488::a@9
                      ; - com.android.tools.r8.utils.structural.b::a@70 (line 16)
                      ; - com.android.tools.r8.utils.structural.z::a@16 (line 5)
                      ; - com.android.tools.r8.utils.structural.z::h@8 (line 1)
                      ; - com.android.tools.r8.internal.vM::a@30 (line 6)
                      ; - com.android.tools.r8.internal.vM$b::b@1 (line 1)
                      ; - com.android.tools.r8.internal.vM$b$$Lambda$2753/0x000001908276c180::a@1
                      ; - com.android.tools.r8.internal.vM$b::c@12 (line 2)
                      ; - com.android.tools.r8.internal.vM$b$$Lambda$2750/0x000001908276bd40::a@1
  0x00000190e6cd559c: e0c0 5afe | 448b 5d0c | 4c8b 5424 | 1045 895a | 0c4c 8b44 | 2408 448b | 4c24 04e9 | 3901 0000 
  0x00000190e6cd55bc: ;   {metadata('com/android/tools/r8/utils/structural/l')}
  0x00000190e6cd55bc: 4181 f9f0 | f370 020f | 85d7 1000 | 008b 6810 

  0x00000190e6cd55cc: ; implicit exception: dispatches to 0x00000190e6cd6b80
  0x00000190e6cd55cc: 448b 5d08 | 49ba 0000 | 0080 9001 | 0000 4d03 | d34d 8b52 

  0x00000190e6cd55e0: ;   {metadata('com/android/tools/r8/internal/vM')}
  0x00000190e6cd55e0: 3849 bb98 | 466a 8290 | 0100 004d | 3bd3 0f85 | d410 0000 | 4c8b d545 | 0fb6 5a11 | 4585 db0f 
  0x00000190e6cd5600: 853a 0a00 | 0041 bbd5 | 0400 0044 | 8b50 0c45 | 8bca 41c1 | e105 452b | ca45 03d9 | 4489 580c 
  0x00000190e6cd5620: 498b 9708 | 0100 004c | 8bd2 4983 | c210 4d3b | 9718 0100 | 000f 83f1 | 0b00 004d | 8997 0801 
  0x00000190e6cd5640: 0000 410f | 0d8a c000 | 0000 48c7 | 0201 0000 

  0x00000190e6cd5650: ;   {metadata('com/android/tools/r8/utils/structural/z$$Lambda$2687+0x0000019082710238')}
  0x00000190e6cd5650: 00c7 4208 | 3802 7102 

  0x00000190e6cd5658: ;   {oop(a 'com/android/tools/r8/internal/vM$b$$Lambda$2754+0x000001908276c398'{0x000000008be13680})}
  0x00000190e6cd5658: c742 0c80 | 36e1 8b4c | 8b54 2418 | 458b 5a10 | 4d8b c366 | 9048 b8ff | ffff ffff 

  0x00000190e6cd5674: ;   {virtual_call}
  0x00000190e6cd5674: ffff ffe8 

  0x00000190e6cd5678: ; ImmutableOopMap {[0]=Oop [16]=Oop [24]=Oop }
                      ;*invokeinterface test {reexecute=0 rethrow=0 return_oop=0}
                      ; - com.android.tools.r8.utils.structural.l::a@5 (line 9)
                      ; - com.android.tools.r8.utils.structural.z::a@16 (line 5)
                      ; - com.android.tools.r8.utils.structural.z::h@8 (line 1)
                      ; - com.android.tools.r8.internal.vM$b::c@25 (line 4)
                      ; - com.android.tools.r8.internal.vM$b$$Lambda$2750/0x000001908276bd40::a@1
                      ; - com.android.tools.r8.utils.structural.l::a@11 (line 3)
                      ; - com.android.tools.r8.internal.vM::hashCode@11 (line 2)
                      ; - com.android.tools.r8.utils.structural.l::a@24 (line 10)
                      ; - com.android.tools.r8.utils.structural.z::a@16 (line 5)
                      ; - com.android.tools.r8.utils.structural.z::h@8 (line 1)
                      ; - com.android.tools.r8.internal.vM::a@30 (line 6)
                      ; - com.android.tools.r8.internal.vM$b::b@1 (line 1)
                      ; - com.android.tools.r8.internal.vM$b$$Lambda$2753/0x000001908276c180::a@1
                      ; - com.android.tools.r8.internal.vM$b::c@12 (line 2)
                      ; - com.android.tools.r8.internal.vM$b$$Lambda$2750/0x000001908276bd40::a@1
  0x00000190e6cd5678: 04c0 5afe | 85c0 0f84 | b308 0000 | 4c8b 4424 | 1841 8b68 | 1044 8b5d 

  0x00000190e6cd5690: ;   {metadata('com/android/tools/r8/internal/vM$b')}
  0x00000190e6cd5690: 0841 81fb | 604a 6a02 | 0f85 0e12 | 0000 4c8b | d545 8b52 | 1c45 85d2 | 0f84 060f | 0000 498b 
  0x00000190e6cd56b0: ;   {optimized virtual_call}
  0x00000190e6cd56b0: d266 90e8 

  0x00000190e6cd56b4: ; ImmutableOopMap {[0]=Oop [16]=Oop [24]=Oop }
                      ;*invokevirtual hashCode {reexecute=0 rethrow=0 return_oop=0}
                      ; - com.android.tools.r8.utils.structural.l::a@24 (line 10)
                      ; - com.android.tools.r8.utils.structural.z::a@16 (line 5)
                      ; - com.android.tools.r8.utils.structural.z::h@8 (line 1)
                      ; - com.android.tools.r8.internal.vM$b::c@25 (line 4)
                      ; - com.android.tools.r8.internal.vM$b$$Lambda$2750/0x000001908276bd40::a@1
                      ; - com.android.tools.r8.utils.structural.l::a@11 (line 3)
                      ; - com.android.tools.r8.internal.vM::hashCode@11 (line 2)
                      ; - com.android.tools.r8.utils.structural.l::a@24 (line 10)
                      ; - com.android.tools.r8.utils.structural.z::a@16 (line 5)
                      ; - com.android.tools.r8.utils.structural.z::h@8 (line 1)
                      ; - com.android.tools.r8.internal.vM::a@30 (line 6)
                      ; - com.android.tools.r8.internal.vM$b::b@1 (line 1)
                      ; - com.android.tools.r8.internal.vM$b$$Lambda$2753/0x000001908276c180::a@1
                      ; - com.android.tools.r8.internal.vM$b::c@12 (line 2)
                      ; - com.android.tools.r8.internal.vM$b$$Lambda$2750/0x000001908276bd40::a@1
  0x00000190e6cd56b4: c8bc 5afe | 488b 6c24 | 1844 8b55 | 0c45 8bc2 | 41c1 e005 | 452b c241 | 03c0 8945 | 0c4c 8b5c 
  0x00000190e6cd56d4: 2410 458b | 530c 458b | c241 c1e0 | 0545 2bc2 | 4403 450c | 4589 430c | 4c8b 0424 | 448b 4c24 
  0x00000190e6cd56f4: 0845 8b58 

  0x00000190e6cd56f8: ;   {metadata('com/android/tools/r8/utils/structural/b')}
  0x00000190e6cd56f8: 0841 81fb | 703e 6502 | 0f84 d104 

  0x00000190e6cd5704: ;   {metadata('com/android/tools/r8/utils/structural/l')}
  0x00000190e6cd5704: 0000 4181 | fbf0 f370 | 020f 8599 | 0c00 0049 | 8bd8 448b | 5b10 458b | 5308 48b9 | 0000 0080 
  0x00000190e6cd5724: 9001 0000 | 4903 ca4c 

  0x00000190e6cd572c: ;   {metadata('com/android/tools/r8/internal/vM')}
  0x00000190e6cd572c: 8b51 3848 | b998 466a | 8290 0100 | 004c 3bd1 | 0f85 7a0c | 0000 4d8b | d345 0fb6 | 5210 4585 
  0x00000190e6cd574c: d20f 8582 | 0800 0041 | bad5 0400 | 008b 4b0c | 8bf9 c1e7 | 052b f944 | 03d7 4489 | 530c 458b 
  0x00000190e6cd576c: ;   {metadata('com/android/tools/r8/utils/structural/b')}
  0x00000190e6cd576c: 5808 4181 | fb70 3e65 | 020f 84c6 

  0x00000190e6cd5778: ;   {metadata('com/android/tools/r8/utils/structural/l')}
  0x00000190e6cd5778: 0300 0041 | 81fb f0f3 | 7002 0f85 | 440c 0000 | 498b d844 | 8b5b 1045 | 8b53 0848 | b900 0000 
  0x00000190e6cd5798: 8090 0100 | 0049 03ca | 4c8b 5138 

  0x00000190e6cd57a4: ;   {metadata('com/android/tools/r8/internal/vM')}
  0x00000190e6cd57a4: 48b9 9846 | 6a82 9001 | 0000 4c3b | d10f 8525 | 0c00 004d | 8bd3 450f | b652 1145 | 85d2 0f85 
  0x00000190e6cd57c4: 1808 0000 | bfd5 0400 | 0044 8b53 | 0c41 8bca | c1e1 0541 | 2bca 03f9 

  0x00000190e6cd57dc: ;   {metadata('com/android/tools/r8/utils/structural/b')}
  0x00000190e6cd57dc: 897b 0c41 | 81f9 703e | 6502 7418 

  0x00000190e6cd57e8: ;   {metadata('com/android/tools/r8/utils/structural/l')}
  0x00000190e6cd57e8: 4181 f9f0 | f370 0274 | 0fba c6ff | ffff 498b 

  0x00000190e6cd57f8: ;   {runtime_call UncommonTrapBlob}
  0x00000190e6cd57f8: e866 90e8 

  0x00000190e6cd57fc: ; ImmutableOopMap {rbp=Oop }
                      ;*invokevirtual a {reexecute=0 rethrow=0 return_oop=0}
                      ; - com.android.tools.r8.internal.vM$b::c@17 (line 3)
                      ; - com.android.tools.r8.internal.vM$b$$Lambda$2750/0x000001908276bd40::a@1
  0x00000190e6cd57fc: 0011 5bfe | 498b 9708 | 0100 004c | 8bd2 4983 | c210 4d3b | 9718 0100 | 000f 8350 | 0900 004d 
  0x00000190e6cd581c: 8997 0801 | 0000 410f | 0d8a c000 | 0000 48c7 | 0201 0000 

  0x00000190e6cd5830: ;   {metadata('com/android/tools/r8/utils/structural/z$$Lambda$2687+0x0000019082710238')}
  0x00000190e6cd5830: 00c7 4208 | 3802 7102 

  0x00000190e6cd5838: ;   {oop(a 'com/android/tools/r8/internal/vM$b$$Lambda$2754+0x000001908276c398'{0x000000008be13680})}
  0x00000190e6cd5838: c742 0c80 

  0x00000190e6cd583c: ;   {metadata('com/android/tools/r8/utils/structural/b')}
  0x00000190e6cd583c: 36e1 8b41 | 81f9 703e | 6502 0f84 | 8600 0000 

  0x00000190e6cd584c: ;   {metadata('com/android/tools/r8/utils/structural/l')}
  0x00000190e6cd584c: 4181 f9f0 | f370 020f | 85b7 0c00 | 004c 8904 | 2445 8b58 | 104d 8bc3 | 9048 b838 | 0271 8290 
  0x00000190e6cd586c: ;   {virtual_call}
  0x00000190e6cd586c: 0100 00e8 

  0x00000190e6cd5870: ; ImmutableOopMap {[0]=Oop }
                      ;*invokeinterface test {reexecute=0 rethrow=0 return_oop=0}
                      ; - com.android.tools.r8.utils.structural.l::a@5 (line 9)
                      ; - com.android.tools.r8.utils.structural.z::a@16 (line 5)
                      ; - com.android.tools.r8.utils.structural.z::h@8 (line 1)
                      ; - com.android.tools.r8.internal.vM$b::c@25 (line 4)
                      ; - com.android.tools.r8.internal.vM$b$$Lambda$2750/0x000001908276bd40::a@1
  0x00000190e6cd5870: 2cba ebff | 85c0 0f84 | 9906 0000 | 4c8b 1424 | 418b 6a10 

  0x00000190e6cd5884: ; implicit exception: dispatches to 0x00000190e6cd6ad8
  0x00000190e6cd5884: 448b 5d08 

  0x00000190e6cd5888: ;   {metadata('com/android/tools/r8/internal/vM$b')}
  0x00000190e6cd5888: 4181 fb60 | 4a6a 020f | 850b 1000 | 004c 8bd5 | 458b 521c | 4585 d20f | 848b 0c00 | 0049 8bd2 
  0x00000190e6cd58a8: ;   {optimized virtual_call}
  0x00000190e6cd58a8: 6666 90e8 

  0x00000190e6cd58ac: ; ImmutableOopMap {[0]=Oop }
                      ;*invokevirtual hashCode {reexecute=0 rethrow=0 return_oop=0}
                      ; - com.android.tools.r8.utils.structural.l::a@24 (line 10)
                      ; - com.android.tools.r8.utils.structural.z::a@16 (line 5)
                      ; - com.android.tools.r8.utils.structural.z::h@8 (line 1)
                      ; - com.android.tools.r8.internal.vM$b::c@25 (line 4)
                      ; - com.android.tools.r8.internal.vM$b$$Lambda$2750/0x000001908276bd40::a@1
  0x00000190e6cd58ac: d0ba 5afe | 4c8b 1424 | 458b 520c | 458b c241 | c1e0 0545 | 2bc2 4103 | c04c 8b14 | 2441 8942 
  0x00000190e6cd58cc: 0ce9 6d05 | 0000 4d8b | d845 8b53 | 0c45 85d2 | 0f85 5d05 | 0000 458b | 5314 448b 

  0x00000190e6cd58e8: ;   {metadata('com/android/tools/r8/utils/structural/z$$Lambda$2687+0x0000019082710238')}
  0x00000190e6cd58e8: 4208 4181 | f838 0271 | 020f 8589 | 0900 004c | 891c 2448 | 8bea 448b | 4d0c 4d8b | c249 8bd1 
  0x00000190e6cd5908: 9048 b898 | c376 8290 

  0x00000190e6cd5910: ;   {virtual_call}
  0x00000190e6cd5910: 0100 00e8 

  0x00000190e6cd5914: ; ImmutableOopMap {rbp=Oop [0]=Oop }
                      ;*invokeinterface apply {reexecute=0 rethrow=0 return_oop=1}
                      ; - com.android.tools.r8.utils.structural.z::a@2 (line 4)
                      ; - com.android.tools.r8.utils.structural.z$$Lambda$2687/0x0000019082710238::test@5
                      ; - com.android.tools.r8.utils.structural.b::a@12 (line 13)
                      ; - com.android.tools.r8.utils.structural.z::a@16 (line 5)
                      ; - com.android.tools.r8.utils.structural.z::h@8 (line 1)
                      ; - com.android.tools.r8.internal.vM$b::c@25 (line 4)
                      ; - com.android.tools.r8.internal.vM$b$$Lambda$2750/0x000001908276bd40::a@1
  0x00000190e6cd5914: 8808 b3ff | 4889 4424 | 0844 8b55 | 0c4c 8b1c | 2445 8b43 | 1848 85c0 | 400f 95c5 | 400f b6ed 
  0x00000190e6cd5934: 498b d266 | 9048 b898 | c376 8290 

  0x00000190e6cd5940: ;   {virtual_call}
  0x00000190e6cd5940: 0100 00e8 

  0x00000190e6cd5944: ; ImmutableOopMap {[0]=Oop [8]=Oop }
                      ;*invokeinterface apply {reexecute=0 rethrow=0 return_oop=1}
                      ; - com.android.tools.r8.utils.structural.z::a@2 (line 4)
                      ; - com.android.tools.r8.utils.structural.z$$Lambda$2687/0x0000019082710238::test@5
                      ; - com.android.tools.r8.utils.structural.b::a@25 (line 14)
                      ; - com.android.tools.r8.utils.structural.z::a@16 (line 5)
                      ; - com.android.tools.r8.utils.structural.z::h@8 (line 1)
                      ; - com.android.tools.r8.internal.vM$b::c@25 (line 4)
                      ; - com.android.tools.r8.internal.vM$b$$Lambda$2750/0x000001908276bd40::a@1
  0x00000190e6cd5944: 5808 b3ff | 4c8b 1424 | 458b 4a10 | 4885 c041 | 0f95 c045 | 0fb6 c04c | 8b5c 2408 | 4d85 db75 
  0x00000190e6cd5964: 1e45 85c9 | 0f84 d20c | 0000 413b | e80f 8566 | 0700 0045 | 33c0 4589 | 420c e9bc | 0400 0048 
  0x00000190e6cd5984: 85c0 0f84 | 180c 0000 | 418b 6a14 

  0x00000190e6cd5990: ; implicit exception: dispatches to 0x00000190e6cd6930
  0x00000190e6cd5990: 448b 4508 

  0x00000190e6cd5994: ;   {metadata('com/android/tools/r8/internal/vM$b')}
  0x00000190e6cd5994: 4181 f860 | 4a6a 020f | 85e4 0e00 | 0045 8b5a | 184c 8bc5 | 418b 681c 

  0x00000190e6cd59ac: ; implicit exception: dispatches to 0x00000190e6cd6940
  0x00000190e6cd59ac: 458b 4308 

  0x00000190e6cd59b0: ;   {metadata('com/android/tools/r8/internal/vM$b')}
  0x00000190e6cd59b0: 4181 f860 | 4a6a 020f | 85d3 0e00 | 0041 8b4b | 1c44 8b5d | 1441 8b59 

  0x00000190e6cd59c8: ;   {metadata('com/android/tools/r8/utils/structural/f')}
  0x00000190e6cd59c8: 0881 fb00 | a060 020f | 8557 0900 | 0041 8b7b | 0c83 ff01 | 0f86 5e09 | 0000 448b | 4914 458b 
  0x00000190e6cd59e8: 690c 410f | b65b 1041 | 83fd 010f | 865b 0900 | 0041 0fb6 | 7110 3bde | 0f85 9304 | 0000 85db 
  0x00000190e6cd5a08: 0f84 6c04 | 0000 83ff | 010f 8ed5 | 0900 0041 | 0fb6 7111 | 410f b65b | 113b de0f | 85a1 0400 
  0x00000190e6cd5a28: 0085 db0f | 847c 0400 | 004c 63c7 | 4963 dd49 | 3bd8 4c0f | 4cc3 418b | d044 8bc2 | 4183 c0fd 
  0x00000190e6cd5a48: 4183 f802 | 0f8e be09 | 0000 b8a0 | 0f00 0033 | f6bb 0200 | 0000 448b | f244 2bf3 | 4183 c6fd 
  0x00000190e6cd5a68: 443b c344 | 0f4c f641 | 81fe a00f | 0000 440f | 47f0 4403 | f3c5 f96e | cec4 c1f9 | 6ec2 6666 
  0x00000190e6cd5a88: 0f1f 8400 | 0000 0000 | 891c 244c | 63d3 430f | b65c 1310 | 430f b674 | 1110 3bde | 0f85 2703 
  0x00000190e6cd5aa8: 0000 85db | 0f84 a703 | 0000 430f | b65c 1311 | 430f b674 | 1111 3bde | 0f85 1d03 | 0000 85db 
  0x00000190e6cd5ac8: 0f84 9603 | 0000 430f | b674 1112 | 430f b65c | 1312 3bde | 0f85 1603 | 0000 85db | 0f84 8503 
  0x00000190e6cd5ae8: 0000 430f | b65c 1313 | 430f b674 | 1113 3bde | 0f85 b303 | 0000 85db | 0f84 7803 | 0000 8b1c 
  0x00000190e6cd5b08: 2483 c304 | 413b de0f | 8c7b ffff | ff44 8bd3 | 498b 9f50 | 0300 0048 | 8bf5 4c8b 

  0x00000190e6cd5b24: ; ImmutableOopMap {r11=NarrowOop r9=NarrowOop rcx=NarrowOop rsi=Oop rbp=NarrowOop r14=Oop xmm0=Oop }
                      ;*goto {reexecute=1 rethrow=0 return_oop=0}
                      ; - (reexecute) com.android.tools.r8.graph.D2::a@155 (line 74)
                      ; - com.android.tools.r8.utils.structural.c::a@2 (line 12)
                      ; - com.android.tools.r8.graph.D2::a@6 (line 2)
                      ; - com.android.tools.r8.utils.structural.z$$Lambda$2688/0x0000019082710488::a@9
                      ; - com.android.tools.r8.utils.structural.b::a@70 (line 16)
                      ; - com.android.tools.r8.utils.structural.z::a@16 (line 5)
                      ; - com.android.tools.r8.utils.structural.z::h@8 (line 1)
                      ; - com.android.tools.r8.internal.vM$b::c@25 (line 4)
                      ; - com.android.tools.r8.internal.vM$b$$Lambda$2750/0x000001908276bd40::a@1
                      ;   {poll}
  0x00000190e6cd5b24: f185 0345 | 3bd0 0f8d | 440d 0000 | c5f9 7ece | 418b dac4 | c1f9 7ec2 | e91d ffff | ff49 8bd8 
  0x00000190e6cd5b44: 448b 5b0c | 4585 db0f | 858e fcff | ff8b 7b14 | 448b 5310 

  0x00000190e6cd5b58: ; implicit exception: dispatches to 0x00000190e6cd6a44
  0x00000190e6cd5b58: 8b4f 0849 | bb00 0000 | 8090 0100 | 004c 03d9 | 4d8b 5b38 

  0x00000190e6cd5b6c: ;   {metadata('com/android/tools/r8/internal/vM')}
  0x00000190e6cd5b6c: 48b9 9846 | 6a82 9001 | 0000 4c3b | d90f 8539 | 0900 008b | 4318 4c8b | df41 0fb6 | 6b11 8b48 
  0x00000190e6cd5b8c: 0849 bb00 | 0000 8090 | 0100 004c | 03d9 4d8b 

  0x00000190e6cd5b9c: ;   {metadata('com/android/tools/r8/internal/vM')}
  0x00000190e6cd5b9c: 5b38 48b9 | 9846 6a82 | 9001 0000 | 4c3b d90f | 8513 0900 | 0045 85d2 | 0f84 e608 | 0000 4c8b 
  0x00000190e6cd5bbc: d045 0fb6 | 5211 413b | ea0f 85a4 | 0400 0045 | 33db 4489 | 5b0c e908 | fcff ff49 | 8bd8 448b 
  0x00000190e6cd5bdc: 5b0c 4585 | db0f 8583 | fbff ff8b | 7b14 448b | 5310 8b4f | 0849 bb00 | 0000 8090 | 0100 004c 
  0x00000190e6cd5bfc: 03d9 4d8b 

  0x00000190e6cd5c00: ;   {metadata('com/android/tools/r8/internal/vM')}
  0x00000190e6cd5c00: 5b38 48b9 | 9846 6a82 | 9001 0000 | 4c3b d90f | 85bb 0800 | 008b 4318 | 4c8b df41 | 0fb6 6b10 
  0x00000190e6cd5c20: ; implicit exception: dispatches to 0x00000190e6cd6a8c
  0x00000190e6cd5c20: 8b48 0849 | bb00 0000 | 8090 0100 | 004c 03d9 | 4d8b 5b38 

  0x00000190e6cd5c34: ;   {metadata('com/android/tools/r8/internal/vM')}
  0x00000190e6cd5c34: 48b9 9846 | 6a82 9001 | 0000 4c3b | d90f 8595 | 0800 0045 | 85d2 0f84 | 5c08 0000 | 4c8b d045 
  0x00000190e6cd5c54: 0fb6 5210 | 413b ea0f | 8528 0400 | 0045 33db | 4489 5b0c | e9fd faff | ff49 8bd8 | 448b 530c 
  0x00000190e6cd5c74: 4585 d20f | 85e8 edff | ff8b 7314 | 448b 5310 

  0x00000190e6cd5c84: ; implicit exception: dispatches to 0x00000190e6cd69e0
  0x00000190e6cd5c84: 448b 5e08 | 48b9 0000 | 0080 9001 | 0000 4903 | cb4c 8b59 

  0x00000190e6cd5c98: ;   {metadata('com/android/tools/r8/internal/vM')}
  0x00000190e6cd5c98: 3848 b998 | 466a 8290 | 0100 004c | 3bd9 0f85 | c407 0000 | 8b4b 184c | 8bde 418b | 6b0c 448b 
  0x00000190e6cd5cb8: 5908 48bf | 0000 0080 | 9001 0000 | 4903 fb4c 

  0x00000190e6cd5cc8: ;   {metadata('com/android/tools/r8/internal/vM')}
  0x00000190e6cd5cc8: 8b5f 3848 | bf98 466a | 8290 0100 | 004c 3bdf | 0f85 9e07 | 0000 4585 | d20f 8470 | 0700 004c 
  0x00000190e6cd5ce8: 8bd1 458b | 5a0c 413b | eb7d 0841 | baff ffff | ffeb 0f41 | 3beb 0f84 | 8501 0000 | 41ba 0100 
  0x00000190e6cd5d08: 0000 4489 | 530c e952 | edff ff49 | 8bd8 448b | 5b0c 4585 | db0f 85e0 | ecff ff44 | 8b53 108b 
  0x00000190e6cd5d28: 6b14 8b4d | 0849 bb00 | 0000 8090 | 0100 004c | 03d9 4d8b 

  0x00000190e6cd5d3c: ;   {metadata('com/android/tools/r8/internal/vM')}
  0x00000190e6cd5d3c: 5b38 48b9 | 9846 6a82 | 9001 0000 | 4c3b d90f | 8537 0700 | 008b 4d08 

  0x00000190e6cd5d54: ;   {metadata('com/android/tools/r8/internal/vM$b')}
  0x00000190e6cd5d54: 81f9 604a | 6a02 0f85 | 4802 0000 | be01 0000 | 008b 6b18 

  0x00000190e6cd5d68: ; implicit exception: dispatches to 0x00000190e6cd6a28
  0x00000190e6cd5d68: 8b4d 0849 | bb00 0000 | 8090 0100 | 004c 03d9 | 4d8b 5b38 

  0x00000190e6cd5d7c: ;   {metadata('com/android/tools/r8/internal/vM')}
  0x00000190e6cd5d7c: 48b9 9846 | 6a82 9001 | 0000 4c3b | d90f 8505 | 0700 0044 

  0x00000190e6cd5d90: ;   {metadata('com/android/tools/r8/internal/vM$b')}
  0x00000190e6cd5d90: 8b5d 0841 | 81fb 604a | 6a02 0f85 | 1e02 0000 | b901 0000 | 0045 85d2 | 0f84 b606 | 0000 3bf1 
  0x00000190e6cd5db0: 7d08 41bb | ffff ffff | eb0e 3bf1 | 0f84 cf00 | 0000 41bb | 0100 0000 | 4489 5b0c | e932 ecff 
  0x00000190e6cd5dd0: ff8b cb2b | ce85 db0f | 84cb 0200 | 0044 8b04 | 24eb 298b | cb2b ce85 | db0f 84b4 | 0200 0044 
  0x00000190e6cd5df0: 8b04 2441 | ffc0 eb14 | 8bcb 2bce | 85db 0f84 | a902 0000 | 448b 0424 | 4183 c002 | c4c1 f97e 
  0x00000190e6cd5e10: c285 f60f | 84f0 0100 | 0049 63d0 | 418b e8ff | c581 fbc0 | 0000 000f | 84e3 0100 | 0081 fec0 
  0x00000190e6cd5e30: 0000 000f | 8411 0200 | 008b d141 | 8952 0c48 | 83c4 605d 

  0x00000190e6cd5e44: ;   {poll_return}
  0x00000190e6cd5e44: 493b a748 | 0300 000f | 87cb 0e00 | 00c3 8bc5 | e97f f0ff | ffc5 f97e | cac4 c1f9 | 7ec2 ebd7 
  0x00000190e6cd5e64: c5f9 7eca | c4c1 f97e | c2eb ccc5 | f97e cac4 | c1f9 7ec2 | ebc1 33d2 | ebbd c5f9 | 7eca c4c1 
  0x00000190e6cd5e84: f97e c2eb | b245 33d2 | e979 feff | ff45 33db | e92f ffff | ff8b cb2b | ce85 db0f | 8418 0200 
  0x00000190e6cd5ea4: 0045 33c0 | e964 ffff | ff33 d2eb | 8a8b cb2b | ce85 db0f | 84e6 0100 | 0044 8b04 | 2441 83c0 
  0x00000190e6cd5ec4: 03e9 42ff | ffff 8bcb | 2bce 85db | 0f84 ec01 | 0000 41b8 | 0100 0000 | e930 ffff | ff44 8b55 
  0x00000190e6cd5ee4: 0c45 8bc2 | 41c1 e005 | 452b c241 | ffc0 4489 | 450c e94d | ecff ff44 | 8b55 0c45 | 8bc2 41c1 
  0x00000190e6cd5f04: e005 452b | c241 ffc0 | 4489 450c | e9d7 f7ff | ff4c 8b14 | 2445 8b52 | 0c45 8bc2 | 41c1 e005 
  0x00000190e6cd5f24: 452b c241 | ffc0 4c8b | 1424 4589 | 420c e908 | ffff ff48 | 8b6c 2418 | 448b 550c | 458b c241 
  0x00000190e6cd5f44: c1e0 0545 | 2bc2 41ff | c044 8945 | 0ce9 7bf7 | ffff 488b | e84c 8944 | 2410 4c8b | c048 b848 
  0x00000190e6cd5f64: f670 8290 

  0x00000190e6cd5f68: ;   {virtual_call}
  0x00000190e6cd5f68: 0100 00e8 

  0x00000190e6cd5f6c: ; ImmutableOopMap {rbp=Oop [0]=Oop [16]=Oop }
                      ;*invokeinterface a {reexecute=0 rethrow=0 return_oop=0}
                      ; - com.android.tools.r8.utils.structural.l::a@11 (line 3)
                      ; - com.android.tools.r8.internal.vM::hashCode@11 (line 2)
                      ; - com.android.tools.r8.utils.structural.l::a@24 (line 10)
                      ; - com.android.tools.r8.utils.structural.z::a@16 (line 5)
                      ; - com.android.tools.r8.utils.structural.z::h@8 (line 1)
                      ; - com.android.tools.r8.internal.vM::a@30 (line 6)
                      ; - com.android.tools.r8.internal.vM$b::b@1 (line 1)
                      ; - com.android.tools.r8.internal.vM$b$$Lambda$2753/0x000001908276c180::a@1
                      ; - com.android.tools.r8.internal.vM$b::c@12 (line 2)
                      ; - com.android.tools.r8.internal.vM$b$$Lambda$2750/0x000001908276bd40::a@1
  0x00000190e6cd5f6c: d04b 95f8 | e95c f7ff 

  0x00000190e6cd5f74: ;   {metadata('com/android/tools/r8/internal/vM$c')}
  0x00000190e6cd5f74: ff41 81fa | f861 6b02 | 0f85 ca07 

  0x00000190e6cd5f80: ;   {oop(a 'com/android/tools/r8/internal/vM$c$$Lambda$2683+0x000001908270f648'{0x00000000b3a0b418})}
  0x00000190e6cd5f80: 0000 48ba | 18b4 a0b3 | 0000 0000 | e934 f0ff 

  0x00000190e6cd5f90: ;   {metadata('com/android/tools/r8/internal/vM$c')}
  0x00000190e6cd5f90: ff81 f9f8 | 616b 020f | 85c7 0700 | 0041 bb02 | 0000 00e9 | 47ea ffff 

  0x00000190e6cd5fa8: ;   {metadata('com/android/tools/r8/internal/vM$c')}
  0x00000190e6cd5fa8: 81f9 f861 | 6b02 0f85 | c807 0000 | be02 0000 | 00e9 a7fd 

  0x00000190e6cd5fbc: ;   {metadata('com/android/tools/r8/internal/vM$c')}
  0x00000190e6cd5fbc: ffff 4181 | fbf8 616b | 020f 85c9 | 0700 00b9 | 0200 0000 | e9d0 fdff | ff41 bacf | 0400 00e9 
  0x00000190e6cd5fdc: 79f7 ffff | bfcf 0400 | 00e9 e3f7 | ffff 488b | e84c 8944 | 2410 6666 | 9048 b8ff | ffff ffff 
  0x00000190e6cd5ffc: ;   {virtual_call}
  0x00000190e6cd5ffc: ffff ffe8 

  0x00000190e6cd6000: ; ImmutableOopMap {rbp=Oop [0]=Oop [16]=Oop }
                      ;*invokevirtual d {reexecute=0 rethrow=0 return_oop=0}
                      ; - com.android.tools.r8.internal.vM$$Lambda$2684/0x000001908270fbb0::applyAsInt@4
                      ; - com.android.tools.r8.utils.structural.l::a@6 (line 7)
                      ; - com.android.tools.r8.internal.vM::a@6 (line 3)
                      ; - com.android.tools.r8.internal.vM$b::b@1 (line 1)
                      ; - com.android.tools.r8.internal.vM$b$$Lambda$2753/0x000001908276c180::a@1
                      ; - com.android.tools.r8.internal.vM$b::c@12 (line 2)
                      ; - com.android.tools.r8.internal.vM$b$$Lambda$2750/0x000001908276bd40::a@1
                      ; - com.android.tools.r8.utils.structural.l::a@11 (line 3)
                      ; - com.android.tools.r8.internal.vM::hashCode@11 (line 2)
                      ; - com.android.tools.r8.utils.structural.l::a@24 (line 10)
                      ; - com.android.tools.r8.utils.structural.z::a@16 (line 5)
                      ; - com.android.tools.r8.utils.structural.z::h@8 (line 1)
                      ; - com.android.tools.r8.internal.vM::a@30 (line 6)
                      ; - com.android.tools.r8.internal.vM$b::b@1 (line 1)
                      ; - com.android.tools.r8.internal.vM$b$$Lambda$2753/0x000001908276c180::a@1
                      ; - com.android.tools.r8.internal.vM$b::c@12 (line 2)
                      ; - com.android.tools.r8.internal.vM$b$$Lambda$2750/0x000001908276bd40::a@1
  0x00000190e6cd6000: 7cb6 5afe | e95f f0ff | ff8b d1e9 | 2bfe ffff | 3bef 0f83 | 9807 0000 | 410f b66c | 1311 81fd 
  0x00000190e6cd6020: 8000 0000 | 0f85 ae07 | 0000 baff | ffff ffe9 | 07fe ffff | 41bb cf04 | 0000 e9f9 | f1ff ff41 
  0x00000190e6cd6040: bbcf 0400 | 00e9 c1f5 | ffff 413b | ed0f 83ad | 0700 0041 | 0fb6 6c11 | 1181 fd80 | 0000 000f 
  0x00000190e6cd6060: 85c3 0700 | 00ba 0100 | 0000 e9cc | fdff ff85 | ed74 0b41 | bb01 0000 | 00e9 50fb | ffff 41bb 
  0x00000190e6cd6080: ffff ffff | e945 fbff | ff85 ed74 | 0b41 bb01 | 0000 00e9 | ccfb ffff | 41bb ffff | ffff e9c1 
  0x00000190e6cd60a0: fbff ff44 | 8bc1 eb08 | 448b c1eb | 0344 8bc1 | c4c1 f97e | c241 8bd0 | e97e fdff | ff44 8bc1 
  0x00000190e6cd60c0: ebf3 448b | c1eb ee41 | bbff ffff | ffe9 35eb | ffff 41ba | ffff ffff | e96b f3ff | ff41 b8ff 
  0x00000190e6cd60e0: ffff ffe9 | 92f8 ffff | 85ed 740b | 41bb 0100 | 0000 e9ef | f1ff ff41 | bbff ffff | ffe9 e4f1 
  0x00000190e6cd6100: ffff 85ed | 740b 41bb | 0100 0000 | e96d f2ff | ff41 bbff | ffff ffe9 | 62f2 ffff | 4489 0c24 
  0x00000190e6cd6120: ;   {metadata('com/android/tools/r8/utils/structural/z$$Lambda$2687+0x0000019082710238')}
  0x00000190e6cd6120: 498b e848 | ba38 0271 | 8290 0100 

  0x00000190e6cd612c: ;   {runtime_call _new_instance_Java}
  0x00000190e6cd612c: 0066 90e8 

  0x00000190e6cd6130: ; ImmutableOopMap {rbp=Oop }
                      ;*invokevirtual allocateInstance {reexecute=0 rethrow=0 return_oop=1}
                      ; - java.lang.invoke.DirectMethodHandle::allocateInstance@12 (line 520)
                      ; - java.lang.invoke.DirectMethodHandle$Holder::newInvokeSpecial@1
                      ; - java.lang.invoke.Invokers$Holder::linkToTargetMethod@5
                      ; - com.android.tools.r8.utils.structural.z::h@3 (line 1)
                      ; - com.android.tools.r8.internal.vM::a@22 (line 5)
                      ; - com.android.tools.r8.internal.vM$b::b@1 (line 1)
                      ; - com.android.tools.r8.internal.vM$b$$Lambda$2753/0x000001908276c180::a@1
                      ; - com.android.tools.r8.internal.vM$b::c@12 (line 2)
                      ; - com.android.tools.r8.internal.vM$b$$Lambda$2750/0x000001908276bd40::a@1
  0x00000190e6cd6130: cc8d 65fe | 488b d04c | 8bc5 448b | 0c24 e95a | e9ff ff44 | 890c 2449 

  0x00000190e6cd6148: ;   {metadata('com/android/tools/r8/utils/structural/z$$Lambda$2687+0x0000019082710238')}
  0x00000190e6cd6148: 8be8 48ba | 3802 7182 | 9001 0000 

  0x00000190e6cd6154: ;   {runtime_call _new_instance_Java}
  0x00000190e6cd6154: 6666 90e8 

  0x00000190e6cd6158: ; ImmutableOopMap {rbp=Oop }
                      ;*invokevirtual allocateInstance {reexecute=0 rethrow=0 return_oop=1}
                      ; - java.lang.invoke.DirectMethodHandle::allocateInstance@12 (line 520)
                      ; - java.lang.invoke.DirectMethodHandle$Holder::newInvokeSpecial@1
                      ; - java.lang.invoke.Invokers$Holder::linkToTargetMethod@5
                      ; - com.android.tools.r8.utils.structural.z::h@3 (line 1)
                      ; - com.android.tools.r8.internal.vM::a@30 (line 6)
                      ; - com.android.tools.r8.internal.vM$b::b@1 (line 1)
                      ; - com.android.tools.r8.internal.vM$b$$Lambda$2753/0x000001908276c180::a@1
                      ; - com.android.tools.r8.internal.vM$b::c@12 (line 2)
                      ; - com.android.tools.r8.internal.vM$b$$Lambda$2750/0x000001908276bd40::a@1
  0x00000190e6cd6158: a48d 65fe | 488b d04c | 8bc5 448b | 0c24 e9b8 | edff ff44 | 890c 2449 

  0x00000190e6cd6170: ;   {metadata('com/android/tools/r8/utils/structural/z$$Lambda$2687+0x0000019082710238')}
  0x00000190e6cd6170: 8be8 48ba | 3802 7182 | 9001 0000 

  0x00000190e6cd617c: ;   {runtime_call _new_instance_Java}
  0x00000190e6cd617c: 6666 90e8 

  0x00000190e6cd6180: ; ImmutableOopMap {rbp=Oop }
                      ;*invokevirtual allocateInstance {reexecute=0 rethrow=0 return_oop=1}
                      ; - java.lang.invoke.DirectMethodHandle::allocateInstance@12 (line 520)
                      ; - java.lang.invoke.DirectMethodHandle$Holder::newInvokeSpecial@1
                      ; - java.lang.invoke.Invokers$Holder::linkToTargetMethod@5
                      ; - com.android.tools.r8.utils.structural.z::h@3 (line 1)
                      ; - com.android.tools.r8.internal.vM$b::c@25 (line 4)
                      ; - com.android.tools.r8.internal.vM$b$$Lambda$2750/0x000001908276bd40::a@1
  0x00000190e6cd6180: 7c8d 65fe | 488b d04c | 8bc5 448b | 0c24 e9a5 | f6ff ff44 

  0x00000190e6cd6194: ;   {metadata('com/android/tools/r8/utils/structural/b')}
  0x00000190e6cd6194: 891c 2448 | ba70 3e65 | 8290 0100 

  0x00000190e6cd61a0: ;   {runtime_call _new_instance_Java}
  0x00000190e6cd61a0: 0066 90e8 

  0x00000190e6cd61a4: ; ImmutableOopMap {rbp=NarrowOop [0]=NarrowOop [8]=Oop [16]=Oop [32]=Oop [40]=Oop }
                      ;*new {reexecute=0 rethrow=0 return_oop=1}
                      ; - com.android.tools.r8.utils.structural.c::a@1 (line 33)
                      ; - com.android.tools.r8.utils.structural.x::a@19 (line 5)
                      ; - com.android.tools.r8.utils.structural.z$$Lambda$2688/0x0000019082710488::a@9
                      ; - com.android.tools.r8.utils.structural.b::a@70 (line 16)
                      ; - com.android.tools.r8.utils.structural.z::a@16 (line 5)
                      ; - com.android.tools.r8.utils.structural.z::h@8 (line 1)
                      ; - com.android.tools.r8.internal.vM::a@30 (line 6)
                      ; - com.android.tools.r8.internal.vM$b::b@1 (line 1)
                      ; - com.android.tools.r8.internal.vM$b$$Lambda$2753/0x000001908276c180::a@1
                      ; - com.android.tools.r8.internal.vM$b::c@12 (line 2)
                      ; - com.android.tools.r8.internal.vM$b$$Lambda$2750/0x000001908276bd40::a@1
  0x00000190e6cd61a4: 588d 65fe | 448b 1c24 | e9c2 f3ff | ff48 8954 | 2418 4c89 | 4424 1049 | 8beb 4489 

  0x00000190e6cd61c0: ;   {metadata('com/android/tools/r8/utils/structural/l')}
  0x00000190e6cd61c0: 5c24 0c48 | baf0 f370 | 8290 0100 

  0x00000190e6cd61cc: ;   {runtime_call _new_instance_Java}
  0x00000190e6cd61cc: 0066 90e8 

  0x00000190e6cd61d0: ; ImmutableOopMap {rbp=Oop [0]=Oop [12]=NarrowOop [16]=Oop [24]=Oop }
                      ;*new {reexecute=0 rethrow=0 return_oop=1}
                      ; - com.android.tools.r8.utils.structural.l::a@1 (line 2)
                      ; - com.android.tools.r8.internal.vM::hashCode@11 (line 2)
                      ; - com.android.tools.r8.utils.structural.l::a@24 (line 10)
                      ; - com.android.tools.r8.utils.structural.z::a@16 (line 5)
                      ; - com.android.tools.r8.utils.structural.z::h@8 (line 1)
                      ; - com.android.tools.r8.internal.vM::a@30 (line 6)
                      ; - com.android.tools.r8.internal.vM$b::b@1 (line 1)
                      ; - com.android.tools.r8.internal.vM$b$$Lambda$2753/0x000001908276c180::a@1
                      ; - com.android.tools.r8.internal.vM$b::c@12 (line 2)
                      ; - com.android.tools.r8.internal.vM$b$$Lambda$2750/0x000001908276bd40::a@1
  0x00000190e6cd61d0: 2c8d 65fe | 4c8b 4424 | 1044 8b5c | 240c 488b | 5424 18e9 | 1dee ffff | 4889 4c24 

  0x00000190e6cd61ec: ;   {metadata('com/android/tools/r8/utils/structural/z$$Lambda$2687+0x0000019082710238')}
  0x00000190e6cd61ec: 1848 ba38 | 0271 8290 | 0100 0048 

  0x00000190e6cd61f8: ;   {runtime_call _new_instance_Java}
  0x00000190e6cd61f8: 8b2c 24e8 

  0x00000190e6cd61fc: ; ImmutableOopMap {rbp=Oop [0]=Oop [16]=Oop [24]=Oop }
                      ;*invokevirtual allocateInstance {reexecute=0 rethrow=0 return_oop=1}
                      ; - java.lang.invoke.DirectMethodHandle::allocateInstance@12 (line 520)
                      ; - java.lang.invoke.DirectMethodHandle$Holder::newInvokeSpecial@1
                      ; - java.lang.invoke.Invokers$Holder::linkToTargetMethod@5
                      ; - com.android.tools.r8.utils.structural.z::h@3 (line 1)
                      ; - com.android.tools.r8.internal.vM::a@22 (line 5)
                      ; - com.android.tools.r8.internal.vM$b::b@1 (line 1)
                      ; - com.android.tools.r8.internal.vM$b$$Lambda$2753/0x000001908276c180::a@1
                      ; - com.android.tools.r8.internal.vM$b::c@12 (line 2)
                      ; - com.android.tools.r8.internal.vM$b$$Lambda$2750/0x000001908276bd40::a@1
                      ; - com.android.tools.r8.utils.structural.l::a@11 (line 3)
                      ; - com.android.tools.r8.internal.vM::hashCode@11 (line 2)
                      ; - com.android.tools.r8.utils.structural.l::a@24 (line 10)
                      ; - com.android.tools.r8.utils.structural.z::a@16 (line 5)
                      ; - com.android.tools.r8.utils.structural.z::h@8 (line 1)
                      ; - com.android.tools.r8.internal.vM::a@30 (line 6)
                      ; - com.android.tools.r8.internal.vM$b::b@1 (line 1)
                      ; - com.android.tools.r8.internal.vM$b$$Lambda$2753/0x000001908276c180::a@1
                      ; - com.android.tools.r8.internal.vM$b::c@12 (line 2)
                      ; - com.android.tools.r8.internal.vM$b$$Lambda$2750/0x000001908276bd40::a@1
  0x00000190e6cd61fc: 008d 65fe | 4c8b c0e9 | f8ee ffff | 4889 4424 

  0x00000190e6cd620c: ;   {metadata('com/android/tools/r8/utils/structural/z$$Lambda$2687+0x0000019082710238')}
  0x00000190e6cd620c: 2048 ba38 | 0271 8290 

  0x00000190e6cd6214: ;   {runtime_call _new_instance_Java}
  0x00000190e6cd6214: 0100 00e8 

  0x00000190e6cd6218: ; ImmutableOopMap {[0]=Oop [16]=Oop [24]=Oop [32]=Oop }
                      ;*invokevirtual allocateInstance {reexecute=0 rethrow=0 return_oop=1}
                      ; - java.lang.invoke.DirectMethodHandle::allocateInstance@12 (line 520)
                      ; - java.lang.invoke.DirectMethodHandle$Holder::newInvokeSpecial@1
                      ; - java.lang.invoke.Invokers$Holder::linkToTargetMethod@5
                      ; - com.android.tools.r8.utils.structural.z::h@3 (line 1)
                      ; - com.android.tools.r8.internal.vM::a@30 (line 6)
                      ; - com.android.tools.r8.internal.vM$b::b@1 (line 1)
                      ; - com.android.tools.r8.internal.vM$b$$Lambda$2753/0x000001908276c180::a@1
                      ; - com.android.tools.r8.internal.vM$b::c@12 (line 2)
                      ; - com.android.tools.r8.internal.vM$b$$Lambda$2750/0x000001908276bd40::a@1
                      ; - com.android.tools.r8.utils.structural.l::a@11 (line 3)
                      ; - com.android.tools.r8.internal.vM::hashCode@11 (line 2)
                      ; - com.android.tools.r8.utils.structural.l::a@24 (line 10)
                      ; - com.android.tools.r8.utils.structural.z::a@16 (line 5)
                      ; - com.android.tools.r8.utils.structural.z::h@8 (line 1)
                      ; - com.android.tools.r8.internal.vM::a@30 (line 6)
                      ; - com.android.tools.r8.internal.vM$b::b@1 (line 1)
                      ; - com.android.tools.r8.internal.vM$b$$Lambda$2753/0x000001908276c180::a@1
                      ; - com.android.tools.r8.internal.vM$b::c@12 (line 2)
                      ; - com.android.tools.r8.internal.vM$b$$Lambda$2750/0x000001908276bd40::a@1
  0x00000190e6cd6218: e48c 65fe | 4c8b d048 | 8b44 2420 | 4d8b c2e9 | 40ef ffff 

  0x00000190e6cd622c: ;   {metadata('com/android/tools/r8/utils/structural/z$$Lambda$2687+0x0000019082710238')}
  0x00000190e6cd622c: 48ba 3802 | 7182 9001 | 0000 488b 

  0x00000190e6cd6238: ;   {runtime_call _new_instance_Java}
  0x00000190e6cd6238: 2c24 90e8 

  0x00000190e6cd623c: ; ImmutableOopMap {rbp=Oop [0]=Oop [16]=Oop [24]=Oop }
                      ;*invokevirtual allocateInstance {reexecute=0 rethrow=0 return_oop=1}
                      ; - java.lang.invoke.DirectMethodHandle::allocateInstance@12 (line 520)
                      ; - java.lang.invoke.DirectMethodHandle$Holder::newInvokeSpecial@1
                      ; - java.lang.invoke.Invokers$Holder::linkToTargetMethod@5
                      ; - com.android.tools.r8.utils.structural.z::h@3 (line 1)
                      ; - com.android.tools.r8.internal.vM$b::c@25 (line 4)
                      ; - com.android.tools.r8.internal.vM$b$$Lambda$2750/0x000001908276bd40::a@1
                      ; - com.android.tools.r8.utils.structural.l::a@11 (line 3)
                      ; - com.android.tools.r8.internal.vM::hashCode@11 (line 2)
                      ; - com.android.tools.r8.utils.structural.l::a@24 (line 10)
                      ; - com.android.tools.r8.utils.structural.z::a@16 (line 5)
                      ; - com.android.tools.r8.utils.structural.z::h@8 (line 1)
                      ; - com.android.tools.r8.internal.vM::a@30 (line 6)
                      ; - com.android.tools.r8.internal.vM$b::b@1 (line 1)
                      ; - com.android.tools.r8.internal.vM$b$$Lambda$2753/0x000001908276c180::a@1
                      ; - com.android.tools.r8.internal.vM$b::c@12 (line 2)
                      ; - com.android.tools.r8.internal.vM$b$$Lambda$2750/0x000001908276bd40::a@1
  0x00000190e6cd623c: c08c 65fe | 488b d0e9 | 10f4 ffff | 498b e84c | 891c 2448 | 8954 2410 | 4489 5424 | 18ba 66ff 
  0x00000190e6cd625c: ;   {runtime_call UncommonTrapBlob}
  0x00000190e6cd625c: ffff 90e8 

  0x00000190e6cd6260: ; ImmutableOopMap {rbp=Oop [0]=Oop [16]=Oop [24]=NarrowOop }
                      ;*invokeinterface test {reexecute=0 rethrow=0 return_oop=0}
                      ; - com.android.tools.r8.utils.structural.b::a@12 (line 13)
                      ; - com.android.tools.r8.utils.structural.z::a@16 (line 5)
                      ; - com.android.tools.r8.utils.structural.z::h@8 (line 1)
                      ; - com.android.tools.r8.internal.vM::a@22 (line 5)
                      ; - com.android.tools.r8.internal.vM$b::b@1 (line 1)
                      ; - com.android.tools.r8.internal.vM$b$$Lambda$2753/0x000001908276c180::a@1
                      ; - com.android.tools.r8.internal.vM$b::c@12 (line 2)
                      ; - com.android.tools.r8.internal.vM$b$$Lambda$2750/0x000001908276bd40::a@1
  0x00000190e6cd6260: 9c06 5bfe | 498b e848 | 890c 2448 | 8954 2410 | 4489 5c24 | 18ba 66ff 

  0x00000190e6cd6278: ;   {runtime_call UncommonTrapBlob}
  0x00000190e6cd6278: ffff 90e8 

  0x00000190e6cd627c: ; ImmutableOopMap {rbp=Oop [0]=Oop [16]=Oop [24]=NarrowOop }
                      ;*invokeinterface test {reexecute=0 rethrow=0 return_oop=0}
                      ; - com.android.tools.r8.utils.structural.b::a@12 (line 13)
                      ; - com.android.tools.r8.utils.structural.z::a@16 (line 5)
                      ; - com.android.tools.r8.utils.structural.z::h@8 (line 1)
                      ; - com.android.tools.r8.internal.vM::a@30 (line 6)
                      ; - com.android.tools.r8.internal.vM$b::b@1 (line 1)
                      ; - com.android.tools.r8.internal.vM$b$$Lambda$2753/0x000001908276c180::a@1
                      ; - com.android.tools.r8.internal.vM$b::c@12 (line 2)
                      ; - com.android.tools.r8.internal.vM$b$$Lambda$2750/0x000001908276bd40::a@1
  0x00000190e6cd627c: 8006 5bfe | 498b eb48 | 8954 2408 | 4489 5424 | 10ba 66ff 

  0x00000190e6cd6290: ;   {runtime_call UncommonTrapBlob}
  0x00000190e6cd6290: ffff 90e8 

  0x00000190e6cd6294: ; ImmutableOopMap {rbp=Oop [8]=Oop [16]=NarrowOop }
                      ;*invokeinterface test {reexecute=0 rethrow=0 return_oop=0}
                      ; - com.android.tools.r8.utils.structural.b::a@12 (line 13)
                      ; - com.android.tools.r8.utils.structural.z::a@16 (line 5)
                      ; - com.android.tools.r8.utils.structural.z::h@8 (line 1)
                      ; - com.android.tools.r8.internal.vM$b::c@25 (line 4)
                      ; - com.android.tools.r8.internal.vM$b$$Lambda$2750/0x000001908276bd40::a@1
  0x00000190e6cd6294: 6806 5bfe | ba5e ffff | ff41 8be8 | 4489 1c24 

  0x00000190e6cd62a4: ;   {runtime_call UncommonTrapBlob}
  0x00000190e6cd62a4: 6666 90e8 

  0x00000190e6cd62a8: ; ImmutableOopMap {rbp=NarrowOop [0]=NarrowOop }
                      ;*invokeinterface a {reexecute=0 rethrow=0 return_oop=0}
                      ; - com.android.tools.r8.utils.structural.z$$Lambda$2688/0x0000019082710488::a@9
                      ; - com.android.tools.r8.utils.structural.b::a@70 (line 16)
                      ; - com.android.tools.r8.utils.structural.z::a@16 (line 5)
                      ; - com.android.tools.r8.utils.structural.z::h@8 (line 1)
                      ; - com.android.tools.r8.internal.vM::a@22 (line 5)
                      ; - com.android.tools.r8.internal.vM$b::b@1 (line 1)
                      ; - com.android.tools.r8.internal.vM$b$$Lambda$2753/0x000001908276c180::a@1
                      ; - com.android.tools.r8.internal.vM$b::c@12 (line 2)
                      ; - com.android.tools.r8.internal.vM$b$$Lambda$2750/0x000001908276bd40::a@1
  0x00000190e6cd62a8: 5406 5bfe | ba5e ffff | ff44 891c 

  0x00000190e6cd62b4: ;   {runtime_call UncommonTrapBlob}
  0x00000190e6cd62b4: 2466 90e8 

  0x00000190e6cd62b8: ; ImmutableOopMap {rbp=NarrowOop [0]=NarrowOop }
                      ;*invokeinterface a {reexecute=0 rethrow=0 return_oop=0}
                      ; - com.android.tools.r8.utils.structural.z$$Lambda$2688/0x0000019082710488::a@9
                      ; - com.android.tools.r8.utils.structural.b::a@70 (line 16)
                      ; - com.android.tools.r8.utils.structural.z::a@16 (line 5)
                      ; - com.android.tools.r8.utils.structural.z::h@8 (line 1)
                      ; - com.android.tools.r8.internal.vM::a@30 (line 6)
                      ; - com.android.tools.r8.internal.vM$b::b@1 (line 1)
                      ; - com.android.tools.r8.internal.vM$b$$Lambda$2753/0x000001908276c180::a@1
                      ; - com.android.tools.r8.internal.vM$b::c@12 (line 2)
                      ; - com.android.tools.r8.internal.vM$b$$Lambda$2750/0x000001908276bd40::a@1
  0x00000190e6cd62b8: 4406 5bfe | baf6 ffff 

  0x00000190e6cd62c0: ;   {runtime_call UncommonTrapBlob}
  0x00000190e6cd62c0: ff66 90e8 

  0x00000190e6cd62c4: ; ImmutableOopMap {rbp=NarrowOop [32]=Oop [40]=Oop }
                      ;*invokevirtual a {reexecute=0 rethrow=0 return_oop=0}
                      ; - com.android.tools.r8.utils.structural.x::a@19 (line 5)
                      ; - com.android.tools.r8.utils.structural.z$$Lambda$2688/0x0000019082710488::a@9
                      ; - com.android.tools.r8.utils.structural.b::a@70 (line 16)
                      ; - com.android.tools.r8.utils.structural.z::a@16 (line 5)
                      ; - com.android.tools.r8.utils.structural.z::h@8 (line 1)
                      ; - com.android.tools.r8.internal.vM::a@30 (line 6)
                      ; - com.android.tools.r8.internal.vM$b::b@1 (line 1)
                      ; - com.android.tools.r8.internal.vM$b$$Lambda$2753/0x000001908276c180::a@1
                      ; - com.android.tools.r8.internal.vM$b::c@12 (line 2)
                      ; - com.android.tools.r8.internal.vM$b$$Lambda$2750/0x000001908276bd40::a@1
  0x00000190e6cd62c4: 3806 5bfe | bade ffff | ff41 8be9 

  0x00000190e6cd62d0: ;   {runtime_call UncommonTrapBlob}
  0x00000190e6cd62d0: 6666 90e8 

  0x00000190e6cd62d4: ; ImmutableOopMap {rbp=NarrowOop }
                      ;*checkcast {reexecute=0 rethrow=0 return_oop=0}
                      ; - com.android.tools.r8.internal.vM$$Lambda$2686/0x0000019082710000::apply@1
                      ; - com.android.tools.r8.utils.structural.b::a@48 (line 16)
                      ; - com.android.tools.r8.utils.structural.z::a@16 (line 5)
                      ; - com.android.tools.r8.utils.structural.z::h@8 (line 1)
                      ; - com.android.tools.r8.internal.vM::a@22 (line 5)
                      ; - com.android.tools.r8.internal.vM$b::b@1 (line 1)
                      ; - com.android.tools.r8.internal.vM$b$$Lambda$2753/0x000001908276c180::a@1
                      ; - com.android.tools.r8.internal.vM$b::c@12 (line 2)
                      ; - com.android.tools.r8.internal.vM$b$$Lambda$2750/0x000001908276bd40::a@1
  0x00000190e6cd62d4: 2806 5bfe | bade ffff | ff41 8bea 

  0x00000190e6cd62e0: ;   {runtime_call UncommonTrapBlob}
  0x00000190e6cd62e0: 6666 90e8 

  0x00000190e6cd62e4: ; ImmutableOopMap {rbp=NarrowOop }
                      ;*checkcast {reexecute=0 rethrow=0 return_oop=0}
                      ; - com.android.tools.r8.internal.vM$$Lambda$2686/0x0000019082710000::apply@1
                      ; - com.android.tools.r8.utils.structural.b::a@57 (line 16)
                      ; - com.android.tools.r8.utils.structural.z::a@16 (line 5)
                      ; - com.android.tools.r8.utils.structural.z::h@8 (line 1)
                      ; - com.android.tools.r8.internal.vM::a@22 (line 5)
                      ; - com.android.tools.r8.internal.vM$b::b@1 (line 1)
                      ; - com.android.tools.r8.internal.vM$b$$Lambda$2753/0x000001908276c180::a@1
                      ; - com.android.tools.r8.internal.vM$b::c@12 (line 2)
                      ; - com.android.tools.r8.internal.vM$b$$Lambda$2750/0x000001908276bd40::a@1
  0x00000190e6cd62e4: 1806 5bfe | bade ffff | ff48 8b6c | 2408 4889 | 4c24 0844 | 895c 2410 | 4489 4c24 | 1444 8944 
  0x00000190e6cd6304: ;   {runtime_call UncommonTrapBlob}
  0x00000190e6cd6304: 2418 90e8 

  0x00000190e6cd6308: ; ImmutableOopMap {rbp=Oop [8]=Oop [16]=NarrowOop [20]=NarrowOop [24]=NarrowOop }
                      ;*invokevirtual a {reexecute=0 rethrow=0 return_oop=0}
                      ; - com.android.tools.r8.graph.s2::a@6 (line 2)
                      ; - com.android.tools.r8.utils.structural.z$$Lambda$2688/0x0000019082710488::a@9
                      ; - com.android.tools.r8.utils.structural.b::a@70 (line 16)
                      ; - com.android.tools.r8.utils.structural.z::a@16 (line 5)
                      ; - com.android.tools.r8.utils.structural.z::h@8 (line 1)
                      ; - com.android.tools.r8.internal.vM::a@22 (line 5)
                      ; - com.android.tools.r8.internal.vM$b::b@1 (line 1)
                      ; - com.android.tools.r8.internal.vM$b$$Lambda$2753/0x000001908276c180::a@1
                      ; - com.android.tools.r8.internal.vM$b::c@12 (line 2)
                      ; - com.android.tools.r8.internal.vM$b$$Lambda$2750/0x000001908276bd40::a@1
  0x00000190e6cd6308: f405 5bfe | bade ffff | ff41 8be8 

  0x00000190e6cd6314: ;   {runtime_call UncommonTrapBlob}
  0x00000190e6cd6314: 6666 90e8 

  0x00000190e6cd6318: ; ImmutableOopMap {rbp=NarrowOop }
                      ;*checkcast {reexecute=0 rethrow=0 return_oop=0}
                      ; - com.android.tools.r8.internal.vM$$Lambda$2690/0x00000190827108b8::apply@1
                      ; - com.android.tools.r8.utils.structural.b::a@48 (line 16)
                      ; - com.android.tools.r8.utils.structural.z::a@16 (line 5)
                      ; - com.android.tools.r8.utils.structural.z::h@8 (line 1)
                      ; - com.android.tools.r8.internal.vM::a@30 (line 6)
                      ; - com.android.tools.r8.internal.vM$b::b@1 (line 1)
                      ; - com.android.tools.r8.internal.vM$b$$Lambda$2753/0x000001908276c180::a@1
                      ; - com.android.tools.r8.internal.vM$b::c@12 (line 2)
                      ; - com.android.tools.r8.internal.vM$b$$Lambda$2750/0x000001908276bd40::a@1
  0x00000190e6cd6318: e405 5bfe | bade ffff | ff41 8bea 

  0x00000190e6cd6324: ;   {runtime_call UncommonTrapBlob}
  0x00000190e6cd6324: 6666 90e8 

  0x00000190e6cd6328: ; ImmutableOopMap {rbp=NarrowOop }
                      ;*checkcast {reexecute=0 rethrow=0 return_oop=0}
                      ; - com.android.tools.r8.internal.vM$$Lambda$2690/0x00000190827108b8::apply@1
                      ; - com.android.tools.r8.utils.structural.b::a@57 (line 16)
                      ; - com.android.tools.r8.utils.structural.z::a@16 (line 5)
                      ; - com.android.tools.r8.utils.structural.z::h@8 (line 1)
                      ; - com.android.tools.r8.internal.vM::a@30 (line 6)
                      ; - com.android.tools.r8.internal.vM$b::b@1 (line 1)
                      ; - com.android.tools.r8.internal.vM$b$$Lambda$2753/0x000001908276c180::a@1
                      ; - com.android.tools.r8.internal.vM$b::c@12 (line 2)
                      ; - com.android.tools.r8.internal.vM$b$$Lambda$2750/0x000001908276bd40::a@1
  0x00000190e6cd6328: d405 5bfe | bade ffff | ff44 894c | 2410 894c 

  0x00000190e6cd6338: ;   {runtime_call UncommonTrapBlob}
  0x00000190e6cd6338: 2414 90e8 

  0x00000190e6cd633c: ; ImmutableOopMap {rbp=NarrowOop [0]=Oop [16]=NarrowOop [20]=NarrowOop }
                      ;*invokevirtual a {reexecute=0 rethrow=0 return_oop=0}
                      ; - com.android.tools.r8.graph.D2::a@6 (line 2)
                      ; - com.android.tools.r8.utils.structural.z$$Lambda$2688/0x0000019082710488::a@9
                      ; - com.android.tools.r8.utils.structural.b::a@70 (line 16)
                      ; - com.android.tools.r8.utils.structural.z::a@16 (line 5)
                      ; - com.android.tools.r8.utils.structural.z::h@8 (line 1)
                      ; - com.android.tools.r8.internal.vM$b::c@25 (line 4)
                      ; - com.android.tools.r8.internal.vM$b$$Lambda$2750/0x000001908276bd40::a@1
  0x00000190e6cd633c: c005 5bfe | bae4 ffff | ff89 4c24 | 1044 895c 

  0x00000190e6cd634c: ;   {runtime_call UncommonTrapBlob}
  0x00000190e6cd634c: 2418 90e8 

  0x00000190e6cd6350: ; ImmutableOopMap {rbp=NarrowOop [0]=Oop [16]=NarrowOop [24]=NarrowOop }
                      ;*baload {reexecute=0 rethrow=0 return_oop=0}
                      ; - com.android.tools.r8.graph.D2::a@9 (line 62)
                      ; - com.android.tools.r8.utils.structural.c::a@2 (line 12)
                      ; - com.android.tools.r8.graph.D2::a@6 (line 2)
                      ; - com.android.tools.r8.utils.structural.z$$Lambda$2688/0x0000019082710488::a@9
                      ; - com.android.tools.r8.utils.structural.b::a@70 (line 16)
                      ; - com.android.tools.r8.utils.structural.z::a@16 (line 5)
                      ; - com.android.tools.r8.utils.structural.z::h@8 (line 1)
                      ; - com.android.tools.r8.internal.vM$b::c@25 (line 4)
                      ; - com.android.tools.r8.internal.vM$b$$Lambda$2750/0x000001908276bd40::a@1
  0x00000190e6cd6350: ac05 5bfe | bae4 ffff | ff89 4c24 | 1044 895c | 2414 895c | 2420 4489 

  0x00000190e6cd6368: ;   {runtime_call UncommonTrapBlob}
  0x00000190e6cd6368: 4c24 24e8 

  0x00000190e6cd636c: ; ImmutableOopMap {rbp=NarrowOop [0]=Oop [16]=NarrowOop [20]=NarrowOop [36]=NarrowOop }
                      ;*baload {reexecute=0 rethrow=0 return_oop=0}
                      ; - com.android.tools.r8.graph.D2::a@26 (line 63)
                      ; - com.android.tools.r8.utils.structural.c::a@2 (line 12)
                      ; - com.android.tools.r8.graph.D2::a@6 (line 2)
                      ; - com.android.tools.r8.utils.structural.z$$Lambda$2688/0x0000019082710488::a@9
                      ; - com.android.tools.r8.utils.structural.b::a@70 (line 16)
                      ; - com.android.tools.r8.utils.structural.z::a@16 (line 5)
                      ; - com.android.tools.r8.utils.structural.z::h@8 (line 1)
                      ; - com.android.tools.r8.internal.vM$b::c@25 (line 4)
                      ; - com.android.tools.r8.internal.vM$b$$Lambda$2750/0x000001908276bd40::a@1
  0x00000190e6cd636c: 9005 5bfe | bac6 ffff | ff4c 8904 

  0x00000190e6cd6378: ;   {runtime_call UncommonTrapBlob}
  0x00000190e6cd6378: 2466 90e8 

  0x00000190e6cd637c: ; ImmutableOopMap {[0]=Oop }
                      ;*invokevirtual a {reexecute=0 rethrow=0 return_oop=0}
                      ; - com.android.tools.r8.internal.vM::a@6 (line 3)
                      ; - com.android.tools.r8.internal.vM$b::b@1 (line 1)
                      ; - com.android.tools.r8.internal.vM$b$$Lambda$2753/0x000001908276c180::a@1
                      ; - com.android.tools.r8.internal.vM$b::c@12 (line 2)
                      ; - com.android.tools.r8.internal.vM$b$$Lambda$2750/0x000001908276bd40::a@1
  0x00000190e6cd637c: 8005 5bfe | bade ffff | ff41 8bea 

  0x00000190e6cd6388: ;   {runtime_call UncommonTrapBlob}
  0x00000190e6cd6388: 6666 90e8 

  0x00000190e6cd638c: ; ImmutableOopMap {rbp=NarrowOop }
                      ;*checkcast {reexecute=0 rethrow=0 return_oop=0}
                      ; - com.android.tools.r8.internal.vM$$Lambda$2684/0x000001908270fbb0::applyAsInt@1
                      ; - com.android.tools.r8.utils.structural.l::a@6 (line 7)
                      ; - com.android.tools.r8.internal.vM::a@6 (line 3)
                      ; - com.android.tools.r8.internal.vM$b::b@1 (line 1)
                      ; - com.android.tools.r8.internal.vM$b$$Lambda$2753/0x000001908276c180::a@1
                      ; - com.android.tools.r8.internal.vM$b::c@12 (line 2)
                      ; - com.android.tools.r8.internal.vM$b$$Lambda$2750/0x000001908276bd40::a@1
  0x00000190e6cd638c: 7005 5bfe | bac6 ffff | ff4c 8904 

  0x00000190e6cd6398: ;   {runtime_call UncommonTrapBlob}
  0x00000190e6cd6398: 2466 90e8 

  0x00000190e6cd639c: ; ImmutableOopMap {[0]=Oop }
                      ;*invokevirtual a {reexecute=0 rethrow=0 return_oop=0}
                      ; - com.android.tools.r8.internal.vM::a@14 (line 4)
                      ; - com.android.tools.r8.internal.vM$b::b@1 (line 1)
                      ; - com.android.tools.r8.internal.vM$b$$Lambda$2753/0x000001908276c180::a@1
                      ; - com.android.tools.r8.internal.vM$b::c@12 (line 2)
                      ; - com.android.tools.r8.internal.vM$b$$Lambda$2750/0x000001908276bd40::a@1
  0x00000190e6cd639c: 6005 5bfe | bade ffff 

  0x00000190e6cd63a4: ;   {runtime_call UncommonTrapBlob}
  0x00000190e6cd63a4: ff8b efe8 

  0x00000190e6cd63a8: ; ImmutableOopMap {rbp=NarrowOop }
                      ;*checkcast {reexecute=0 rethrow=0 return_oop=0}
                      ; - com.android.tools.r8.internal.vM$$Lambda$2685/0x000001908270fdc8::applyAsInt@1
                      ; - com.android.tools.r8.utils.structural.l::a@6 (line 7)
                      ; - com.android.tools.r8.internal.vM::a@14 (line 4)
                      ; - com.android.tools.r8.internal.vM$b::b@1 (line 1)
                      ; - com.android.tools.r8.internal.vM$b$$Lambda$2753/0x000001908276c180::a@1
                      ; - com.android.tools.r8.internal.vM$b::c@12 (line 2)
                      ; - com.android.tools.r8.internal.vM$b$$Lambda$2750/0x000001908276bd40::a@1
  0x00000190e6cd63a8: 5405 5bfe | bac6 ffff | ff4c 8904 

  0x00000190e6cd63b4: ;   {runtime_call UncommonTrapBlob}
  0x00000190e6cd63b4: 2466 90e8 

  0x00000190e6cd63b8: ; ImmutableOopMap {[0]=Oop }
                      ;*invokevirtual b {reexecute=0 rethrow=0 return_oop=0}
                      ; - com.android.tools.r8.internal.vM::a@38 (line 7)
                      ; - com.android.tools.r8.internal.vM$b::b@1 (line 1)
                      ; - com.android.tools.r8.internal.vM$b$$Lambda$2753/0x000001908276c180::a@1
                      ; - com.android.tools.r8.internal.vM$b::c@12 (line 2)
                      ; - com.android.tools.r8.internal.vM$b$$Lambda$2750/0x000001908276bd40::a@1
  0x00000190e6cd63b8: 4405 5bfe | bade ffff | ff41 8beb 

  0x00000190e6cd63c4: ;   {runtime_call UncommonTrapBlob}
  0x00000190e6cd63c4: 6666 90e8 

  0x00000190e6cd63c8: ; ImmutableOopMap {rbp=NarrowOop }
                      ;*checkcast {reexecute=0 rethrow=0 return_oop=0}
                      ; - com.android.tools.r8.internal.vM$$Lambda$2691/0x0000019082710af0::test@1
                      ; - com.android.tools.r8.utils.structural.l::b@6 (line 1)
                      ; - com.android.tools.r8.internal.vM::a@38 (line 7)
                      ; - com.android.tools.r8.internal.vM$b::b@1 (line 1)
                      ; - com.android.tools.r8.internal.vM$b$$Lambda$2753/0x000001908276c180::a@1
                      ; - com.android.tools.r8.internal.vM$b::c@12 (line 2)
                      ; - com.android.tools.r8.internal.vM$b$$Lambda$2750/0x000001908276bd40::a@1
  0x00000190e6cd63c8: 3405 5bfe | bac6 ffff | ff4c 8904 

  0x00000190e6cd63d4: ;   {runtime_call UncommonTrapBlob}
  0x00000190e6cd63d4: 2466 90e8 

  0x00000190e6cd63d8: ; ImmutableOopMap {[0]=Oop }
                      ;*invokevirtual b {reexecute=0 rethrow=0 return_oop=0}
                      ; - com.android.tools.r8.internal.vM::a@46 (line 8)
                      ; - com.android.tools.r8.internal.vM$b::b@1 (line 1)
                      ; - com.android.tools.r8.internal.vM$b$$Lambda$2753/0x000001908276c180::a@1
                      ; - com.android.tools.r8.internal.vM$b::c@12 (line 2)
                      ; - com.android.tools.r8.internal.vM$b$$Lambda$2750/0x000001908276bd40::a@1
  0x00000190e6cd63d8: 2405 5bfe | bade ffff | ff41 8beb 

  0x00000190e6cd63e4: ;   {runtime_call UncommonTrapBlob}
  0x00000190e6cd63e4: 6666 90e8 

  0x00000190e6cd63e8: ; ImmutableOopMap {rbp=NarrowOop }
                      ;*checkcast {reexecute=0 rethrow=0 return_oop=0}
                      ; - com.android.tools.r8.internal.vM$$Lambda$2692/0x0000019082710d38::test@1
                      ; - com.android.tools.r8.utils.structural.l::b@6 (line 1)
                      ; - com.android.tools.r8.internal.vM::a@46 (line 8)
                      ; - com.android.tools.r8.internal.vM$b::b@1 (line 1)
                      ; - com.android.tools.r8.internal.vM$b$$Lambda$2753/0x000001908276c180::a@1
                      ; - com.android.tools.r8.internal.vM$b::c@12 (line 2)
                      ; - com.android.tools.r8.internal.vM$b$$Lambda$2750/0x000001908276bd40::a@1
  0x00000190e6cd63e8: 1405 5bfe | 41b8 0100 | 0000 bae4 | ffff ff4c | 8954 2408 | 894c 2410 | 4489 5c24 | 1c44 8944 
  0x00000190e6cd6408: ;   {runtime_call UncommonTrapBlob}
  0x00000190e6cd6408: 2420 90e8 

  0x00000190e6cd640c: ; ImmutableOopMap {rbp=NarrowOop [8]=Oop [16]=NarrowOop [28]=NarrowOop }
                      ;*baload {reexecute=0 rethrow=0 return_oop=0}
                      ; - com.android.tools.r8.graph.D2::a@9 (line 62)
                      ; - com.android.tools.r8.utils.structural.c::a@2 (line 12)
                      ; - com.android.tools.r8.graph.D2::a@6 (line 2)
                      ; - com.android.tools.r8.utils.structural.z$$Lambda$2688/0x0000019082710488::a@9
                      ; - com.android.tools.r8.utils.structural.b::a@70 (line 16)
                      ; - com.android.tools.r8.utils.structural.z::a@16 (line 5)
                      ; - com.android.tools.r8.utils.structural.z::h@8 (line 1)
                      ; - com.android.tools.r8.internal.vM$b::c@25 (line 4)
                      ; - com.android.tools.r8.internal.vM$b$$Lambda$2750/0x000001908276bd40::a@1
  0x00000190e6cd640c: f004 5bfe | 33d2 41b8 | 0200 0000 | 443b c77d | d566 6690 | 443b c773 | cd49 63f0 | 410f b65c 
  0x00000190e6cd642c: 3310 453b | c50f 8315 | 0400 0041 | 0fb6 7431 | 103b de0f | 85a7 0100 | 0085 db0f | 84ee f9ff 
  0x00000190e6cd644c: ff41 ffc0 | 443b c77c | cbeb 9bba | f6ff ffff 

  0x00000190e6cd645c: ;   {runtime_call UncommonTrapBlob}
  0x00000190e6cd645c: 6666 90e8 

  0x00000190e6cd6460: ; ImmutableOopMap {}
                      ;*invokevirtual getClass {reexecute=0 rethrow=0 return_oop=0}
                      ; - com.android.tools.r8.utils.structural.b::a@35 (line 5)
                      ; - com.android.tools.r8.internal.vM::a@14 (line 4)
                      ; - com.android.tools.r8.internal.vM$b::b@1 (line 1)
                      ; - com.android.tools.r8.internal.vM$b$$Lambda$2753/0x000001908276c180::a@1
                      ; - com.android.tools.r8.internal.vM$b::c@12 (line 2)
                      ; - com.android.tools.r8.internal.vM$b$$Lambda$2750/0x000001908276bd40::a@1
  0x00000190e6cd6460: 9c04 5bfe | baf6 ffff 

  0x00000190e6cd6468: ;   {runtime_call UncommonTrapBlob}
  0x00000190e6cd6468: ff66 90e8 

  0x00000190e6cd646c: ; ImmutableOopMap {}
                      ;*invokevirtual getClass {reexecute=0 rethrow=0 return_oop=0}
                      ; - com.android.tools.r8.utils.structural.b::a@35 (line 5)
                      ; - com.android.tools.r8.internal.vM::a@6 (line 3)
                      ; - com.android.tools.r8.internal.vM$b::b@1 (line 1)
                      ; - com.android.tools.r8.internal.vM$b$$Lambda$2753/0x000001908276c180::a@1
                      ; - com.android.tools.r8.internal.vM$b::c@12 (line 2)
                      ; - com.android.tools.r8.internal.vM$b$$Lambda$2750/0x000001908276bd40::a@1
  0x00000190e6cd646c: 9004 5bfe | bade ffff 

  0x00000190e6cd6474: ;   {runtime_call UncommonTrapBlob}
  0x00000190e6cd6474: ff8b eee8 

  0x00000190e6cd6478: ; ImmutableOopMap {rbp=NarrowOop }
                      ;*checkcast {reexecute=0 rethrow=0 return_oop=0}
                      ; - com.android.tools.r8.internal.vM$$Lambda$2685/0x000001908270fdc8::applyAsInt@1
                      ; - com.android.tools.r8.utils.structural.b::a@18 (line 5)
                      ; - com.android.tools.r8.internal.vM::a@14 (line 4)
                      ; - com.android.tools.r8.internal.vM$b::b@1 (line 1)
                      ; - com.android.tools.r8.internal.vM$b$$Lambda$2753/0x000001908276c180::a@1
                      ; - com.android.tools.r8.internal.vM$b::c@12 (line 2)
                      ; - com.android.tools.r8.internal.vM$b$$Lambda$2750/0x000001908276bd40::a@1
  0x00000190e6cd6478: 8404 5bfe | bade ffff 

  0x00000190e6cd6480: ;   {runtime_call UncommonTrapBlob}
  0x00000190e6cd6480: ff8b e9e8 

  0x00000190e6cd6484: ; ImmutableOopMap {rbp=NarrowOop }
                      ;*checkcast {reexecute=0 rethrow=0 return_oop=0}
                      ; - com.android.tools.r8.internal.vM$$Lambda$2685/0x000001908270fdc8::applyAsInt@1
                      ; - com.android.tools.r8.utils.structural.b::a@29 (line 5)
                      ; - com.android.tools.r8.internal.vM::a@14 (line 4)
                      ; - com.android.tools.r8.internal.vM$b::b@1 (line 1)
                      ; - com.android.tools.r8.internal.vM$b$$Lambda$2753/0x000001908276c180::a@1
                      ; - com.android.tools.r8.internal.vM$b::c@12 (line 2)
                      ; - com.android.tools.r8.internal.vM$b$$Lambda$2750/0x000001908276bd40::a@1
  0x00000190e6cd6484: 7804 5bfe | bade ffff 

  0x00000190e6cd648c: ;   {runtime_call UncommonTrapBlob}
  0x00000190e6cd648c: ff66 90e8 

  0x00000190e6cd6490: ; ImmutableOopMap {rbp=NarrowOop }
                      ;*checkcast {reexecute=0 rethrow=0 return_oop=0}
                      ; - com.android.tools.r8.internal.vM$$Lambda$2684/0x000001908270fbb0::applyAsInt@1
                      ; - com.android.tools.r8.utils.structural.b::a@18 (line 5)
                      ; - com.android.tools.r8.internal.vM::a@6 (line 3)
                      ; - com.android.tools.r8.internal.vM$b::b@1 (line 1)
                      ; - com.android.tools.r8.internal.vM$b$$Lambda$2753/0x000001908276c180::a@1
                      ; - com.android.tools.r8.internal.vM$b::c@12 (line 2)
                      ; - com.android.tools.r8.internal.vM$b$$Lambda$2750/0x000001908276bd40::a@1
  0x00000190e6cd6490: 6c04 5bfe | bade ffff 

  0x00000190e6cd6498: ;   {runtime_call UncommonTrapBlob}
  0x00000190e6cd6498: ff66 90e8 

  0x00000190e6cd649c: ; ImmutableOopMap {rbp=NarrowOop }
                      ;*checkcast {reexecute=0 rethrow=0 return_oop=0}
                      ; - com.android.tools.r8.internal.vM$$Lambda$2684/0x000001908270fbb0::applyAsInt@1
                      ; - com.android.tools.r8.utils.structural.b::a@29 (line 5)
                      ; - com.android.tools.r8.internal.vM::a@6 (line 3)
                      ; - com.android.tools.r8.internal.vM$b::b@1 (line 1)
                      ; - com.android.tools.r8.internal.vM$b$$Lambda$2753/0x000001908276c180::a@1
                      ; - com.android.tools.r8.internal.vM$b::c@12 (line 2)
                      ; - com.android.tools.r8.internal.vM$b$$Lambda$2750/0x000001908276bd40::a@1
  0x00000190e6cd649c: 6004 5bfe | baf6 ffff 

  0x00000190e6cd64a4: ;   {runtime_call UncommonTrapBlob}
  0x00000190e6cd64a4: ff66 90e8 

  0x00000190e6cd64a8: ; ImmutableOopMap {}
                      ;*invokevirtual getClass {reexecute=0 rethrow=0 return_oop=0}
                      ; - com.android.tools.r8.utils.structural.b::b@35 (line 2)
                      ; - com.android.tools.r8.internal.vM::a@46 (line 8)
                      ; - com.android.tools.r8.internal.vM$b::b@1 (line 1)
                      ; - com.android.tools.r8.internal.vM$b$$Lambda$2753/0x000001908276c180::a@1
                      ; - com.android.tools.r8.internal.vM$b::c@12 (line 2)
                      ; - com.android.tools.r8.internal.vM$b$$Lambda$2750/0x000001908276bd40::a@1
  0x00000190e6cd64a8: 5404 5bfe | baf6 ffff 

  0x00000190e6cd64b0: ;   {runtime_call UncommonTrapBlob}
  0x00000190e6cd64b0: ff66 90e8 

  0x00000190e6cd64b4: ; ImmutableOopMap {}
                      ;*invokevirtual getClass {reexecute=0 rethrow=0 return_oop=0}
                      ; - com.android.tools.r8.utils.structural.b::b@35 (line 2)
                      ; - com.android.tools.r8.internal.vM::a@38 (line 7)
                      ; - com.android.tools.r8.internal.vM$b::b@1 (line 1)
                      ; - com.android.tools.r8.internal.vM$b$$Lambda$2753/0x000001908276c180::a@1
                      ; - com.android.tools.r8.internal.vM$b::c@12 (line 2)
                      ; - com.android.tools.r8.internal.vM$b$$Lambda$2750/0x000001908276bd40::a@1
  0x00000190e6cd64b4: 4804 5bfe | bade ffff 

  0x00000190e6cd64bc: ;   {runtime_call UncommonTrapBlob}
  0x00000190e6cd64bc: ff8b efe8 

  0x00000190e6cd64c0: ; ImmutableOopMap {rbp=NarrowOop }
                      ;*checkcast {reexecute=0 rethrow=0 return_oop=0}
                      ; - com.android.tools.r8.internal.vM$$Lambda$2692/0x0000019082710d38::test@1
                      ; - com.android.tools.r8.utils.structural.b::b@18 (line 2)
                      ; - com.android.tools.r8.internal.vM::a@46 (line 8)
                      ; - com.android.tools.r8.internal.vM$b::b@1 (line 1)
                      ; - com.android.tools.r8.internal.vM$b$$Lambda$2753/0x000001908276c180::a@1
                      ; - com.android.tools.r8.internal.vM$b::c@12 (line 2)
                      ; - com.android.tools.r8.internal.vM$b$$Lambda$2750/0x000001908276bd40::a@1
  0x00000190e6cd64c0: 3c04 5bfe | bade ffff 

  0x00000190e6cd64c8: ;   {runtime_call UncommonTrapBlob}
  0x00000190e6cd64c8: ff8b e8e8 

  0x00000190e6cd64cc: ; ImmutableOopMap {rbp=NarrowOop }
                      ;*checkcast {reexecute=0 rethrow=0 return_oop=0}
                      ; - com.android.tools.r8.internal.vM$$Lambda$2692/0x0000019082710d38::test@1
                      ; - com.android.tools.r8.utils.structural.b::b@29 (line 2)
                      ; - com.android.tools.r8.internal.vM::a@46 (line 8)
                      ; - com.android.tools.r8.internal.vM$b::b@1 (line 1)
                      ; - com.android.tools.r8.internal.vM$b$$Lambda$2753/0x000001908276c180::a@1
                      ; - com.android.tools.r8.internal.vM$b::c@12 (line 2)
                      ; - com.android.tools.r8.internal.vM$b$$Lambda$2750/0x000001908276bd40::a@1
  0x00000190e6cd64cc: 3004 5bfe | bade ffff 

  0x00000190e6cd64d4: ;   {runtime_call UncommonTrapBlob}
  0x00000190e6cd64d4: ff8b efe8 

  0x00000190e6cd64d8: ; ImmutableOopMap {rbp=NarrowOop }
                      ;*checkcast {reexecute=0 rethrow=0 return_oop=0}
                      ; - com.android.tools.r8.internal.vM$$Lambda$2691/0x0000019082710af0::test@1
                      ; - com.android.tools.r8.utils.structural.b::b@18 (line 2)
                      ; - com.android.tools.r8.internal.vM::a@38 (line 7)
                      ; - com.android.tools.r8.internal.vM$b::b@1 (line 1)
                      ; - com.android.tools.r8.internal.vM$b$$Lambda$2753/0x000001908276c180::a@1
                      ; - com.android.tools.r8.internal.vM$b::c@12 (line 2)
                      ; - com.android.tools.r8.internal.vM$b$$Lambda$2750/0x000001908276bd40::a@1
  0x00000190e6cd64d8: 2404 5bfe | bade ffff 

  0x00000190e6cd64e0: ;   {runtime_call UncommonTrapBlob}
  0x00000190e6cd64e0: ff8b e8e8 

  0x00000190e6cd64e4: ; ImmutableOopMap {rbp=NarrowOop }
                      ;*checkcast {reexecute=0 rethrow=0 return_oop=0}
                      ; - com.android.tools.r8.internal.vM$$Lambda$2691/0x0000019082710af0::test@1
                      ; - com.android.tools.r8.utils.structural.b::b@29 (line 2)
                      ; - com.android.tools.r8.internal.vM::a@38 (line 7)
                      ; - com.android.tools.r8.internal.vM$b::b@1 (line 1)
                      ; - com.android.tools.r8.internal.vM$b$$Lambda$2753/0x000001908276c180::a@1
                      ; - com.android.tools.r8.internal.vM$b::c@12 (line 2)
                      ; - com.android.tools.r8.internal.vM$b$$Lambda$2750/0x000001908276bd40::a@1
  0x00000190e6cd64e4: 1804 5bfe | 4c89 0424 | 4889 5424 | 08ba c6ff 

  0x00000190e6cd64f4: ;   {runtime_call UncommonTrapBlob}
  0x00000190e6cd64f4: ffff 90e8 

  0x00000190e6cd64f8: ; ImmutableOopMap {[0]=Oop [8]=Oop }
                      ;*invokevirtual a {reexecute=0 rethrow=0 return_oop=0}
                      ; - com.android.tools.r8.utils.structural.z::a@16 (line 5)
                      ; - com.android.tools.r8.utils.structural.z::h@8 (line 1)
                      ; - com.android.tools.r8.internal.vM::a@22 (line 5)
                      ; - com.android.tools.r8.internal.vM$b::b@1 (line 1)
                      ; - com.android.tools.r8.internal.vM$b$$Lambda$2753/0x000001908276c180::a@1
                      ; - com.android.tools.r8.internal.vM$b::c@12 (line 2)
                      ; - com.android.tools.r8.internal.vM$b$$Lambda$2750/0x000001908276bd40::a@1
  0x00000190e6cd64f8: 0404 5bfe | 4c89 0424 | 4889 5424 | 08ba c6ff 

  0x00000190e6cd6508: ;   {runtime_call UncommonTrapBlob}
  0x00000190e6cd6508: ffff 90e8 

  0x00000190e6cd650c: ; ImmutableOopMap {[0]=Oop [8]=Oop }
                      ;*invokevirtual a {reexecute=0 rethrow=0 return_oop=0}
                      ; - com.android.tools.r8.utils.structural.z::a@16 (line 5)
                      ; - com.android.tools.r8.utils.structural.z::h@8 (line 1)
                      ; - com.android.tools.r8.internal.vM::a@30 (line 6)
                      ; - com.android.tools.r8.internal.vM$b::b@1 (line 1)
                      ; - com.android.tools.r8.internal.vM$b$$Lambda$2753/0x000001908276c180::a@1
                      ; - com.android.tools.r8.internal.vM$b::c@12 (line 2)
                      ; - com.android.tools.r8.internal.vM$b$$Lambda$2750/0x000001908276bd40::a@1
  0x00000190e6cd650c: f003 5bfe | 498b e848 | 8914 24ba | c6ff ffff 

  0x00000190e6cd651c: ;   {runtime_call UncommonTrapBlob}
  0x00000190e6cd651c: 6666 90e8 

  0x00000190e6cd6520: ; ImmutableOopMap {rbp=Oop [0]=Oop }
                      ;*invokevirtual a {reexecute=0 rethrow=0 return_oop=0}
                      ; - com.android.tools.r8.utils.structural.z::a@16 (line 5)
                      ; - com.android.tools.r8.utils.structural.z::h@8 (line 1)
                      ; - com.android.tools.r8.internal.vM$b::c@25 (line 4)
                      ; - com.android.tools.r8.internal.vM$b$$Lambda$2750/0x000001908276bd40::a@1
  0x00000190e6cd6520: dc03 5bfe | baf6 ffff 

  0x00000190e6cd6528: ;   {runtime_call UncommonTrapBlob}
  0x00000190e6cd6528: ff66 90e8 

  0x00000190e6cd652c: ; ImmutableOopMap {}
                      ;*invokevirtual hashCode {reexecute=0 rethrow=0 return_oop=0}
                      ; - com.android.tools.r8.utils.structural.l::a@24 (line 10)
                      ; - com.android.tools.r8.utils.structural.z::a@16 (line 5)
                      ; - com.android.tools.r8.utils.structural.z::h@8 (line 1)
                      ; - com.android.tools.r8.internal.vM::a@22 (line 5)
                      ; - com.android.tools.r8.internal.vM$b::b@1 (line 1)
                      ; - com.android.tools.r8.internal.vM$b$$Lambda$2753/0x000001908276c180::a@1
                      ; - com.android.tools.r8.internal.vM$b::c@12 (line 2)
                      ; - com.android.tools.r8.internal.vM$b$$Lambda$2750/0x000001908276bd40::a@1
  0x00000190e6cd652c: d003 5bfe | baf6 ffff 

  0x00000190e6cd6534: ;   {runtime_call UncommonTrapBlob}
  0x00000190e6cd6534: ff66 90e8 

  0x00000190e6cd6538: ; ImmutableOopMap {}
                      ;*invokevirtual hashCode {reexecute=0 rethrow=0 return_oop=0}
                      ; - com.android.tools.r8.utils.structural.l::a@24 (line 10)
                      ; - com.android.tools.r8.utils.structural.z::a@16 (line 5)
                      ; - com.android.tools.r8.utils.structural.z::h@8 (line 1)
                      ; - com.android.tools.r8.internal.vM$b::c@25 (line 4)
                      ; - com.android.tools.r8.internal.vM$b$$Lambda$2750/0x000001908276bd40::a@1
  0x00000190e6cd6538: c403 5bfe | bade ffff 

  0x00000190e6cd6540: ;   {runtime_call UncommonTrapBlob}
  0x00000190e6cd6540: ff66 90e8 

  0x00000190e6cd6544: ; ImmutableOopMap {rbp=NarrowOop }
                      ;*checkcast {reexecute=0 rethrow=0 return_oop=0}
                      ; - com.android.tools.r8.internal.vM$$Lambda$2686/0x0000019082710000::apply@1
                      ; - com.android.tools.r8.utils.structural.l::a@19 (line 10)
                      ; - com.android.tools.r8.utils.structural.z::a@16 (line 5)
                      ; - com.android.tools.r8.utils.structural.z::h@8 (line 1)
                      ; - com.android.tools.r8.internal.vM::a@22 (line 5)
                      ; - com.android.tools.r8.internal.vM$b::b@1 (line 1)
                      ; - com.android.tools.r8.internal.vM$b$$Lambda$2753/0x000001908276c180::a@1
                      ; - com.android.tools.r8.internal.vM$b::c@12 (line 2)
                      ; - com.android.tools.r8.internal.vM$b$$Lambda$2750/0x000001908276bd40::a@1
  0x00000190e6cd6544: b803 5bfe | bade ffff 

  0x00000190e6cd654c: ;   {runtime_call UncommonTrapBlob}
  0x00000190e6cd654c: ff66 90e8 

  0x00000190e6cd6550: ; ImmutableOopMap {rbp=NarrowOop }
                      ;*checkcast {reexecute=0 rethrow=0 return_oop=0}
                      ; - com.android.tools.r8.internal.vM$$Lambda$2690/0x00000190827108b8::apply@1
                      ; - com.android.tools.r8.utils.structural.l::a@19 (line 10)
                      ; - com.android.tools.r8.utils.structural.z::a@16 (line 5)
                      ; - com.android.tools.r8.utils.structural.z::h@8 (line 1)
                      ; - com.android.tools.r8.internal.vM::a@30 (line 6)
                      ; - com.android.tools.r8.internal.vM$b::b@1 (line 1)
                      ; - com.android.tools.r8.internal.vM$b$$Lambda$2753/0x000001908276c180::a@1
                      ; - com.android.tools.r8.internal.vM$b::c@12 (line 2)
                      ; - com.android.tools.r8.internal.vM$b$$Lambda$2750/0x000001908276bd40::a@1
  0x00000190e6cd6550: ac03 5bfe | bade ffff 

  0x00000190e6cd6558: ;   {runtime_call UncommonTrapBlob}
  0x00000190e6cd6558: ff66 90e8 

  0x00000190e6cd655c: ; ImmutableOopMap {rbp=NarrowOop }
                      ;*checkcast {reexecute=0 rethrow=0 return_oop=0}
                      ; - com.android.tools.r8.internal.vM$$Lambda$2684/0x000001908270fbb0::applyAsInt@1
                      ; - com.android.tools.r8.utils.structural.l::a@6 (line 7)
                      ; - com.android.tools.r8.internal.vM::a@6 (line 3)
                      ; - com.android.tools.r8.internal.vM$b::b@1 (line 1)
                      ; - com.android.tools.r8.internal.vM$b$$Lambda$2753/0x000001908276c180::a@1
                      ; - com.android.tools.r8.internal.vM$b::c@12 (line 2)
                      ; - com.android.tools.r8.internal.vM$b$$Lambda$2750/0x000001908276bd40::a@1
                      ; - com.android.tools.r8.utils.structural.l::a@11 (line 3)
                      ; - com.android.tools.r8.internal.vM::hashCode@11 (line 2)
                      ; - com.android.tools.r8.utils.structural.l::a@24 (line 10)
                      ; - com.android.tools.r8.utils.structural.z::a@16 (line 5)
                      ; - com.android.tools.r8.utils.structural.z::h@8 (line 1)
                      ; - com.android.tools.r8.internal.vM::a@30 (line 6)
                      ; - com.android.tools.r8.internal.vM$b::b@1 (line 1)
                      ; - com.android.tools.r8.internal.vM$b$$Lambda$2753/0x000001908276c180::a@1
                      ; - com.android.tools.r8.internal.vM$b::c@12 (line 2)
                      ; - com.android.tools.r8.internal.vM$b$$Lambda$2750/0x000001908276bd40::a@1
  0x00000190e6cd655c: a003 5bfe | bade ffff 

  0x00000190e6cd6564: ;   {runtime_call UncommonTrapBlob}
  0x00000190e6cd6564: ff66 90e8 

  0x00000190e6cd6568: ; ImmutableOopMap {rbp=NarrowOop }
                      ;*checkcast {reexecute=0 rethrow=0 return_oop=0}
                      ; - com.android.tools.r8.internal.vM$$Lambda$2685/0x000001908270fdc8::applyAsInt@1
                      ; - com.android.tools.r8.utils.structural.l::a@6 (line 7)
                      ; - com.android.tools.r8.internal.vM::a@14 (line 4)
                      ; - com.android.tools.r8.internal.vM$b::b@1 (line 1)
                      ; - com.android.tools.r8.internal.vM$b$$Lambda$2753/0x000001908276c180::a@1
                      ; - com.android.tools.r8.internal.vM$b::c@12 (line 2)
                      ; - com.android.tools.r8.internal.vM$b$$Lambda$2750/0x000001908276bd40::a@1
                      ; - com.android.tools.r8.utils.structural.l::a@11 (line 3)
                      ; - com.android.tools.r8.internal.vM::hashCode@11 (line 2)
                      ; - com.android.tools.r8.utils.structural.l::a@24 (line 10)
                      ; - com.android.tools.r8.utils.structural.z::a@16 (line 5)
                      ; - com.android.tools.r8.utils.structural.z::h@8 (line 1)
                      ; - com.android.tools.r8.internal.vM::a@30 (line 6)
                      ; - com.android.tools.r8.internal.vM$b::b@1 (line 1)
                      ; - com.android.tools.r8.internal.vM$b$$Lambda$2753/0x000001908276c180::a@1
                      ; - com.android.tools.r8.internal.vM$b::c@12 (line 2)
                      ; - com.android.tools.r8.internal.vM$b$$Lambda$2750/0x000001908276bd40::a@1
  0x00000190e6cd6568: 9403 5bfe | ba45 ffff | ff48 ff74 | 2408 488f | 0424 4889 | 4c24 0844 | 8954 2414 

  0x00000190e6cd6584: ;   {runtime_call UncommonTrapBlob}
  0x00000190e6cd6584: 6666 90e8 

  0x00000190e6cd6588: ; ImmutableOopMap {[0]=Oop [8]=Oop }
                      ;*ifeq {reexecute=1 rethrow=0 return_oop=0}
                      ; - (reexecute) com.android.tools.r8.utils.structural.b::a@35 (line 14)
                      ; - com.android.tools.r8.utils.structural.z::a@16 (line 5)
                      ; - com.android.tools.r8.utils.structural.z::h@8 (line 1)
                      ; - com.android.tools.r8.internal.vM::a@22 (line 5)
                      ; - com.android.tools.r8.internal.vM$b::b@1 (line 1)
                      ; - com.android.tools.r8.internal.vM$b$$Lambda$2753/0x000001908276c180::a@1
                      ; - com.android.tools.r8.internal.vM$b::c@12 (line 2)
                      ; - com.android.tools.r8.internal.vM$b$$Lambda$2750/0x000001908276bd40::a@1
  0x00000190e6cd6588: 7403 5bfe | ba45 ffff | ff48 8b6c | 2408 4889 | 0c24 4489 

  0x00000190e6cd659c: ;   {runtime_call UncommonTrapBlob}
  0x00000190e6cd659c: 4424 10e8 

  0x00000190e6cd65a0: ; ImmutableOopMap {rbp=Oop [0]=Oop }
                      ;*ifeq {reexecute=1 rethrow=0 return_oop=0}
                      ; - (reexecute) com.android.tools.r8.utils.structural.b::a@35 (line 14)
                      ; - com.android.tools.r8.utils.structural.z::a@16 (line 5)
                      ; - com.android.tools.r8.utils.structural.z::h@8 (line 1)
                      ; - com.android.tools.r8.internal.vM::a@30 (line 6)
                      ; - com.android.tools.r8.internal.vM$b::b@1 (line 1)
                      ; - com.android.tools.r8.internal.vM$b$$Lambda$2753/0x000001908276c180::a@1
                      ; - com.android.tools.r8.internal.vM$b::c@12 (line 2)
                      ; - com.android.tools.r8.internal.vM$b$$Lambda$2750/0x000001908276bd40::a@1
  0x00000190e6cd65a0: 5c03 5bfe | ba45 ffff | ff44 8944 

  0x00000190e6cd65ac: ;   {runtime_call UncommonTrapBlob}
  0x00000190e6cd65ac: 240c 90e8 

  0x00000190e6cd65b0: ; ImmutableOopMap {[0]=Oop }
                      ;*ifeq {reexecute=1 rethrow=0 return_oop=0}
                      ; - (reexecute) com.android.tools.r8.utils.structural.b::a@35 (line 14)
                      ; - com.android.tools.r8.utils.structural.z::a@16 (line 5)
                      ; - com.android.tools.r8.utils.structural.z::h@8 (line 1)
                      ; - com.android.tools.r8.internal.vM$b::c@25 (line 4)
                      ; - com.android.tools.r8.internal.vM$b$$Lambda$2750/0x000001908276bd40::a@1
  0x00000190e6cd65b0: 4c03 5bfe | baf6 ffff 

  0x00000190e6cd65b8: ;   {runtime_call UncommonTrapBlob}
  0x00000190e6cd65b8: ff66 90e8 

  0x00000190e6cd65bc: ; ImmutableOopMap {}
                      ;*invokevirtual hashCode {reexecute=0 rethrow=0 return_oop=0}
                      ; - com.android.tools.r8.utils.structural.l::a@24 (line 10)
                      ; - com.android.tools.r8.utils.structural.z::a@16 (line 5)
                      ; - com.android.tools.r8.utils.structural.z::h@8 (line 1)
                      ; - com.android.tools.r8.internal.vM$b::c@25 (line 4)
                      ; - com.android.tools.r8.internal.vM$b$$Lambda$2750/0x000001908276bd40::a@1
                      ; - com.android.tools.r8.utils.structural.l::a@11 (line 3)
                      ; - com.android.tools.r8.internal.vM::hashCode@11 (line 2)
                      ; - com.android.tools.r8.utils.structural.l::a@24 (line 10)
                      ; - com.android.tools.r8.utils.structural.z::a@16 (line 5)
                      ; - com.android.tools.r8.utils.structural.z::h@8 (line 1)
                      ; - com.android.tools.r8.internal.vM::a@30 (line 6)
                      ; - com.android.tools.r8.internal.vM$b::b@1 (line 1)
                      ; - com.android.tools.r8.internal.vM$b$$Lambda$2753/0x000001908276c180::a@1
                      ; - com.android.tools.r8.internal.vM$b::c@12 (line 2)
                      ; - com.android.tools.r8.internal.vM$b$$Lambda$2750/0x000001908276bd40::a@1
  0x00000190e6cd65bc: 4003 5bfe | ba45 ffff | ff48 8b6c | 2408 4c8b | 5424 104c | 8954 2408 | 4489 5c24 | 1489 4424 
  0x00000190e6cd65dc: 184c 8b54 | 2428 4c89 

  0x00000190e6cd65e4: ;   {runtime_call UncommonTrapBlob}
  0x00000190e6cd65e4: 5424 20e8 

  0x00000190e6cd65e8: ; ImmutableOopMap {rbp=Oop [8]=Oop [32]=Oop [48]=NarrowOop [52]=NarrowOop }
                      ;*ifeq {reexecute=1 rethrow=0 return_oop=0}
                      ; - (reexecute) com.android.tools.r8.utils.structural.b::a@35 (line 14)
                      ; - com.android.tools.r8.utils.structural.z::a@16 (line 5)
                      ; - com.android.tools.r8.utils.structural.z::c@7 (line 1)
                      ; - com.android.tools.r8.graph.s2::a@6 (line 5)
                      ; - com.android.tools.r8.graph.s2$$Lambda$2757/0x000001908276c800::a@1
                      ; - com.android.tools.r8.utils.structural.c::a@13 (line 34)
                      ; - com.android.tools.r8.utils.structural.a::a@8 (line 3)
                      ; - com.android.tools.r8.graph.s2::a@6 (line 2)
                      ; - com.android.tools.r8.utils.structural.z$$Lambda$2688/0x0000019082710488::a@9
                      ; - com.android.tools.r8.utils.structural.b::a@70 (line 16)
                      ; - com.android.tools.r8.utils.structural.z::a@16 (line 5)
                      ; - com.android.tools.r8.utils.structural.z::h@8 (line 1)
                      ; - com.android.tools.r8.internal.vM::a@22 (line 5)
                      ; - com.android.tools.r8.internal.vM$b::b@1 (line 1)
                      ; - com.android.tools.r8.internal.vM$b$$Lambda$2753/0x000001908276c180::a@1
                      ; - com.android.tools.r8.internal.vM$b::c@12 (line 2)
                      ; - com.android.tools.r8.internal.vM$b$$Lambda$2750/0x000001908276bd40::a@1
  0x00000190e6cd65e8: 1403 5bfe | 8bcb 2bce | 85db 0f85 | 19f8 ffff | 448b c1e9 | b5fa ffff | ba45 ffff | ff48 ff74 
  0x00000190e6cd6608: 2408 488f | 0424 4489 | 5c24 1c89 | 4424 2044 | 8b54 2430 | 4489 5424 

  0x00000190e6cd6620: ;   {runtime_call UncommonTrapBlob}
  0x00000190e6cd6620: 2466 90e8 

  0x00000190e6cd6624: ; ImmutableOopMap {[0]=Oop [16]=Oop [36]=NarrowOop [40]=Oop [52]=NarrowOop }
                      ;*ifeq {reexecute=1 rethrow=0 return_oop=0}
                      ; - (reexecute) com.android.tools.r8.utils.structural.b::a@35 (line 14)
                      ; - com.android.tools.r8.utils.structural.z::a@16 (line 5)
                      ; - com.android.tools.r8.utils.structural.z::c@7 (line 1)
                      ; - com.android.tools.r8.graph.s2::a@14 (line 5)
                      ; - com.android.tools.r8.graph.s2$$Lambda$2757/0x000001908276c800::a@1
                      ; - com.android.tools.r8.utils.structural.c::a@13 (line 34)
                      ; - com.android.tools.r8.utils.structural.a::a@8 (line 3)
                      ; - com.android.tools.r8.graph.s2::a@6 (line 2)
                      ; - com.android.tools.r8.utils.structural.z$$Lambda$2688/0x0000019082710488::a@9
                      ; - com.android.tools.r8.utils.structural.b::a@70 (line 16)
                      ; - com.android.tools.r8.utils.structural.z::a@16 (line 5)
                      ; - com.android.tools.r8.utils.structural.z::h@8 (line 1)
                      ; - com.android.tools.r8.internal.vM::a@22 (line 5)
                      ; - com.android.tools.r8.internal.vM$b::b@1 (line 1)
                      ; - com.android.tools.r8.internal.vM$b$$Lambda$2753/0x000001908276c180::a@1
                      ; - com.android.tools.r8.internal.vM$b::c@12 (line 2)
                      ; - com.android.tools.r8.internal.vM$b$$Lambda$2750/0x000001908276bd40::a@1
  0x00000190e6cd6624: d802 5bfe | baf6 ffff 

  0x00000190e6cd662c: ;   {runtime_call UncommonTrapBlob}
  0x00000190e6cd662c: ff66 90e8 

  0x00000190e6cd6630: ; ImmutableOopMap {}
                      ;*invokevirtual getClass {reexecute=0 rethrow=0 return_oop=0}
                      ; - com.android.tools.r8.utils.structural.b::a@89 (line 18)
                      ; - com.android.tools.r8.utils.structural.z::a@16 (line 5)
                      ; - com.android.tools.r8.utils.structural.z::h@8 (line 1)
                      ; - com.android.tools.r8.internal.vM::a@22 (line 5)
                      ; - com.android.tools.r8.internal.vM$b::b@1 (line 1)
                      ; - com.android.tools.r8.internal.vM$b$$Lambda$2753/0x000001908276c180::a@1
                      ; - com.android.tools.r8.internal.vM$b::c@12 (line 2)
                      ; - com.android.tools.r8.internal.vM$b$$Lambda$2750/0x000001908276bd40::a@1
  0x00000190e6cd6630: cc02 5bfe | baf6 ffff 

  0x00000190e6cd6638: ;   {runtime_call UncommonTrapBlob}
  0x00000190e6cd6638: ff66 90e8 

  0x00000190e6cd663c: ; ImmutableOopMap {}
                      ;*invokevirtual getClass {reexecute=0 rethrow=0 return_oop=0}
                      ; - com.android.tools.r8.utils.structural.b::a@89 (line 18)
                      ; - com.android.tools.r8.utils.structural.z::a@16 (line 5)
                      ; - com.android.tools.r8.utils.structural.z::h@8 (line 1)
                      ; - com.android.tools.r8.internal.vM::a@30 (line 6)
                      ; - com.android.tools.r8.internal.vM$b::b@1 (line 1)
                      ; - com.android.tools.r8.internal.vM$b$$Lambda$2753/0x000001908276c180::a@1
                      ; - com.android.tools.r8.internal.vM$b::c@12 (line 2)
                      ; - com.android.tools.r8.internal.vM$b$$Lambda$2750/0x000001908276bd40::a@1
  0x00000190e6cd663c: c002 5bfe | baf6 ffff 

  0x00000190e6cd6644: ;   {runtime_call UncommonTrapBlob}
  0x00000190e6cd6644: ff66 90e8 

  0x00000190e6cd6648: ; ImmutableOopMap {}
                      ;*invokevirtual getClass {reexecute=0 rethrow=0 return_oop=0}
                      ; - com.android.tools.r8.utils.structural.b::a@89 (line 18)
                      ; - com.android.tools.r8.utils.structural.z::a@16 (line 5)
                      ; - com.android.tools.r8.utils.structural.z::h@8 (line 1)
                      ; - com.android.tools.r8.internal.vM$b::c@25 (line 4)
                      ; - com.android.tools.r8.internal.vM$b$$Lambda$2750/0x000001908276bd40::a@1
  0x00000190e6cd6648: b402 5bfe | ba45 ffff | ff48 8b6c | 2408 4c8b | 5c24 284c | 895c 2418 | 8944 242c 

  0x00000190e6cd6664: ;   {runtime_call UncommonTrapBlob}
  0x00000190e6cd6664: 6666 90e8 

  0x00000190e6cd6668: ; ImmutableOopMap {rbp=Oop [16]=Oop [24]=Oop [48]=NarrowOop [52]=NarrowOop }
                      ;*ifeq {reexecute=1 rethrow=0 return_oop=0}
                      ; - (reexecute) com.android.tools.r8.utils.structural.b::a@35 (line 14)
                      ; - com.android.tools.r8.utils.structural.z::a@16 (line 5)
                      ; - com.android.tools.r8.utils.structural.z::c@7 (line 1)
                      ; - com.android.tools.r8.graph.s2::a@22 (line 5)
                      ; - com.android.tools.r8.graph.s2$$Lambda$2757/0x000001908276c800::a@1
                      ; - com.android.tools.r8.utils.structural.c::a@13 (line 34)
                      ; - com.android.tools.r8.utils.structural.a::a@8 (line 3)
                      ; - com.android.tools.r8.graph.s2::a@6 (line 2)
                      ; - com.android.tools.r8.utils.structural.z$$Lambda$2688/0x0000019082710488::a@9
                      ; - com.android.tools.r8.utils.structural.b::a@70 (line 16)
                      ; - com.android.tools.r8.utils.structural.z::a@16 (line 5)
                      ; - com.android.tools.r8.utils.structural.z::h@8 (line 1)
                      ; - com.android.tools.r8.internal.vM::a@22 (line 5)
                      ; - com.android.tools.r8.internal.vM$b::b@1 (line 1)
                      ; - com.android.tools.r8.internal.vM$b$$Lambda$2753/0x000001908276c180::a@1
                      ; - com.android.tools.r8.internal.vM$b::c@12 (line 2)
                      ; - com.android.tools.r8.internal.vM$b$$Lambda$2750/0x000001908276bd40::a@1
  0x00000190e6cd6668: 9402 5bfe | bac6 ffff | ff48 8b2c | 244c 8b54 | 2410 4c89 | 1424 4c8b | 5424 184c | 8954 2410 
  0x00000190e6cd6688: 4889 4424 

  0x00000190e6cd668c: ;   {runtime_call UncommonTrapBlob}
  0x00000190e6cd668c: 1866 90e8 

  0x00000190e6cd6690: ; ImmutableOopMap {rbp=Oop [0]=Oop [16]=Oop [24]=Oop }
                      ;*invokevirtual b {reexecute=0 rethrow=0 return_oop=0}
                      ; - com.android.tools.r8.internal.vM::a@38 (line 7)
                      ; - com.android.tools.r8.internal.vM$b::b@1 (line 1)
                      ; - com.android.tools.r8.internal.vM$b$$Lambda$2753/0x000001908276c180::a@1
                      ; - com.android.tools.r8.internal.vM$b::c@12 (line 2)
                      ; - com.android.tools.r8.internal.vM$b$$Lambda$2750/0x000001908276bd40::a@1
                      ; - com.android.tools.r8.utils.structural.l::a@11 (line 3)
                      ; - com.android.tools.r8.internal.vM::hashCode@11 (line 2)
                      ; - com.android.tools.r8.utils.structural.l::a@24 (line 10)
                      ; - com.android.tools.r8.utils.structural.z::a@16 (line 5)
                      ; - com.android.tools.r8.utils.structural.z::h@8 (line 1)
                      ; - com.android.tools.r8.internal.vM::a@30 (line 6)
                      ; - com.android.tools.r8.internal.vM$b::b@1 (line 1)
                      ; - com.android.tools.r8.internal.vM$b$$Lambda$2753/0x000001908276c180::a@1
                      ; - com.android.tools.r8.internal.vM$b::c@12 (line 2)
                      ; - com.android.tools.r8.internal.vM$b$$Lambda$2750/0x000001908276bd40::a@1
  0x00000190e6cd6690: 6c02 5bfe | bade ffff 

  0x00000190e6cd6698: ;   {runtime_call UncommonTrapBlob}
  0x00000190e6cd6698: ff66 90e8 

  0x00000190e6cd669c: ; ImmutableOopMap {rbp=NarrowOop }
                      ;*checkcast {reexecute=0 rethrow=0 return_oop=0}
                      ; - com.android.tools.r8.internal.vM$$Lambda$2691/0x0000019082710af0::test@1
                      ; - com.android.tools.r8.utils.structural.l::b@6 (line 1)
                      ; - com.android.tools.r8.internal.vM::a@38 (line 7)
                      ; - com.android.tools.r8.internal.vM$b::b@1 (line 1)
                      ; - com.android.tools.r8.internal.vM$b$$Lambda$2753/0x000001908276c180::a@1
                      ; - com.android.tools.r8.internal.vM$b::c@12 (line 2)
                      ; - com.android.tools.r8.internal.vM$b$$Lambda$2750/0x000001908276bd40::a@1
                      ; - com.android.tools.r8.utils.structural.l::a@11 (line 3)
                      ; - com.android.tools.r8.internal.vM::hashCode@11 (line 2)
                      ; - com.android.tools.r8.utils.structural.l::a@24 (line 10)
                      ; - com.android.tools.r8.utils.structural.z::a@16 (line 5)
                      ; - com.android.tools.r8.utils.structural.z::h@8 (line 1)
                      ; - com.android.tools.r8.internal.vM::a@30 (line 6)
                      ; - com.android.tools.r8.internal.vM$b::b@1 (line 1)
                      ; - com.android.tools.r8.internal.vM$b$$Lambda$2753/0x000001908276c180::a@1
                      ; - com.android.tools.r8.internal.vM$b::c@12 (line 2)
                      ; - com.android.tools.r8.internal.vM$b$$Lambda$2750/0x000001908276bd40::a@1
  0x00000190e6cd669c: 6002 5bfe | bac6 ffff | ff48 8b2c | 244c 8b54 | 2410 4c89 | 1424 4c8b | 5424 184c | 8954 2410 
  0x00000190e6cd66bc: 4889 4424 

  0x00000190e6cd66c0: ;   {runtime_call UncommonTrapBlob}
  0x00000190e6cd66c0: 1866 90e8 

  0x00000190e6cd66c4: ; ImmutableOopMap {rbp=Oop [0]=Oop [16]=Oop [24]=Oop }
                      ;*invokevirtual b {reexecute=0 rethrow=0 return_oop=0}
                      ; - com.android.tools.r8.internal.vM::a@46 (line 8)
                      ; - com.android.tools.r8.internal.vM$b::b@1 (line 1)
                      ; - com.android.tools.r8.internal.vM$b$$Lambda$2753/0x000001908276c180::a@1
                      ; - com.android.tools.r8.internal.vM$b::c@12 (line 2)
                      ; - com.android.tools.r8.internal.vM$b$$Lambda$2750/0x000001908276bd40::a@1
                      ; - com.android.tools.r8.utils.structural.l::a@11 (line 3)
                      ; - com.android.tools.r8.internal.vM::hashCode@11 (line 2)
                      ; - com.android.tools.r8.utils.structural.l::a@24 (line 10)
                      ; - com.android.tools.r8.utils.structural.z::a@16 (line 5)
                      ; - com.android.tools.r8.utils.structural.z::h@8 (line 1)
                      ; - com.android.tools.r8.internal.vM::a@30 (line 6)
                      ; - com.android.tools.r8.internal.vM$b::b@1 (line 1)
                      ; - com.android.tools.r8.internal.vM$b$$Lambda$2753/0x000001908276c180::a@1
                      ; - com.android.tools.r8.internal.vM$b::c@12 (line 2)
                      ; - com.android.tools.r8.internal.vM$b$$Lambda$2750/0x000001908276bd40::a@1
  0x00000190e6cd66c4: 3802 5bfe | bade ffff 

  0x00000190e6cd66cc: ;   {runtime_call UncommonTrapBlob}
  0x00000190e6cd66cc: ff66 90e8 

  0x00000190e6cd66d0: ; ImmutableOopMap {rbp=NarrowOop }
                      ;*checkcast {reexecute=0 rethrow=0 return_oop=0}
                      ; - com.android.tools.r8.internal.vM$$Lambda$2692/0x0000019082710d38::test@1
                      ; - com.android.tools.r8.utils.structural.l::b@6 (line 1)
                      ; - com.android.tools.r8.internal.vM::a@46 (line 8)
                      ; - com.android.tools.r8.internal.vM$b::b@1 (line 1)
                      ; - com.android.tools.r8.internal.vM$b$$Lambda$2753/0x000001908276c180::a@1
                      ; - com.android.tools.r8.internal.vM$b::c@12 (line 2)
                      ; - com.android.tools.r8.internal.vM$b$$Lambda$2750/0x000001908276bd40::a@1
                      ; - com.android.tools.r8.utils.structural.l::a@11 (line 3)
                      ; - com.android.tools.r8.internal.vM::hashCode@11 (line 2)
                      ; - com.android.tools.r8.utils.structural.l::a@24 (line 10)
                      ; - com.android.tools.r8.utils.structural.z::a@16 (line 5)
                      ; - com.android.tools.r8.utils.structural.z::h@8 (line 1)
                      ; - com.android.tools.r8.internal.vM::a@30 (line 6)
                      ; - com.android.tools.r8.internal.vM$b::b@1 (line 1)
                      ; - com.android.tools.r8.internal.vM$b$$Lambda$2753/0x000001908276c180::a@1
                      ; - com.android.tools.r8.internal.vM$b::c@12 (line 2)
                      ; - com.android.tools.r8.internal.vM$b$$Lambda$2750/0x000001908276bd40::a@1
  0x00000190e6cd66d0: 2c02 5bfe | baf6 ffff 

  0x00000190e6cd66d8: ;   {runtime_call UncommonTrapBlob}
  0x00000190e6cd66d8: ff66 90e8 

  0x00000190e6cd66dc: ; ImmutableOopMap {}
                      ;*invokevirtual getClass {reexecute=0 rethrow=0 return_oop=0}
                      ; - com.android.tools.r8.utils.structural.b::b@35 (line 2)
                      ; - com.android.tools.r8.internal.vM::a@46 (line 8)
                      ; - com.android.tools.r8.internal.vM$b::b@1 (line 1)
                      ; - com.android.tools.r8.internal.vM$b$$Lambda$2753/0x000001908276c180::a@1
                      ; - com.android.tools.r8.internal.vM$b::c@12 (line 2)
                      ; - com.android.tools.r8.internal.vM$b$$Lambda$2750/0x000001908276bd40::a@1
                      ; - com.android.tools.r8.utils.structural.l::a@11 (line 3)
                      ; - com.android.tools.r8.internal.vM::hashCode@11 (line 2)
                      ; - com.android.tools.r8.utils.structural.l::a@24 (line 10)
                      ; - com.android.tools.r8.utils.structural.z::a@16 (line 5)
                      ; - com.android.tools.r8.utils.structural.z::h@8 (line 1)
                      ; - com.android.tools.r8.internal.vM::a@30 (line 6)
                      ; - com.android.tools.r8.internal.vM$b::b@1 (line 1)
                      ; - com.android.tools.r8.internal.vM$b$$Lambda$2753/0x000001908276c180::a@1
                      ; - com.android.tools.r8.internal.vM$b::c@12 (line 2)
                      ; - com.android.tools.r8.internal.vM$b$$Lambda$2750/0x000001908276bd40::a@1
  0x00000190e6cd66dc: 2002 5bfe | baf6 ffff 

  0x00000190e6cd66e4: ;   {runtime_call UncommonTrapBlob}
  0x00000190e6cd66e4: ff66 90e8 

  0x00000190e6cd66e8: ; ImmutableOopMap {}
                      ;*invokevirtual getClass {reexecute=0 rethrow=0 return_oop=0}
                      ; - com.android.tools.r8.utils.structural.b::b@35 (line 2)
                      ; - com.android.tools.r8.internal.vM::a@38 (line 7)
                      ; - com.android.tools.r8.internal.vM$b::b@1 (line 1)
                      ; - com.android.tools.r8.internal.vM$b$$Lambda$2753/0x000001908276c180::a@1
                      ; - com.android.tools.r8.internal.vM$b::c@12 (line 2)
                      ; - com.android.tools.r8.internal.vM$b$$Lambda$2750/0x000001908276bd40::a@1
                      ; - com.android.tools.r8.utils.structural.l::a@11 (line 3)
                      ; - com.android.tools.r8.internal.vM::hashCode@11 (line 2)
                      ; - com.android.tools.r8.utils.structural.l::a@24 (line 10)
                      ; - com.android.tools.r8.utils.structural.z::a@16 (line 5)
                      ; - com.android.tools.r8.utils.structural.z::h@8 (line 1)
                      ; - com.android.tools.r8.internal.vM::a@30 (line 6)
                      ; - com.android.tools.r8.internal.vM$b::b@1 (line 1)
                      ; - com.android.tools.r8.internal.vM$b$$Lambda$2753/0x000001908276c180::a@1
                      ; - com.android.tools.r8.internal.vM$b::c@12 (line 2)
                      ; - com.android.tools.r8.internal.vM$b$$Lambda$2750/0x000001908276bd40::a@1
  0x00000190e6cd66e8: 1402 5bfe | bade ffff 

  0x00000190e6cd66f0: ;   {runtime_call UncommonTrapBlob}
  0x00000190e6cd66f0: ff8b e9e8 

  0x00000190e6cd66f4: ; ImmutableOopMap {rbp=NarrowOop }
                      ;*checkcast {reexecute=0 rethrow=0 return_oop=0}
                      ; - com.android.tools.r8.internal.vM$$Lambda$2692/0x0000019082710d38::test@1
                      ; - com.android.tools.r8.utils.structural.b::b@18 (line 2)
                      ; - com.android.tools.r8.internal.vM::a@46 (line 8)
                      ; - com.android.tools.r8.internal.vM$b::b@1 (line 1)
                      ; - com.android.tools.r8.internal.vM$b$$Lambda$2753/0x000001908276c180::a@1
                      ; - com.android.tools.r8.internal.vM$b::c@12 (line 2)
                      ; - com.android.tools.r8.internal.vM$b$$Lambda$2750/0x000001908276bd40::a@1
                      ; - com.android.tools.r8.utils.structural.l::a@11 (line 3)
                      ; - com.android.tools.r8.internal.vM::hashCode@11 (line 2)
                      ; - com.android.tools.r8.utils.structural.l::a@24 (line 10)
                      ; - com.android.tools.r8.utils.structural.z::a@16 (line 5)
                      ; - com.android.tools.r8.utils.structural.z::h@8 (line 1)
                      ; - com.android.tools.r8.internal.vM::a@30 (line 6)
                      ; - com.android.tools.r8.internal.vM$b::b@1 (line 1)
                      ; - com.android.tools.r8.internal.vM$b$$Lambda$2753/0x000001908276c180::a@1
                      ; - com.android.tools.r8.internal.vM$b::c@12 (line 2)
                      ; - com.android.tools.r8.internal.vM$b$$Lambda$2750/0x000001908276bd40::a@1
  0x00000190e6cd66f4: 0802 5bfe | bade ffff | ff41 8be9 

  0x00000190e6cd6700: ;   {runtime_call UncommonTrapBlob}
  0x00000190e6cd6700: 6666 90e8 

  0x00000190e6cd6704: ; ImmutableOopMap {rbp=NarrowOop }
                      ;*checkcast {reexecute=0 rethrow=0 return_oop=0}
                      ; - com.android.tools.r8.internal.vM$$Lambda$2692/0x0000019082710d38::test@1
                      ; - com.android.tools.r8.utils.structural.b::b@29 (line 2)
                      ; - com.android.tools.r8.internal.vM::a@46 (line 8)
                      ; - com.android.tools.r8.internal.vM$b::b@1 (line 1)
                      ; - com.android.tools.r8.internal.vM$b$$Lambda$2753/0x000001908276c180::a@1
                      ; - com.android.tools.r8.internal.vM$b::c@12 (line 2)
                      ; - com.android.tools.r8.internal.vM$b$$Lambda$2750/0x000001908276bd40::a@1
                      ; - com.android.tools.r8.utils.structural.l::a@11 (line 3)
                      ; - com.android.tools.r8.internal.vM::hashCode@11 (line 2)
                      ; - com.android.tools.r8.utils.structural.l::a@24 (line 10)
                      ; - com.android.tools.r8.utils.structural.z::a@16 (line 5)
                      ; - com.android.tools.r8.utils.structural.z::h@8 (line 1)
                      ; - com.android.tools.r8.internal.vM::a@30 (line 6)
                      ; - com.android.tools.r8.internal.vM$b::b@1 (line 1)
                      ; - com.android.tools.r8.internal.vM$b$$Lambda$2753/0x000001908276c180::a@1
                      ; - com.android.tools.r8.internal.vM$b::c@12 (line 2)
                      ; - com.android.tools.r8.internal.vM$b$$Lambda$2750/0x000001908276bd40::a@1
  0x00000190e6cd6704: f801 5bfe | bade ffff 

  0x00000190e6cd670c: ;   {runtime_call UncommonTrapBlob}
  0x00000190e6cd670c: ff8b ebe8 

  0x00000190e6cd6710: ; ImmutableOopMap {rbp=NarrowOop }
                      ;*checkcast {reexecute=0 rethrow=0 return_oop=0}
                      ; - com.android.tools.r8.internal.vM$$Lambda$2691/0x0000019082710af0::test@1
                      ; - com.android.tools.r8.utils.structural.b::b@18 (line 2)
                      ; - com.android.tools.r8.internal.vM::a@38 (line 7)
                      ; - com.android.tools.r8.internal.vM$b::b@1 (line 1)
                      ; - com.android.tools.r8.internal.vM$b$$Lambda$2753/0x000001908276c180::a@1
                      ; - com.android.tools.r8.internal.vM$b::c@12 (line 2)
                      ; - com.android.tools.r8.internal.vM$b$$Lambda$2750/0x000001908276bd40::a@1
                      ; - com.android.tools.r8.utils.structural.l::a@11 (line 3)
                      ; - com.android.tools.r8.internal.vM::hashCode@11 (line 2)
                      ; - com.android.tools.r8.utils.structural.l::a@24 (line 10)
                      ; - com.android.tools.r8.utils.structural.z::a@16 (line 5)
                      ; - com.android.tools.r8.utils.structural.z::h@8 (line 1)
                      ; - com.android.tools.r8.internal.vM::a@30 (line 6)
                      ; - com.android.tools.r8.internal.vM$b::b@1 (line 1)
                      ; - com.android.tools.r8.internal.vM$b$$Lambda$2753/0x000001908276c180::a@1
                      ; - com.android.tools.r8.internal.vM$b::c@12 (line 2)
                      ; - com.android.tools.r8.internal.vM$b$$Lambda$2750/0x000001908276bd40::a@1
  0x00000190e6cd6710: ec01 5bfe | bade ffff 

  0x00000190e6cd6718: ;   {runtime_call UncommonTrapBlob}
  0x00000190e6cd6718: ff8b eee8 

  0x00000190e6cd671c: ; ImmutableOopMap {rbp=NarrowOop }
                      ;*checkcast {reexecute=0 rethrow=0 return_oop=0}
                      ; - com.android.tools.r8.internal.vM$$Lambda$2691/0x0000019082710af0::test@1
                      ; - com.android.tools.r8.utils.structural.b::b@29 (line 2)
                      ; - com.android.tools.r8.internal.vM::a@38 (line 7)
                      ; - com.android.tools.r8.internal.vM$b::b@1 (line 1)
                      ; - com.android.tools.r8.internal.vM$b$$Lambda$2753/0x000001908276c180::a@1
                      ; - com.android.tools.r8.internal.vM$b::c@12 (line 2)
                      ; - com.android.tools.r8.internal.vM$b$$Lambda$2750/0x000001908276bd40::a@1
                      ; - com.android.tools.r8.utils.structural.l::a@11 (line 3)
                      ; - com.android.tools.r8.internal.vM::hashCode@11 (line 2)
                      ; - com.android.tools.r8.utils.structural.l::a@24 (line 10)
                      ; - com.android.tools.r8.utils.structural.z::a@16 (line 5)
                      ; - com.android.tools.r8.utils.structural.z::h@8 (line 1)
                      ; - com.android.tools.r8.internal.vM::a@30 (line 6)
                      ; - com.android.tools.r8.internal.vM$b::b@1 (line 1)
                      ; - com.android.tools.r8.internal.vM$b$$Lambda$2753/0x000001908276c180::a@1
                      ; - com.android.tools.r8.internal.vM$b::c@12 (line 2)
                      ; - com.android.tools.r8.internal.vM$b$$Lambda$2750/0x000001908276bd40::a@1
  0x00000190e6cd671c: e001 5bfe | bac6 ffff | ff48 8b2c | 244c 8b54 | 2410 4c89 | 1424 4c8b | 5424 184c | 8954 2410 
  0x00000190e6cd673c: 4889 4424 | 184c 8944 

  0x00000190e6cd6744: ;   {runtime_call UncommonTrapBlob}
  0x00000190e6cd6744: 2420 90e8 

  0x00000190e6cd6748: ; ImmutableOopMap {rbp=Oop [0]=Oop [16]=Oop [24]=Oop [32]=Oop }
                      ;*invokevirtual a {reexecute=0 rethrow=0 return_oop=0}
                      ; - com.android.tools.r8.utils.structural.z::a@16 (line 5)
                      ; - com.android.tools.r8.utils.structural.z::h@8 (line 1)
                      ; - com.android.tools.r8.internal.vM::a@30 (line 6)
                      ; - com.android.tools.r8.internal.vM$b::b@1 (line 1)
                      ; - com.android.tools.r8.internal.vM$b$$Lambda$2753/0x000001908276c180::a@1
                      ; - com.android.tools.r8.internal.vM$b::c@12 (line 2)
                      ; - com.android.tools.r8.internal.vM$b$$Lambda$2750/0x000001908276bd40::a@1
                      ; - com.android.tools.r8.utils.structural.l::a@11 (line 3)
                      ; - com.android.tools.r8.internal.vM::hashCode@11 (line 2)
                      ; - com.android.tools.r8.utils.structural.l::a@24 (line 10)
                      ; - com.android.tools.r8.utils.structural.z::a@16 (line 5)
                      ; - com.android.tools.r8.utils.structural.z::h@8 (line 1)
                      ; - com.android.tools.r8.internal.vM::a@30 (line 6)
                      ; - com.android.tools.r8.internal.vM$b::b@1 (line 1)
                      ; - com.android.tools.r8.internal.vM$b$$Lambda$2753/0x000001908276c180::a@1
                      ; - com.android.tools.r8.internal.vM$b::c@12 (line 2)
                      ; - com.android.tools.r8.internal.vM$b$$Lambda$2750/0x000001908276bd40::a@1
  0x00000190e6cd6748: b401 5bfe | bac6 ffff | ff48 8b2c | 244c 8904 | 2444 895c 

  0x00000190e6cd675c: ;   {runtime_call UncommonTrapBlob}
  0x00000190e6cd675c: 240c 90e8 

  0x00000190e6cd6760: ; ImmutableOopMap {rbp=Oop [0]=Oop [12]=NarrowOop }
                      ;*invokeinterface n {reexecute=0 rethrow=0 return_oop=0}
                      ; - com.android.tools.r8.internal.vM::hashCode@6 (line 2)
                      ; - com.android.tools.r8.utils.structural.l::a@24 (line 10)
                      ; - com.android.tools.r8.utils.structural.z::a@16 (line 5)
                      ; - com.android.tools.r8.utils.structural.z::h@8 (line 1)
                      ; - com.android.tools.r8.internal.vM::a@30 (line 6)
                      ; - com.android.tools.r8.internal.vM$b::b@1 (line 1)
                      ; - com.android.tools.r8.internal.vM$b$$Lambda$2753/0x000001908276c180::a@1
                      ; - com.android.tools.r8.internal.vM$b::c@12 (line 2)
                      ; - com.android.tools.r8.internal.vM$b$$Lambda$2750/0x000001908276bd40::a@1
  0x00000190e6cd6760: 9c01 5bfe | bac6 ffff | ff49 8be8 | 4889 1c24 | 4c89 5424 

  0x00000190e6cd6774: ;   {runtime_call UncommonTrapBlob}
  0x00000190e6cd6774: 0866 90e8 

  0x00000190e6cd6778: ; ImmutableOopMap {rbp=Oop [0]=Oop [8]=Oop }
                      ;*invokevirtual d {reexecute=0 rethrow=0 return_oop=0}
                      ; - com.android.tools.r8.internal.vM$$Lambda$2684/0x000001908270fbb0::applyAsInt@4
                      ; - com.android.tools.r8.utils.structural.l::a@6 (line 7)
                      ; - com.android.tools.r8.internal.vM::a@6 (line 3)
                      ; - com.android.tools.r8.internal.vM$b::b@1 (line 1)
                      ; - com.android.tools.r8.internal.vM$b$$Lambda$2753/0x000001908276c180::a@1
                      ; - com.android.tools.r8.internal.vM$b::c@12 (line 2)
                      ; - com.android.tools.r8.internal.vM$b$$Lambda$2750/0x000001908276bd40::a@1
  0x00000190e6cd6778: 8401 5bfe | bac6 ffff | ff4c 8904 | 2448 895c | 2410 4489 

  0x00000190e6cd678c: ;   {runtime_call UncommonTrapBlob}
  0x00000190e6cd678c: 5424 18e8 

  0x00000190e6cd6790: ; ImmutableOopMap {rbp=Oop [0]=Oop [16]=Oop [24]=NarrowOop }
                      ;*invokevirtual d {reexecute=0 rethrow=0 return_oop=0}
                      ; - com.android.tools.r8.internal.vM$$Lambda$2684/0x000001908270fbb0::applyAsInt@4
                      ; - com.android.tools.r8.utils.structural.b::a@18 (line 5)
                      ; - com.android.tools.r8.internal.vM::a@6 (line 3)
                      ; - com.android.tools.r8.internal.vM$b::b@1 (line 1)
                      ; - com.android.tools.r8.internal.vM$b$$Lambda$2753/0x000001908276c180::a@1
                      ; - com.android.tools.r8.internal.vM$b::c@12 (line 2)
                      ; - com.android.tools.r8.internal.vM$b$$Lambda$2750/0x000001908276bd40::a@1
  0x00000190e6cd6790: 6c01 5bfe | bac6 ffff | ff4c 8904 | 2448 895c | 2410 8974 | 2418 4489 

  0x00000190e6cd67a8: ;   {runtime_call UncommonTrapBlob}
  0x00000190e6cd67a8: 5424 1ce8 

  0x00000190e6cd67ac: ; ImmutableOopMap {rbp=Oop [0]=Oop [16]=Oop [28]=NarrowOop }
                      ;*invokevirtual d {reexecute=0 rethrow=0 return_oop=0}
                      ; - com.android.tools.r8.internal.vM$$Lambda$2684/0x000001908270fbb0::applyAsInt@4
                      ; - com.android.tools.r8.utils.structural.b::a@29 (line 5)
                      ; - com.android.tools.r8.internal.vM::a@6 (line 3)
                      ; - com.android.tools.r8.internal.vM$b::b@1 (line 1)
                      ; - com.android.tools.r8.internal.vM$b$$Lambda$2753/0x000001908276c180::a@1
                      ; - com.android.tools.r8.internal.vM$b::c@12 (line 2)
                      ; - com.android.tools.r8.internal.vM$b$$Lambda$2750/0x000001908276bd40::a@1
  0x00000190e6cd67ac: 5001 5bfe | bae4 ffff | ff4c 8954 | 2408 4489 | 4424 1044 | 894c 2418 | 8974 241c | 894c 2420 
  0x00000190e6cd67cc: 4489 5c24 

  0x00000190e6cd67d0: ;   {runtime_call UncommonTrapBlob}
  0x00000190e6cd67d0: 2466 90e8 

  0x00000190e6cd67d4: ; ImmutableOopMap {[8]=Oop [24]=NarrowOop [36]=NarrowOop }
                      ;*baload {reexecute=0 rethrow=0 return_oop=0}
                      ; - com.android.tools.r8.graph.D2::a@67 (line 72)
                      ; - com.android.tools.r8.utils.structural.c::a@2 (line 12)
                      ; - com.android.tools.r8.graph.D2::a@6 (line 2)
                      ; - com.android.tools.r8.utils.structural.z$$Lambda$2688/0x0000019082710488::a@9
                      ; - com.android.tools.r8.utils.structural.b::a@70 (line 16)
                      ; - com.android.tools.r8.utils.structural.z::a@16 (line 5)
                      ; - com.android.tools.r8.utils.structural.z::h@8 (line 1)
                      ; - com.android.tools.r8.internal.vM$b::c@25 (line 4)
                      ; - com.android.tools.r8.internal.vM$b$$Lambda$2750/0x000001908276bd40::a@1
  0x00000190e6cd67d4: 2801 5bfe | ba45 ffff | ff4c 8954 | 2408 4489 | 4424 1044 | 895c 2414 | 4489 4c24 | 1889 7424 
  0x00000190e6cd67f4: 1c89 4c24 

  0x00000190e6cd67f8: ;   {runtime_call UncommonTrapBlob}
  0x00000190e6cd67f8: 2066 90e8 

  0x00000190e6cd67fc: ; ImmutableOopMap {[8]=Oop [20]=NarrowOop [24]=NarrowOop }
                      ;*if_icmpeq {reexecute=1 rethrow=0 return_oop=0}
                      ; - (reexecute) com.android.tools.r8.graph.D2::a@75 (line 72)
                      ; - com.android.tools.r8.utils.structural.c::a@2 (line 12)
                      ; - com.android.tools.r8.graph.D2::a@6 (line 2)
                      ; - com.android.tools.r8.utils.structural.z$$Lambda$2688/0x0000019082710488::a@9
                      ; - com.android.tools.r8.utils.structural.b::a@70 (line 16)
                      ; - com.android.tools.r8.utils.structural.z::a@16 (line 5)
                      ; - com.android.tools.r8.utils.structural.z::h@8 (line 1)
                      ; - com.android.tools.r8.internal.vM$b::c@25 (line 4)
                      ; - com.android.tools.r8.internal.vM$b$$Lambda$2750/0x000001908276bd40::a@1
  0x00000190e6cd67fc: 0001 5bfe | bae4 ffff | ff4c 8954 | 2408 4489 | 4424 1044 | 895c 2414 | 895c 2418 | 894c 241c 
  0x00000190e6cd681c: 4489 4c24 

  0x00000190e6cd6820: ;   {runtime_call UncommonTrapBlob}
  0x00000190e6cd6820: 2066 90e8 

  0x00000190e6cd6824: ; ImmutableOopMap {[8]=Oop [20]=NarrowOop [32]=NarrowOop }
                      ;*baload {reexecute=0 rethrow=0 return_oop=0}
                      ; - com.android.tools.r8.graph.D2::a@91 (line 72)
                      ; - com.android.tools.r8.utils.structural.c::a@2 (line 12)
                      ; - com.android.tools.r8.graph.D2::a@6 (line 2)
                      ; - com.android.tools.r8.utils.structural.z$$Lambda$2688/0x0000019082710488::a@9
                      ; - com.android.tools.r8.utils.structural.b::a@70 (line 16)
                      ; - com.android.tools.r8.utils.structural.z::a@16 (line 5)
                      ; - com.android.tools.r8.utils.structural.z::h@8 (line 1)
                      ; - com.android.tools.r8.internal.vM$b::c@25 (line 4)
                      ; - com.android.tools.r8.internal.vM$b$$Lambda$2750/0x000001908276bd40::a@1
  0x00000190e6cd6824: d800 5bfe | ba45 ffff | ff4c 8954 | 2408 4489 | 4424 1044 | 895c 2414 | 895c 2418 | 894c 241c 
  0x00000190e6cd6844: ;   {runtime_call UncommonTrapBlob}
  0x00000190e6cd6844: 6666 90e8 

  0x00000190e6cd6848: ; ImmutableOopMap {[8]=Oop [20]=NarrowOop }
                      ;*if_icmpne {reexecute=1 rethrow=0 return_oop=0}
                      ; - (reexecute) com.android.tools.r8.graph.D2::a@99 (line 72)
                      ; - com.android.tools.r8.utils.structural.c::a@2 (line 12)
                      ; - com.android.tools.r8.graph.D2::a@6 (line 2)
                      ; - com.android.tools.r8.utils.structural.z$$Lambda$2688/0x0000019082710488::a@9
                      ; - com.android.tools.r8.utils.structural.b::a@70 (line 16)
                      ; - com.android.tools.r8.utils.structural.z::a@16 (line 5)
                      ; - com.android.tools.r8.utils.structural.z::h@8 (line 1)
                      ; - com.android.tools.r8.internal.vM$b::c@25 (line 4)
                      ; - com.android.tools.r8.internal.vM$b$$Lambda$2750/0x000001908276bd40::a@1
  0x00000190e6cd6848: b400 5bfe | bae4 ffff | ff4c 8954 | 2408 894c | 2410 4489 | 5c24 1889 | 5c24 2444 | 894c 2428 
  0x00000190e6cd6868: 4489 4424 

  0x00000190e6cd686c: ;   {runtime_call UncommonTrapBlob}
  0x00000190e6cd686c: 2c66 90e8 

  0x00000190e6cd6870: ; ImmutableOopMap {rbp=NarrowOop [8]=Oop [16]=NarrowOop [24]=NarrowOop [40]=NarrowOop }
                      ;*baload {reexecute=0 rethrow=0 return_oop=0}
                      ; - com.android.tools.r8.graph.D2::a@26 (line 63)
                      ; - com.android.tools.r8.utils.structural.c::a@2 (line 12)
                      ; - com.android.tools.r8.graph.D2::a@6 (line 2)
                      ; - com.android.tools.r8.utils.structural.z$$Lambda$2688/0x0000019082710488::a@9
                      ; - com.android.tools.r8.utils.structural.b::a@70 (line 16)
                      ; - com.android.tools.r8.utils.structural.z::a@16 (line 5)
                      ; - com.android.tools.r8.utils.structural.z::h@8 (line 1)
                      ; - com.android.tools.r8.internal.vM$b::c@25 (line 4)
                      ; - com.android.tools.r8.internal.vM$b$$Lambda$2750/0x000001908276bd40::a@1
  0x00000190e6cd6870: 8c00 5bfe | c5f9 7eca | 458b c2c4 | c1f9 7ec2 | e993 fbff | ffba deff 

  0x00000190e6cd6888: ;   {runtime_call UncommonTrapBlob}
  0x00000190e6cd6888: ffff 90e8 

  0x00000190e6cd688c: ; ImmutableOopMap {rbp=NarrowOop [0]=Oop }
                      ;*checkcast {reexecute=0 rethrow=0 return_oop=0}
                      ; - com.android.tools.r8.internal.vM$b$$Lambda$2754/0x000001908276c398::apply@1
                      ; - com.android.tools.r8.utils.structural.b::a@48 (line 16)
                      ; - com.android.tools.r8.utils.structural.z::a@16 (line 5)
                      ; - com.android.tools.r8.utils.structural.z::h@8 (line 1)
                      ; - com.android.tools.r8.internal.vM$b::c@25 (line 4)
                      ; - com.android.tools.r8.internal.vM$b$$Lambda$2750/0x000001908276bd40::a@1
  0x00000190e6cd688c: 7000 5bfe | bade ffff | ff44 895c 

  0x00000190e6cd6898: ;   {runtime_call UncommonTrapBlob}
  0x00000190e6cd6898: 2418 90e8 

  0x00000190e6cd689c: ; ImmutableOopMap {rbp=NarrowOop [0]=Oop [24]=NarrowOop }
                      ;*checkcast {reexecute=0 rethrow=0 return_oop=0}
                      ; - com.android.tools.r8.internal.vM$b$$Lambda$2754/0x000001908276c398::apply@1
                      ; - com.android.tools.r8.utils.structural.b::a@57 (line 16)
                      ; - com.android.tools.r8.utils.structural.z::a@16 (line 5)
                      ; - com.android.tools.r8.utils.structural.z::h@8 (line 1)
                      ; - com.android.tools.r8.internal.vM$b::c@25 (line 4)
                      ; - com.android.tools.r8.internal.vM$b$$Lambda$2750/0x000001908276bd40::a@1
  0x00000190e6cd689c: 6000 5bfe | bade ffff 

  0x00000190e6cd68a4: ;   {runtime_call UncommonTrapBlob}
  0x00000190e6cd68a4: ff66 90e8 

  0x00000190e6cd68a8: ; ImmutableOopMap {rbp=NarrowOop [0]=Oop }
                      ;*checkcast {reexecute=0 rethrow=0 return_oop=0}
                      ; - com.android.tools.r8.internal.vM$b$$Lambda$2754/0x000001908276c398::apply@1
                      ; - com.android.tools.r8.utils.structural.l::a@19 (line 10)
                      ; - com.android.tools.r8.utils.structural.z::a@16 (line 5)
                      ; - com.android.tools.r8.utils.structural.z::h@8 (line 1)
                      ; - com.android.tools.r8.internal.vM$b::c@25 (line 4)
                      ; - com.android.tools.r8.internal.vM$b$$Lambda$2750/0x000001908276bd40::a@1
  0x00000190e6cd68a8: 5400 5bfe | bade ffff | ff4c 8b54 | 2410 4c89 

  0x00000190e6cd68b8: ;   {runtime_call UncommonTrapBlob}
  0x00000190e6cd68b8: 5424 08e8 

  0x00000190e6cd68bc: ; ImmutableOopMap {rbp=NarrowOop [0]=Oop [8]=Oop [24]=Oop }
                      ;*checkcast {reexecute=0 rethrow=0 return_oop=0}
                      ; - com.android.tools.r8.internal.vM$b$$Lambda$2754/0x000001908276c398::apply@1
                      ; - com.android.tools.r8.utils.structural.l::a@19 (line 10)
                      ; - com.android.tools.r8.utils.structural.z::a@16 (line 5)
                      ; - com.android.tools.r8.utils.structural.z::h@8 (line 1)
                      ; - com.android.tools.r8.internal.vM$b::c@25 (line 4)
                      ; - com.android.tools.r8.internal.vM$b$$Lambda$2750/0x000001908276bd40::a@1
                      ; - com.android.tools.r8.utils.structural.l::a@11 (line 3)
                      ; - com.android.tools.r8.internal.vM::hashCode@11 (line 2)
                      ; - com.android.tools.r8.utils.structural.l::a@24 (line 10)
                      ; - com.android.tools.r8.utils.structural.z::a@16 (line 5)
                      ; - com.android.tools.r8.utils.structural.z::h@8 (line 1)
                      ; - com.android.tools.r8.internal.vM::a@30 (line 6)
                      ; - com.android.tools.r8.internal.vM$b::b@1 (line 1)
                      ; - com.android.tools.r8.internal.vM$b$$Lambda$2753/0x000001908276c180::a@1
                      ; - com.android.tools.r8.internal.vM$b::c@12 (line 2)
                      ; - com.android.tools.r8.internal.vM$b$$Lambda$2750/0x000001908276bd40::a@1
  0x00000190e6cd68bc: 4000 5bfe | baf6 ffff 

  0x00000190e6cd68c4: ;   {runtime_call UncommonTrapBlob}
  0x00000190e6cd68c4: ff66 90e8 

  0x00000190e6cd68c8: ; ImmutableOopMap {}
                      ;*invokevirtual getClass {reexecute=0 rethrow=0 return_oop=0}
                      ; - com.android.tools.r8.internal.vM$b::c@8 (line 1)
                      ; - com.android.tools.r8.internal.vM$b$$Lambda$2750/0x000001908276bd40::a@1
  0x00000190e6cd68c8: 3400 5bfe | baf4 ffff | ff48 8b6c | 2408 4889 

  0x00000190e6cd68d8: ;   {runtime_call UncommonTrapBlob}
  0x00000190e6cd68d8: 4c24 08e8 

  0x00000190e6cd68dc: ; ImmutableOopMap {rbp=Oop [8]=Oop [16]=Oop }
                      ;*checkcast {reexecute=0 rethrow=0 return_oop=0}
                      ; - com.android.tools.r8.internal.vM$$Lambda$2686/0x0000019082710000::apply@1
                      ; - com.android.tools.r8.utils.structural.b::a@48 (line 16)
                      ; - com.android.tools.r8.utils.structural.z::a@16 (line 5)
                      ; - com.android.tools.r8.utils.structural.z::h@8 (line 1)
                      ; - com.android.tools.r8.internal.vM::a@22 (line 5)
                      ; - com.android.tools.r8.internal.vM$b::b@1 (line 1)
                      ; - com.android.tools.r8.internal.vM$b$$Lambda$2753/0x000001908276c180::a@1
                      ; - com.android.tools.r8.internal.vM$b::c@12 (line 2)
                      ; - com.android.tools.r8.internal.vM$b$$Lambda$2750/0x000001908276bd40::a@1
  0x00000190e6cd68dc: 2000 5bfe | baf4 ffff | ff48 8b6c | 2408 4489 

  0x00000190e6cd68ec: ;   {runtime_call UncommonTrapBlob}
  0x00000190e6cd68ec: 4c24 08e8 

  0x00000190e6cd68f0: ; ImmutableOopMap {rbp=Oop [8]=NarrowOop [16]=Oop }
                      ;*checkcast {reexecute=0 rethrow=0 return_oop=0}
                      ; - com.android.tools.r8.internal.vM$$Lambda$2686/0x0000019082710000::apply@1
                      ; - com.android.tools.r8.utils.structural.b::a@57 (line 16)
                      ; - com.android.tools.r8.utils.structural.z::a@16 (line 5)
                      ; - com.android.tools.r8.utils.structural.z::h@8 (line 1)
                      ; - com.android.tools.r8.internal.vM::a@22 (line 5)
                      ; - com.android.tools.r8.internal.vM$b::b@1 (line 1)
                      ; - com.android.tools.r8.internal.vM$b$$Lambda$2753/0x000001908276c180::a@1
                      ; - com.android.tools.r8.internal.vM$b::c@12 (line 2)
                      ; - com.android.tools.r8.internal.vM$b$$Lambda$2750/0x000001908276bd40::a@1
  0x00000190e6cd68f0: 0c00 5bfe | baf6 ffff | ff41 8be9 | 4489 0424 

  0x00000190e6cd6900: ;   {runtime_call UncommonTrapBlob}
  0x00000190e6cd6900: 6666 90e8 

  0x00000190e6cd6904: ; ImmutableOopMap {rbp=NarrowOop [0]=NarrowOop }
                      ;*invokevirtual a {reexecute=0 rethrow=0 return_oop=0}
                      ; - com.android.tools.r8.graph.s2::a@6 (line 2)
                      ; - com.android.tools.r8.utils.structural.z$$Lambda$2688/0x0000019082710488::a@9
                      ; - com.android.tools.r8.utils.structural.b::a@70 (line 16)
                      ; - com.android.tools.r8.utils.structural.z::a@16 (line 5)
                      ; - com.android.tools.r8.utils.structural.z::h@8 (line 1)
                      ; - com.android.tools.r8.internal.vM::a@22 (line 5)
                      ; - com.android.tools.r8.internal.vM$b::b@1 (line 1)
                      ; - com.android.tools.r8.internal.vM$b$$Lambda$2753/0x000001908276c180::a@1
                      ; - com.android.tools.r8.internal.vM$b::c@12 (line 2)
                      ; - com.android.tools.r8.internal.vM$b$$Lambda$2750/0x000001908276bd40::a@1
  0x00000190e6cd6904: f8ff 5afe | baf4 ffff | ff48 8b6c | 2408 4889 

  0x00000190e6cd6914: ;   {runtime_call UncommonTrapBlob}
  0x00000190e6cd6914: 4c24 08e8 

  0x00000190e6cd6918: ; ImmutableOopMap {rbp=Oop [8]=Oop [16]=Oop }
                      ;*checkcast {reexecute=0 rethrow=0 return_oop=0}
                      ; - com.android.tools.r8.internal.vM$$Lambda$2690/0x00000190827108b8::apply@1
                      ; - com.android.tools.r8.utils.structural.b::a@48 (line 16)
                      ; - com.android.tools.r8.utils.structural.z::a@16 (line 5)
                      ; - com.android.tools.r8.utils.structural.z::h@8 (line 1)
                      ; - com.android.tools.r8.internal.vM::a@30 (line 6)
                      ; - com.android.tools.r8.internal.vM$b::b@1 (line 1)
                      ; - com.android.tools.r8.internal.vM$b$$Lambda$2753/0x000001908276c180::a@1
                      ; - com.android.tools.r8.internal.vM$b::c@12 (line 2)
                      ; - com.android.tools.r8.internal.vM$b$$Lambda$2750/0x000001908276bd40::a@1
  0x00000190e6cd6918: e4ff 5afe | baf4 ffff | ff48 8b6c | 2408 4489 

  0x00000190e6cd6928: ;   {runtime_call UncommonTrapBlob}
  0x00000190e6cd6928: 4424 08e8 

  0x00000190e6cd692c: ; ImmutableOopMap {rbp=Oop [8]=NarrowOop [16]=Oop }
                      ;*checkcast {reexecute=0 rethrow=0 return_oop=0}
                      ; - com.android.tools.r8.internal.vM$$Lambda$2690/0x00000190827108b8::apply@1
                      ; - com.android.tools.r8.utils.structural.b::a@57 (line 16)
                      ; - com.android.tools.r8.utils.structural.z::a@16 (line 5)
                      ; - com.android.tools.r8.utils.structural.z::h@8 (line 1)
                      ; - com.android.tools.r8.internal.vM::a@30 (line 6)
                      ; - com.android.tools.r8.internal.vM$b::b@1 (line 1)
                      ; - com.android.tools.r8.internal.vM$b$$Lambda$2753/0x000001908276c180::a@1
                      ; - com.android.tools.r8.internal.vM$b::c@12 (line 2)
                      ; - com.android.tools.r8.internal.vM$b$$Lambda$2750/0x000001908276bd40::a@1
  0x00000190e6cd692c: d0ff 5afe | baf4 ffff | ff4c 8954 

  0x00000190e6cd6938: ;   {runtime_call UncommonTrapBlob}
  0x00000190e6cd6938: 2408 90e8 

  0x00000190e6cd693c: ; ImmutableOopMap {[0]=Oop [8]=Oop }
                      ;*checkcast {reexecute=0 rethrow=0 return_oop=0}
                      ; - com.android.tools.r8.internal.vM$b$$Lambda$2754/0x000001908276c398::apply@1
                      ; - com.android.tools.r8.utils.structural.b::a@48 (line 16)
                      ; - com.android.tools.r8.utils.structural.z::a@16 (line 5)
                      ; - com.android.tools.r8.utils.structural.z::h@8 (line 1)
                      ; - com.android.tools.r8.internal.vM$b::c@25 (line 4)
                      ; - com.android.tools.r8.internal.vM$b$$Lambda$2750/0x000001908276bd40::a@1
  0x00000190e6cd693c: c0ff 5afe | baf4 ffff 

  0x00000190e6cd6944: ;   {runtime_call UncommonTrapBlob}
  0x00000190e6cd6944: ff66 90e8 

  0x00000190e6cd6948: ; ImmutableOopMap {rbp=NarrowOop [0]=Oop }
                      ;*checkcast {reexecute=0 rethrow=0 return_oop=0}
                      ; - com.android.tools.r8.internal.vM$b$$Lambda$2754/0x000001908276c398::apply@1
                      ; - com.android.tools.r8.utils.structural.b::a@57 (line 16)
                      ; - com.android.tools.r8.utils.structural.z::a@16 (line 5)
                      ; - com.android.tools.r8.utils.structural.z::h@8 (line 1)
                      ; - com.android.tools.r8.internal.vM$b::c@25 (line 4)
                      ; - com.android.tools.r8.internal.vM$b$$Lambda$2750/0x000001908276bd40::a@1
  0x00000190e6cd6948: b4ff 5afe | ba5e ffff | ff8b e944 

  0x00000190e6cd6954: ;   {runtime_call UncommonTrapBlob}
  0x00000190e6cd6954: 890c 24e8 

  0x00000190e6cd6958: ; ImmutableOopMap {rbp=NarrowOop [0]=NarrowOop }
                      ;*invokeinterface a {reexecute=0 rethrow=0 return_oop=0}
                      ; - com.android.tools.r8.utils.structural.z$$Lambda$2688/0x0000019082710488::a@9
                      ; - com.android.tools.r8.utils.structural.b::a@70 (line 16)
                      ; - com.android.tools.r8.utils.structural.z::a@16 (line 5)
                      ; - com.android.tools.r8.utils.structural.z::h@8 (line 1)
                      ; - com.android.tools.r8.internal.vM$b::c@25 (line 4)
                      ; - com.android.tools.r8.internal.vM$b$$Lambda$2750/0x000001908276bd40::a@1
  0x00000190e6cd6958: a4ff 5afe | baf6 ffff | ff89 0c24 

  0x00000190e6cd6964: ;   {runtime_call UncommonTrapBlob}
  0x00000190e6cd6964: 6666 90e8 

  0x00000190e6cd6968: ; ImmutableOopMap {rbp=NarrowOop [0]=NarrowOop }
                      ;*invokevirtual a {reexecute=0 rethrow=0 return_oop=0}
                      ; - com.android.tools.r8.graph.D2::a@6 (line 2)
                      ; - com.android.tools.r8.utils.structural.z$$Lambda$2688/0x0000019082710488::a@9
                      ; - com.android.tools.r8.utils.structural.b::a@70 (line 16)
                      ; - com.android.tools.r8.utils.structural.z::a@16 (line 5)
                      ; - com.android.tools.r8.utils.structural.z::h@8 (line 1)
                      ; - com.android.tools.r8.internal.vM$b::c@25 (line 4)
                      ; - com.android.tools.r8.internal.vM$b$$Lambda$2750/0x000001908276bd40::a@1
  0x00000190e6cd6968: 94ff 5afe | baf6 ffff 

  0x00000190e6cd6970: ;   {runtime_call UncommonTrapBlob}
  0x00000190e6cd6970: ff66 90e8 

  0x00000190e6cd6974: ; ImmutableOopMap {}
                      ;*baload {reexecute=0 rethrow=0 return_oop=0}
                      ; - com.android.tools.r8.graph.D2::a@9 (line 62)
                      ; - com.android.tools.r8.utils.structural.c::a@2 (line 12)
                      ; - com.android.tools.r8.graph.D2::a@6 (line 2)
                      ; - com.android.tools.r8.utils.structural.z$$Lambda$2688/0x0000019082710488::a@9
                      ; - com.android.tools.r8.utils.structural.b::a@70 (line 16)
                      ; - com.android.tools.r8.utils.structural.z::a@16 (line 5)
                      ; - com.android.tools.r8.utils.structural.z::h@8 (line 1)
                      ; - com.android.tools.r8.internal.vM$b::c@25 (line 4)
                      ; - com.android.tools.r8.internal.vM$b$$Lambda$2750/0x000001908276bd40::a@1
  0x00000190e6cd6974: 88ff 5afe | ba5e ffff 

  0x00000190e6cd697c: ;   {runtime_call UncommonTrapBlob}
  0x00000190e6cd697c: ff66 90e8 

  0x00000190e6cd6980: ; ImmutableOopMap {}
                      ;*getfield f {reexecute=1 rethrow=0 return_oop=0}
                      ; - (reexecute) com.android.tools.r8.graph.D2::a@19 (line 63)
                      ; - com.android.tools.r8.utils.structural.c::a@2 (line 12)
                      ; - com.android.tools.r8.graph.D2::a@6 (line 2)
                      ; - com.android.tools.r8.utils.structural.z$$Lambda$2688/0x0000019082710488::a@9
                      ; - com.android.tools.r8.utils.structural.b::a@70 (line 16)
                      ; - com.android.tools.r8.utils.structural.z::a@16 (line 5)
                      ; - com.android.tools.r8.utils.structural.z::h@8 (line 1)
                      ; - com.android.tools.r8.internal.vM$b::c@25 (line 4)
                      ; - com.android.tools.r8.internal.vM$b$$Lambda$2750/0x000001908276bd40::a@1
  0x00000190e6cd6980: 7cff 5afe | baf6 ffff 

  0x00000190e6cd6988: ;   {runtime_call UncommonTrapBlob}
  0x00000190e6cd6988: ff66 90e8 

  0x00000190e6cd698c: ; ImmutableOopMap {}
                      ;*baload {reexecute=0 rethrow=0 return_oop=0}
                      ; - com.android.tools.r8.graph.D2::a@26 (line 63)
                      ; - com.android.tools.r8.utils.structural.c::a@2 (line 12)
                      ; - com.android.tools.r8.graph.D2::a@6 (line 2)
                      ; - com.android.tools.r8.utils.structural.z$$Lambda$2688/0x0000019082710488::a@9
                      ; - com.android.tools.r8.utils.structural.b::a@70 (line 16)
                      ; - com.android.tools.r8.utils.structural.z::a@16 (line 5)
                      ; - com.android.tools.r8.utils.structural.z::h@8 (line 1)
                      ; - com.android.tools.r8.internal.vM$b::c@25 (line 4)
                      ; - com.android.tools.r8.internal.vM$b$$Lambda$2750/0x000001908276bd40::a@1
  0x00000190e6cd698c: 70ff 5afe | baf4 ffff | ff49 8be8 | 4889 1c24 

  0x00000190e6cd699c: ;   {runtime_call UncommonTrapBlob}
  0x00000190e6cd699c: 6666 90e8 

  0x00000190e6cd69a0: ; ImmutableOopMap {rbp=Oop [0]=Oop }
                      ;*checkcast {reexecute=0 rethrow=0 return_oop=0}
                      ; - com.android.tools.r8.internal.vM$$Lambda$2684/0x000001908270fbb0::applyAsInt@1
                      ; - com.android.tools.r8.utils.structural.l::a@6 (line 7)
                      ; - com.android.tools.r8.internal.vM::a@6 (line 3)
                      ; - com.android.tools.r8.internal.vM$b::b@1 (line 1)
                      ; - com.android.tools.r8.internal.vM$b$$Lambda$2753/0x000001908276c180::a@1
                      ; - com.android.tools.r8.internal.vM$b::c@12 (line 2)
                      ; - com.android.tools.r8.internal.vM$b$$Lambda$2750/0x000001908276bd40::a@1
  0x00000190e6cd69a0: 5cff 5afe | baf4 ffff | ff49 8be8 | 4889 0c24 

  0x00000190e6cd69b0: ;   {runtime_call UncommonTrapBlob}
  0x00000190e6cd69b0: 6666 90e8 

  0x00000190e6cd69b4: ; ImmutableOopMap {rbp=Oop [0]=Oop }
                      ;*checkcast {reexecute=0 rethrow=0 return_oop=0}
                      ; - com.android.tools.r8.internal.vM$$Lambda$2685/0x000001908270fdc8::applyAsInt@1
                      ; - com.android.tools.r8.utils.structural.l::a@6 (line 7)
                      ; - com.android.tools.r8.internal.vM::a@14 (line 4)
                      ; - com.android.tools.r8.internal.vM$b::b@1 (line 1)
                      ; - com.android.tools.r8.internal.vM$b$$Lambda$2753/0x000001908276c180::a@1
                      ; - com.android.tools.r8.internal.vM$b::c@12 (line 2)
                      ; - com.android.tools.r8.internal.vM$b$$Lambda$2750/0x000001908276bd40::a@1
  0x00000190e6cd69b4: 48ff 5afe | baf4 ffff | ff49 8be8 | 4889 1c24 

  0x00000190e6cd69c4: ;   {runtime_call UncommonTrapBlob}
  0x00000190e6cd69c4: 6666 90e8 

  0x00000190e6cd69c8: ; ImmutableOopMap {rbp=Oop [0]=Oop }
                      ;*checkcast {reexecute=0 rethrow=0 return_oop=0}
                      ; - com.android.tools.r8.internal.vM$$Lambda$2691/0x0000019082710af0::test@1
                      ; - com.android.tools.r8.utils.structural.l::b@6 (line 1)
                      ; - com.android.tools.r8.internal.vM::a@38 (line 7)
                      ; - com.android.tools.r8.internal.vM$b::b@1 (line 1)
                      ; - com.android.tools.r8.internal.vM$b$$Lambda$2753/0x000001908276c180::a@1
                      ; - com.android.tools.r8.internal.vM$b::c@12 (line 2)
                      ; - com.android.tools.r8.internal.vM$b$$Lambda$2750/0x000001908276bd40::a@1
  0x00000190e6cd69c8: 34ff 5afe | baf4 ffff | ff49 8be8 | 4889 1c24 

  0x00000190e6cd69d8: ;   {runtime_call UncommonTrapBlob}
  0x00000190e6cd69d8: 6666 90e8 

  0x00000190e6cd69dc: ; ImmutableOopMap {rbp=Oop [0]=Oop }
                      ;*checkcast {reexecute=0 rethrow=0 return_oop=0}
                      ; - com.android.tools.r8.internal.vM$$Lambda$2692/0x0000019082710d38::test@1
                      ; - com.android.tools.r8.utils.structural.l::b@6 (line 1)
                      ; - com.android.tools.r8.internal.vM::a@46 (line 8)
                      ; - com.android.tools.r8.internal.vM$b::b@1 (line 1)
                      ; - com.android.tools.r8.internal.vM$b$$Lambda$2753/0x000001908276c180::a@1
                      ; - com.android.tools.r8.internal.vM$b::c@12 (line 2)
                      ; - com.android.tools.r8.internal.vM$b$$Lambda$2750/0x000001908276bd40::a@1
  0x00000190e6cd69dc: 20ff 5afe | baf4 ffff | ff49 8be8 | 4889 5c24 | 0844 8954 

  0x00000190e6cd69f0: ;   {runtime_call UncommonTrapBlob}
  0x00000190e6cd69f0: 2410 90e8 

  0x00000190e6cd69f4: ; ImmutableOopMap {rbp=Oop [8]=Oop [16]=NarrowOop }
                      ;*checkcast {reexecute=0 rethrow=0 return_oop=0}
                      ; - com.android.tools.r8.internal.vM$$Lambda$2685/0x000001908270fdc8::applyAsInt@1
                      ; - com.android.tools.r8.utils.structural.b::a@18 (line 5)
                      ; - com.android.tools.r8.internal.vM::a@14 (line 4)
                      ; - com.android.tools.r8.internal.vM$b::b@1 (line 1)
                      ; - com.android.tools.r8.internal.vM$b$$Lambda$2753/0x000001908276c180::a@1
                      ; - com.android.tools.r8.internal.vM$b::c@12 (line 2)
                      ; - com.android.tools.r8.internal.vM$b$$Lambda$2750/0x000001908276bd40::a@1
  0x00000190e6cd69f4: 08ff 5afe | baf4 ffff | ff4c 8904 | 2448 895c | 2410 4489 

  0x00000190e6cd6a08: ;   {runtime_call UncommonTrapBlob}
  0x00000190e6cd6a08: 5424 18e8 

  0x00000190e6cd6a0c: ; ImmutableOopMap {[0]=Oop [16]=Oop [24]=NarrowOop }
                      ;*checkcast {reexecute=0 rethrow=0 return_oop=0}
                      ; - com.android.tools.r8.internal.vM$$Lambda$2685/0x000001908270fdc8::applyAsInt@1
                      ; - com.android.tools.r8.utils.structural.b::a@29 (line 5)
                      ; - com.android.tools.r8.internal.vM::a@14 (line 4)
                      ; - com.android.tools.r8.internal.vM$b::b@1 (line 1)
                      ; - com.android.tools.r8.internal.vM$b$$Lambda$2753/0x000001908276c180::a@1
                      ; - com.android.tools.r8.internal.vM$b::c@12 (line 2)
                      ; - com.android.tools.r8.internal.vM$b$$Lambda$2750/0x000001908276bd40::a@1
  0x00000190e6cd6a0c: f0fe 5afe | baf4 ffff | ff49 8be8 | 4889 5c24 | 0844 8954 

  0x00000190e6cd6a20: ;   {runtime_call UncommonTrapBlob}
  0x00000190e6cd6a20: 2410 90e8 

  0x00000190e6cd6a24: ; ImmutableOopMap {rbp=Oop [8]=Oop [16]=NarrowOop }
                      ;*checkcast {reexecute=0 rethrow=0 return_oop=0}
                      ; - com.android.tools.r8.internal.vM$$Lambda$2684/0x000001908270fbb0::applyAsInt@1
                      ; - com.android.tools.r8.utils.structural.b::a@18 (line 5)
                      ; - com.android.tools.r8.internal.vM::a@6 (line 3)
                      ; - com.android.tools.r8.internal.vM$b::b@1 (line 1)
                      ; - com.android.tools.r8.internal.vM$b$$Lambda$2753/0x000001908276c180::a@1
                      ; - com.android.tools.r8.internal.vM$b::c@12 (line 2)
                      ; - com.android.tools.r8.internal.vM$b$$Lambda$2750/0x000001908276bd40::a@1
  0x00000190e6cd6a24: d8fe 5afe | baf4 ffff | ff49 8be8 | 4889 5c24 | 0889 7424 | 1044 8954 

  0x00000190e6cd6a3c: ;   {runtime_call UncommonTrapBlob}
  0x00000190e6cd6a3c: 2414 90e8 

  0x00000190e6cd6a40: ; ImmutableOopMap {rbp=Oop [8]=Oop [20]=NarrowOop }
                      ;*checkcast {reexecute=0 rethrow=0 return_oop=0}
                      ; - com.android.tools.r8.internal.vM$$Lambda$2684/0x000001908270fbb0::applyAsInt@1
                      ; - com.android.tools.r8.utils.structural.b::a@29 (line 5)
                      ; - com.android.tools.r8.internal.vM::a@6 (line 3)
                      ; - com.android.tools.r8.internal.vM$b::b@1 (line 1)
                      ; - com.android.tools.r8.internal.vM$b$$Lambda$2753/0x000001908276c180::a@1
                      ; - com.android.tools.r8.internal.vM$b::c@12 (line 2)
                      ; - com.android.tools.r8.internal.vM$b$$Lambda$2750/0x000001908276bd40::a@1
  0x00000190e6cd6a40: bcfe 5afe | baf4 ffff | ff49 8be8 | 4889 5c24 | 0844 8954 

  0x00000190e6cd6a54: ;   {runtime_call UncommonTrapBlob}
  0x00000190e6cd6a54: 2410 90e8 

  0x00000190e6cd6a58: ; ImmutableOopMap {rbp=Oop [8]=Oop [16]=NarrowOop }
                      ;*checkcast {reexecute=0 rethrow=0 return_oop=0}
                      ; - com.android.tools.r8.internal.vM$$Lambda$2692/0x0000019082710d38::test@1
                      ; - com.android.tools.r8.utils.structural.b::b@18 (line 2)
                      ; - com.android.tools.r8.internal.vM::a@46 (line 8)
                      ; - com.android.tools.r8.internal.vM$b::b@1 (line 1)
                      ; - com.android.tools.r8.internal.vM$b$$Lambda$2753/0x000001908276c180::a@1
                      ; - com.android.tools.r8.internal.vM$b::c@12 (line 2)
                      ; - com.android.tools.r8.internal.vM$b$$Lambda$2750/0x000001908276bd40::a@1
  0x00000190e6cd6a58: a4fe 5afe | baf4 ffff | ff4c 8904 | 2448 895c | 2410 4489 

  0x00000190e6cd6a6c: ;   {runtime_call UncommonTrapBlob}
  0x00000190e6cd6a6c: 5424 18e8 

  0x00000190e6cd6a70: ; ImmutableOopMap {[0]=Oop [16]=Oop [24]=NarrowOop }
                      ;*checkcast {reexecute=0 rethrow=0 return_oop=0}
                      ; - com.android.tools.r8.internal.vM$$Lambda$2692/0x0000019082710d38::test@1
                      ; - com.android.tools.r8.utils.structural.b::b@29 (line 2)
                      ; - com.android.tools.r8.internal.vM::a@46 (line 8)
                      ; - com.android.tools.r8.internal.vM$b::b@1 (line 1)
                      ; - com.android.tools.r8.internal.vM$b$$Lambda$2753/0x000001908276c180::a@1
                      ; - com.android.tools.r8.internal.vM$b::c@12 (line 2)
                      ; - com.android.tools.r8.internal.vM$b$$Lambda$2750/0x000001908276bd40::a@1
  0x00000190e6cd6a70: 8cfe 5afe | baf4 ffff | ff49 8be8 | 4889 5c24 | 0844 8954 

  0x00000190e6cd6a84: ;   {runtime_call UncommonTrapBlob}
  0x00000190e6cd6a84: 2410 90e8 

  0x00000190e6cd6a88: ; ImmutableOopMap {rbp=Oop [8]=Oop [16]=NarrowOop }
                      ;*checkcast {reexecute=0 rethrow=0 return_oop=0}
                      ; - com.android.tools.r8.internal.vM$$Lambda$2691/0x0000019082710af0::test@1
                      ; - com.android.tools.r8.utils.structural.b::b@18 (line 2)
                      ; - com.android.tools.r8.internal.vM::a@38 (line 7)
                      ; - com.android.tools.r8.internal.vM$b::b@1 (line 1)
                      ; - com.android.tools.r8.internal.vM$b$$Lambda$2753/0x000001908276c180::a@1
                      ; - com.android.tools.r8.internal.vM$b::c@12 (line 2)
                      ; - com.android.tools.r8.internal.vM$b$$Lambda$2750/0x000001908276bd40::a@1
  0x00000190e6cd6a88: 74fe 5afe | baf4 ffff | ff4c 8904 | 2448 895c | 2410 4489 

  0x00000190e6cd6a9c: ;   {runtime_call UncommonTrapBlob}
  0x00000190e6cd6a9c: 5424 18e8 

  0x00000190e6cd6aa0: ; ImmutableOopMap {[0]=Oop [16]=Oop [24]=NarrowOop }
                      ;*checkcast {reexecute=0 rethrow=0 return_oop=0}
                      ; - com.android.tools.r8.internal.vM$$Lambda$2691/0x0000019082710af0::test@1
                      ; - com.android.tools.r8.utils.structural.b::b@29 (line 2)
                      ; - com.android.tools.r8.internal.vM::a@38 (line 7)
                      ; - com.android.tools.r8.internal.vM$b::b@1 (line 1)
                      ; - com.android.tools.r8.internal.vM$b$$Lambda$2753/0x000001908276c180::a@1
                      ; - com.android.tools.r8.internal.vM$b::c@12 (line 2)
                      ; - com.android.tools.r8.internal.vM$b$$Lambda$2750/0x000001908276bd40::a@1
  0x00000190e6cd6aa0: 5cfe 5afe | baf4 ffff | ff48 8b2c | 244c 8904 

  0x00000190e6cd6ab0: ;   {runtime_call UncommonTrapBlob}
  0x00000190e6cd6ab0: 2466 90e8 

  0x00000190e6cd6ab4: ; ImmutableOopMap {rbp=Oop [0]=Oop }
                      ;*checkcast {reexecute=0 rethrow=0 return_oop=0}
                      ; - com.android.tools.r8.internal.vM$$Lambda$2686/0x0000019082710000::apply@1
                      ; - com.android.tools.r8.utils.structural.l::a@19 (line 10)
                      ; - com.android.tools.r8.utils.structural.z::a@16 (line 5)
                      ; - com.android.tools.r8.utils.structural.z::h@8 (line 1)
                      ; - com.android.tools.r8.internal.vM::a@22 (line 5)
                      ; - com.android.tools.r8.internal.vM$b::b@1 (line 1)
                      ; - com.android.tools.r8.internal.vM$b$$Lambda$2753/0x000001908276c180::a@1
                      ; - com.android.tools.r8.internal.vM$b::c@12 (line 2)
                      ; - com.android.tools.r8.internal.vM$b$$Lambda$2750/0x000001908276bd40::a@1
  0x00000190e6cd6ab4: 48fe 5afe | baf4 ffff | ff48 8b2c | 244c 8904 

  0x00000190e6cd6ac4: ;   {runtime_call UncommonTrapBlob}
  0x00000190e6cd6ac4: 2466 90e8 

  0x00000190e6cd6ac8: ; ImmutableOopMap {rbp=Oop [0]=Oop }
                      ;*checkcast {reexecute=0 rethrow=0 return_oop=0}
                      ; - com.android.tools.r8.internal.vM$$Lambda$2690/0x00000190827108b8::apply@1
                      ; - com.android.tools.r8.utils.structural.l::a@19 (line 10)
                      ; - com.android.tools.r8.utils.structural.z::a@16 (line 5)
                      ; - com.android.tools.r8.utils.structural.z::h@8 (line 1)
                      ; - com.android.tools.r8.internal.vM::a@30 (line 6)
                      ; - com.android.tools.r8.internal.vM$b::b@1 (line 1)
                      ; - com.android.tools.r8.internal.vM$b$$Lambda$2753/0x000001908276c180::a@1
                      ; - com.android.tools.r8.internal.vM$b::c@12 (line 2)
                      ; - com.android.tools.r8.internal.vM$b$$Lambda$2750/0x000001908276bd40::a@1
  0x00000190e6cd6ac8: 34fe 5afe | baf6 ffff 

  0x00000190e6cd6ad0: ;   {runtime_call UncommonTrapBlob}
  0x00000190e6cd6ad0: ff66 90e8 

  0x00000190e6cd6ad4: ; ImmutableOopMap {}
                      ;*invokevirtual hashCode {reexecute=0 rethrow=0 return_oop=0}
                      ; - com.android.tools.r8.utils.structural.l::a@24 (line 10)
                      ; - com.android.tools.r8.utils.structural.z::a@16 (line 5)
                      ; - com.android.tools.r8.utils.structural.z::h@8 (line 1)
                      ; - com.android.tools.r8.internal.vM::a@30 (line 6)
                      ; - com.android.tools.r8.internal.vM$b::b@1 (line 1)
                      ; - com.android.tools.r8.internal.vM$b$$Lambda$2753/0x000001908276c180::a@1
                      ; - com.android.tools.r8.internal.vM$b::c@12 (line 2)
                      ; - com.android.tools.r8.internal.vM$b$$Lambda$2750/0x000001908276bd40::a@1
  0x00000190e6cd6ad4: 28fe 5afe | baf4 ffff | ff49 8bea 

  0x00000190e6cd6ae0: ;   {runtime_call UncommonTrapBlob}
  0x00000190e6cd6ae0: 6666 90e8 

  0x00000190e6cd6ae4: ; ImmutableOopMap {rbp=Oop }
                      ;*checkcast {reexecute=0 rethrow=0 return_oop=0}
                      ; - com.android.tools.r8.internal.vM$b$$Lambda$2754/0x000001908276c398::apply@1
                      ; - com.android.tools.r8.utils.structural.l::a@19 (line 10)
                      ; - com.android.tools.r8.utils.structural.z::a@16 (line 5)
                      ; - com.android.tools.r8.utils.structural.z::h@8 (line 1)
                      ; - com.android.tools.r8.internal.vM$b::c@25 (line 4)
                      ; - com.android.tools.r8.internal.vM$b$$Lambda$2750/0x000001908276bd40::a@1
  0x00000190e6cd6ae4: 18fe 5afe | baf4 ffff | ff48 8b2c | 244c 8904 | 2448 8944 | 2410 4889 

  0x00000190e6cd6afc: ;   {runtime_call UncommonTrapBlob}
  0x00000190e6cd6afc: 4424 18e8 

  0x00000190e6cd6b00: ; ImmutableOopMap {rbp=Oop [0]=Oop [16]=Oop [24]=Oop }
                      ;*checkcast {reexecute=0 rethrow=0 return_oop=0}
                      ; - com.android.tools.r8.internal.vM$$Lambda$2684/0x000001908270fbb0::applyAsInt@1
                      ; - com.android.tools.r8.utils.structural.l::a@6 (line 7)
                      ; - com.android.tools.r8.internal.vM::a@6 (line 3)
                      ; - com.android.tools.r8.internal.vM$b::b@1 (line 1)
                      ; - com.android.tools.r8.internal.vM$b$$Lambda$2753/0x000001908276c180::a@1
                      ; - com.android.tools.r8.internal.vM$b::c@12 (line 2)
                      ; - com.android.tools.r8.internal.vM$b$$Lambda$2750/0x000001908276bd40::a@1
                      ; - com.android.tools.r8.utils.structural.l::a@11 (line 3)
                      ; - com.android.tools.r8.internal.vM::hashCode@11 (line 2)
                      ; - com.android.tools.r8.utils.structural.l::a@24 (line 10)
                      ; - com.android.tools.r8.utils.structural.z::a@16 (line 5)
                      ; - com.android.tools.r8.utils.structural.z::h@8 (line 1)
                      ; - com.android.tools.r8.internal.vM::a@30 (line 6)
                      ; - com.android.tools.r8.internal.vM$b::b@1 (line 1)
                      ; - com.android.tools.r8.internal.vM$b$$Lambda$2753/0x000001908276c180::a@1
                      ; - com.android.tools.r8.internal.vM$b::c@12 (line 2)
                      ; - com.android.tools.r8.internal.vM$b$$Lambda$2750/0x000001908276bd40::a@1
  0x00000190e6cd6b00: fcfd 5afe | baf4 ffff | ff48 8b2c | 244c 8b54 | 2410 4c89 | 1424 4889 | 4c24 1048 | 894c 2418 
  0x00000190e6cd6b20: ;   {runtime_call UncommonTrapBlob}
  0x00000190e6cd6b20: 6666 90e8 

  0x00000190e6cd6b24: ; ImmutableOopMap {rbp=Oop [0]=Oop [16]=Oop [24]=Oop }
                      ;*checkcast {reexecute=0 rethrow=0 return_oop=0}
                      ; - com.android.tools.r8.internal.vM$$Lambda$2685/0x000001908270fdc8::applyAsInt@1
                      ; - com.android.tools.r8.utils.structural.l::a@6 (line 7)
                      ; - com.android.tools.r8.internal.vM::a@14 (line 4)
                      ; - com.android.tools.r8.internal.vM$b::b@1 (line 1)
                      ; - com.android.tools.r8.internal.vM$b$$Lambda$2753/0x000001908276c180::a@1
                      ; - com.android.tools.r8.internal.vM$b::c@12 (line 2)
                      ; - com.android.tools.r8.internal.vM$b$$Lambda$2750/0x000001908276bd40::a@1
                      ; - com.android.tools.r8.utils.structural.l::a@11 (line 3)
                      ; - com.android.tools.r8.internal.vM::hashCode@11 (line 2)
                      ; - com.android.tools.r8.utils.structural.l::a@24 (line 10)
                      ; - com.android.tools.r8.utils.structural.z::a@16 (line 5)
                      ; - com.android.tools.r8.utils.structural.z::h@8 (line 1)
                      ; - com.android.tools.r8.internal.vM::a@30 (line 6)
                      ; - com.android.tools.r8.internal.vM$b::b@1 (line 1)
                      ; - com.android.tools.r8.internal.vM$b$$Lambda$2753/0x000001908276c180::a@1
                      ; - com.android.tools.r8.internal.vM$b::c@12 (line 2)
                      ; - com.android.tools.r8.internal.vM$b$$Lambda$2750/0x000001908276bd40::a@1
  0x00000190e6cd6b24: d8fd 5afe | baf6 ffff 

  0x00000190e6cd6b2c: ;   {runtime_call UncommonTrapBlob}
  0x00000190e6cd6b2c: ff66 90e8 

  0x00000190e6cd6b30: ; ImmutableOopMap {}
                      ;*invokevirtual h {reexecute=0 rethrow=0 return_oop=0}
                      ; - com.android.tools.r8.internal.vM::a@30 (line 6)
                      ; - com.android.tools.r8.internal.vM$b::b@1 (line 1)
                      ; - com.android.tools.r8.internal.vM$b$$Lambda$2753/0x000001908276c180::a@1
                      ; - com.android.tools.r8.internal.vM$b::c@12 (line 2)
                      ; - com.android.tools.r8.internal.vM$b$$Lambda$2750/0x000001908276bd40::a@1
                      ; - com.android.tools.r8.utils.structural.l::a@11 (line 3)
                      ; - com.android.tools.r8.internal.vM::hashCode@11 (line 2)
                      ; - com.android.tools.r8.utils.structural.l::a@24 (line 10)
                      ; - com.android.tools.r8.utils.structural.z::a@16 (line 5)
                      ; - com.android.tools.r8.utils.structural.z::h@8 (line 1)
                      ; - com.android.tools.r8.internal.vM::a@30 (line 6)
                      ; - com.android.tools.r8.internal.vM$b::b@1 (line 1)
                      ; - com.android.tools.r8.internal.vM$b$$Lambda$2753/0x000001908276c180::a@1
                      ; - com.android.tools.r8.internal.vM$b::c@12 (line 2)
                      ; - com.android.tools.r8.internal.vM$b$$Lambda$2750/0x000001908276bd40::a@1
  0x00000190e6cd6b30: ccfd 5afe | baf6 ffff 

  0x00000190e6cd6b38: ;   {runtime_call UncommonTrapBlob}
  0x00000190e6cd6b38: ff66 90e8 

  0x00000190e6cd6b3c: ; ImmutableOopMap {}
                      ;*invokevirtual b {reexecute=0 rethrow=0 return_oop=0}
                      ; - com.android.tools.r8.internal.vM::a@38 (line 7)
                      ; - com.android.tools.r8.internal.vM$b::b@1 (line 1)
                      ; - com.android.tools.r8.internal.vM$b$$Lambda$2753/0x000001908276c180::a@1
                      ; - com.android.tools.r8.internal.vM$b::c@12 (line 2)
                      ; - com.android.tools.r8.internal.vM$b$$Lambda$2750/0x000001908276bd40::a@1
                      ; - com.android.tools.r8.utils.structural.l::a@11 (line 3)
                      ; - com.android.tools.r8.internal.vM::hashCode@11 (line 2)
                      ; - com.android.tools.r8.utils.structural.l::a@24 (line 10)
                      ; - com.android.tools.r8.utils.structural.z::a@16 (line 5)
                      ; - com.android.tools.r8.utils.structural.z::h@8 (line 1)
                      ; - com.android.tools.r8.internal.vM::a@30 (line 6)
                      ; - com.android.tools.r8.internal.vM$b::b@1 (line 1)
                      ; - com.android.tools.r8.internal.vM$b$$Lambda$2753/0x000001908276c180::a@1
                      ; - com.android.tools.r8.internal.vM$b::c@12 (line 2)
                      ; - com.android.tools.r8.internal.vM$b$$Lambda$2750/0x000001908276bd40::a@1
  0x00000190e6cd6b3c: c0fd 5afe | baf4 ffff | ff48 8b2c | 244c 8b54 | 2410 4c89 

  0x00000190e6cd6b50: ;   {runtime_call UncommonTrapBlob}
  0x00000190e6cd6b50: 1424 90e8 

  0x00000190e6cd6b54: ; ImmutableOopMap {rbp=Oop [0]=Oop [24]=Oop }
                      ;*checkcast {reexecute=0 rethrow=0 return_oop=0}
                      ; - com.android.tools.r8.internal.vM$b$$Lambda$2754/0x000001908276c398::apply@1
                      ; - com.android.tools.r8.utils.structural.l::a@19 (line 10)
                      ; - com.android.tools.r8.utils.structural.z::a@16 (line 5)
                      ; - com.android.tools.r8.utils.structural.z::h@8 (line 1)
                      ; - com.android.tools.r8.internal.vM$b::c@25 (line 4)
                      ; - com.android.tools.r8.internal.vM$b$$Lambda$2750/0x000001908276bd40::a@1
                      ; - com.android.tools.r8.utils.structural.l::a@11 (line 3)
                      ; - com.android.tools.r8.internal.vM::hashCode@11 (line 2)
                      ; - com.android.tools.r8.utils.structural.l::a@24 (line 10)
                      ; - com.android.tools.r8.utils.structural.z::a@16 (line 5)
                      ; - com.android.tools.r8.utils.structural.z::h@8 (line 1)
                      ; - com.android.tools.r8.internal.vM::a@30 (line 6)
                      ; - com.android.tools.r8.internal.vM$b::b@1 (line 1)
                      ; - com.android.tools.r8.internal.vM$b$$Lambda$2753/0x000001908276c180::a@1
                      ; - com.android.tools.r8.internal.vM$b::c@12 (line 2)
                      ; - com.android.tools.r8.internal.vM$b$$Lambda$2750/0x000001908276bd40::a@1
  0x00000190e6cd6b54: a8fd 5afe | baf4 ffff | ff48 8b2c | 244c 8b54 | 2410 4c89 | 1424 4c8b | 5424 184c | 8954 2410 
  0x00000190e6cd6b74: 4c89 4424 

  0x00000190e6cd6b78: ;   {runtime_call UncommonTrapBlob}
  0x00000190e6cd6b78: 1866 90e8 

  0x00000190e6cd6b7c: ; ImmutableOopMap {rbp=Oop [0]=Oop [16]=Oop [24]=Oop }
                      ;*checkcast {reexecute=0 rethrow=0 return_oop=0}
                      ; - com.android.tools.r8.internal.vM$$Lambda$2691/0x0000019082710af0::test@1
                      ; - com.android.tools.r8.utils.structural.l::b@6 (line 1)
                      ; - com.android.tools.r8.internal.vM::a@38 (line 7)
                      ; - com.android.tools.r8.internal.vM$b::b@1 (line 1)
                      ; - com.android.tools.r8.internal.vM$b$$Lambda$2753/0x000001908276c180::a@1
                      ; - com.android.tools.r8.internal.vM$b::c@12 (line 2)
                      ; - com.android.tools.r8.internal.vM$b$$Lambda$2750/0x000001908276bd40::a@1
                      ; - com.android.tools.r8.utils.structural.l::a@11 (line 3)
                      ; - com.android.tools.r8.internal.vM::hashCode@11 (line 2)
                      ; - com.android.tools.r8.utils.structural.l::a@24 (line 10)
                      ; - com.android.tools.r8.utils.structural.z::a@16 (line 5)
                      ; - com.android.tools.r8.utils.structural.z::h@8 (line 1)
                      ; - com.android.tools.r8.internal.vM::a@30 (line 6)
                      ; - com.android.tools.r8.internal.vM$b::b@1 (line 1)
                      ; - com.android.tools.r8.internal.vM$b$$Lambda$2753/0x000001908276c180::a@1
                      ; - com.android.tools.r8.internal.vM$b::c@12 (line 2)
                      ; - com.android.tools.r8.internal.vM$b$$Lambda$2750/0x000001908276bd40::a@1
  0x00000190e6cd6b7c: 80fd 5afe | baf4 ffff | ff48 8b2c | 244c 8b54 | 2410 4c89 | 1424 4c8b | 5424 184c | 8954 2410 
  0x00000190e6cd6b9c: 4889 4424 

  0x00000190e6cd6ba0: ;   {runtime_call UncommonTrapBlob}
  0x00000190e6cd6ba0: 1866 90e8 

  0x00000190e6cd6ba4: ; ImmutableOopMap {rbp=Oop [0]=Oop [16]=Oop [24]=Oop }
                      ;*checkcast {reexecute=0 rethrow=0 return_oop=0}
                      ; - com.android.tools.r8.internal.vM$$Lambda$2692/0x0000019082710d38::test@1
                      ; - com.android.tools.r8.utils.structural.l::b@6 (line 1)
                      ; - com.android.tools.r8.internal.vM::a@46 (line 8)
                      ; - com.android.tools.r8.internal.vM$b::b@1 (line 1)
                      ; - com.android.tools.r8.internal.vM$b$$Lambda$2753/0x000001908276c180::a@1
                      ; - com.android.tools.r8.internal.vM$b::c@12 (line 2)
                      ; - com.android.tools.r8.internal.vM$b$$Lambda$2750/0x000001908276bd40::a@1
                      ; - com.android.tools.r8.utils.structural.l::a@11 (line 3)
                      ; - com.android.tools.r8.internal.vM::hashCode@11 (line 2)
                      ; - com.android.tools.r8.utils.structural.l::a@24 (line 10)
                      ; - com.android.tools.r8.utils.structural.z::a@16 (line 5)
                      ; - com.android.tools.r8.utils.structural.z::h@8 (line 1)
                      ; - com.android.tools.r8.internal.vM::a@30 (line 6)
                      ; - com.android.tools.r8.internal.vM$b::b@1 (line 1)
                      ; - com.android.tools.r8.internal.vM$b$$Lambda$2753/0x000001908276c180::a@1
                      ; - com.android.tools.r8.internal.vM$b::c@12 (line 2)
                      ; - com.android.tools.r8.internal.vM$b$$Lambda$2750/0x000001908276bd40::a@1
  0x00000190e6cd6ba4: 58fd 5afe | baf4 ffff | ff48 8b2c | 244c 8b54 | 2410 4c89 | 1424 4c8b | 5424 184c | 8954 2410 
  0x00000190e6cd6bc4: 4489 4424 | 2048 8944 

  0x00000190e6cd6bcc: ;   {runtime_call UncommonTrapBlob}
  0x00000190e6cd6bcc: 2428 90e8 

  0x00000190e6cd6bd0: ; ImmutableOopMap {rbp=Oop [0]=Oop [16]=Oop [32]=NarrowOop [40]=Oop }
                      ;*checkcast {reexecute=0 rethrow=0 return_oop=0}
                      ; - com.android.tools.r8.internal.vM$$Lambda$2692/0x0000019082710d38::test@1
                      ; - com.android.tools.r8.utils.structural.b::b@18 (line 2)
                      ; - com.android.tools.r8.internal.vM::a@46 (line 8)
                      ; - com.android.tools.r8.internal.vM$b::b@1 (line 1)
                      ; - com.android.tools.r8.internal.vM$b$$Lambda$2753/0x000001908276c180::a@1
                      ; - com.android.tools.r8.internal.vM$b::c@12 (line 2)
                      ; - com.android.tools.r8.internal.vM$b$$Lambda$2750/0x000001908276bd40::a@1
                      ; - com.android.tools.r8.utils.structural.l::a@11 (line 3)
                      ; - com.android.tools.r8.internal.vM::hashCode@11 (line 2)
                      ; - com.android.tools.r8.utils.structural.l::a@24 (line 10)
                      ; - com.android.tools.r8.utils.structural.z::a@16 (line 5)
                      ; - com.android.tools.r8.utils.structural.z::h@8 (line 1)
                      ; - com.android.tools.r8.internal.vM::a@30 (line 6)
                      ; - com.android.tools.r8.internal.vM$b::b@1 (line 1)
                      ; - com.android.tools.r8.internal.vM$b$$Lambda$2753/0x000001908276c180::a@1
                      ; - com.android.tools.r8.internal.vM$b::c@12 (line 2)
                      ; - com.android.tools.r8.internal.vM$b$$Lambda$2750/0x000001908276bd40::a@1
  0x00000190e6cd6bd0: 2cfd 5afe | baf4 ffff | ff4c 8b54 | 2410 4c89 | 5424 0848 | 8944 2428 | 4489 4424 

  0x00000190e6cd6bec: ;   {runtime_call UncommonTrapBlob}
  0x00000190e6cd6bec: 3066 90e8 

  0x00000190e6cd6bf0: ; ImmutableOopMap {[0]=Oop [8]=Oop [24]=Oop [40]=Oop [48]=NarrowOop }
                      ;*checkcast {reexecute=0 rethrow=0 return_oop=0}
                      ; - com.android.tools.r8.internal.vM$$Lambda$2692/0x0000019082710d38::test@1
                      ; - com.android.tools.r8.utils.structural.b::b@29 (line 2)
                      ; - com.android.tools.r8.internal.vM::a@46 (line 8)
                      ; - com.android.tools.r8.internal.vM$b::b@1 (line 1)
                      ; - com.android.tools.r8.internal.vM$b$$Lambda$2753/0x000001908276c180::a@1
                      ; - com.android.tools.r8.internal.vM$b::c@12 (line 2)
                      ; - com.android.tools.r8.internal.vM$b$$Lambda$2750/0x000001908276bd40::a@1
                      ; - com.android.tools.r8.utils.structural.l::a@11 (line 3)
                      ; - com.android.tools.r8.internal.vM::hashCode@11 (line 2)
                      ; - com.android.tools.r8.utils.structural.l::a@24 (line 10)
                      ; - com.android.tools.r8.utils.structural.z::a@16 (line 5)
                      ; - com.android.tools.r8.utils.structural.z::h@8 (line 1)
                      ; - com.android.tools.r8.internal.vM::a@30 (line 6)
                      ; - com.android.tools.r8.internal.vM$b::b@1 (line 1)
                      ; - com.android.tools.r8.internal.vM$b$$Lambda$2753/0x000001908276c180::a@1
                      ; - com.android.tools.r8.internal.vM$b::c@12 (line 2)
                      ; - com.android.tools.r8.internal.vM$b$$Lambda$2750/0x000001908276bd40::a@1
  0x00000190e6cd6bf0: 0cfd 5afe | baf4 ffff | ff48 8b2c | 244c 8b5c | 2410 4c89 | 1c24 4c8b | 5c24 184c | 895c 2410 
  0x00000190e6cd6c10: 4489 5424 | 2048 894c 

  0x00000190e6cd6c18: ;   {runtime_call UncommonTrapBlob}
  0x00000190e6cd6c18: 2428 90e8 

  0x00000190e6cd6c1c: ; ImmutableOopMap {rbp=Oop [0]=Oop [16]=Oop [32]=NarrowOop [40]=Oop }
                      ;*checkcast {reexecute=0 rethrow=0 return_oop=0}
                      ; - com.android.tools.r8.internal.vM$$Lambda$2691/0x0000019082710af0::test@1
                      ; - com.android.tools.r8.utils.structural.b::b@18 (line 2)
                      ; - com.android.tools.r8.internal.vM::a@38 (line 7)
                      ; - com.android.tools.r8.internal.vM$b::b@1 (line 1)
                      ; - com.android.tools.r8.internal.vM$b$$Lambda$2753/0x000001908276c180::a@1
                      ; - com.android.tools.r8.internal.vM$b::c@12 (line 2)
                      ; - com.android.tools.r8.internal.vM$b$$Lambda$2750/0x000001908276bd40::a@1
                      ; - com.android.tools.r8.utils.structural.l::a@11 (line 3)
                      ; - com.android.tools.r8.internal.vM::hashCode@11 (line 2)
                      ; - com.android.tools.r8.utils.structural.l::a@24 (line 10)
                      ; - com.android.tools.r8.utils.structural.z::a@16 (line 5)
                      ; - com.android.tools.r8.utils.structural.z::h@8 (line 1)
                      ; - com.android.tools.r8.internal.vM::a@30 (line 6)
                      ; - com.android.tools.r8.internal.vM$b::b@1 (line 1)
                      ; - com.android.tools.r8.internal.vM$b$$Lambda$2753/0x000001908276c180::a@1
                      ; - com.android.tools.r8.internal.vM$b::c@12 (line 2)
                      ; - com.android.tools.r8.internal.vM$b$$Lambda$2750/0x000001908276bd40::a@1
  0x00000190e6cd6c1c: e0fc 5afe | baf4 ffff | ff4c 8b5c | 2410 4c89 | 5c24 0848 | 894c 2428 | 4489 5424 

  0x00000190e6cd6c38: ;   {runtime_call UncommonTrapBlob}
  0x00000190e6cd6c38: 3066 90e8 

  0x00000190e6cd6c3c: ; ImmutableOopMap {[0]=Oop [8]=Oop [24]=Oop [40]=Oop [48]=NarrowOop }
                      ;*checkcast {reexecute=0 rethrow=0 return_oop=0}
                      ; - com.android.tools.r8.internal.vM$$Lambda$2691/0x0000019082710af0::test@1
                      ; - com.android.tools.r8.utils.structural.b::b@29 (line 2)
                      ; - com.android.tools.r8.internal.vM::a@38 (line 7)
                      ; - com.android.tools.r8.internal.vM$b::b@1 (line 1)
                      ; - com.android.tools.r8.internal.vM$b$$Lambda$2753/0x000001908276c180::a@1
                      ; - com.android.tools.r8.internal.vM$b::c@12 (line 2)
                      ; - com.android.tools.r8.internal.vM$b$$Lambda$2750/0x000001908276bd40::a@1
                      ; - com.android.tools.r8.utils.structural.l::a@11 (line 3)
                      ; - com.android.tools.r8.internal.vM::hashCode@11 (line 2)
                      ; - com.android.tools.r8.utils.structural.l::a@24 (line 10)
                      ; - com.android.tools.r8.utils.structural.z::a@16 (line 5)
                      ; - com.android.tools.r8.utils.structural.z::h@8 (line 1)
                      ; - com.android.tools.r8.internal.vM::a@30 (line 6)
                      ; - com.android.tools.r8.internal.vM$b::b@1 (line 1)
                      ; - com.android.tools.r8.internal.vM$b$$Lambda$2753/0x000001908276c180::a@1
                      ; - com.android.tools.r8.internal.vM$b::c@12 (line 2)
                      ; - com.android.tools.r8.internal.vM$b$$Lambda$2750/0x000001908276bd40::a@1
  0x00000190e6cd6c3c: c0fc 5afe | 488b d0e9 | ca00 0000 | 488b d0e9 | c200 0000 | 488b d0e9 | ba00 0000 | 488b d0e9 
  0x00000190e6cd6c5c: b200 0000 | 488b d0e9 | aa00 0000 | 488b d0e9 | a200 0000 | 488b d0e9 | 9a00 0000 | 488b d0e9 
  0x00000190e6cd6c7c: 9200 0000 | eb1a 488b | d0e9 8800 | 0000 eb75 | eb7a eb7f | eb00 488b | d0eb 7b48 | 8bd0 eb76 
  0x00000190e6cd6c9c: 488b d0eb | 71eb 5eeb | 5ceb 5a48 | 8bd0 eb66 | eb5a eb58 | eb56 eb5b | eb59 eb57 | eb00 488b 
  0x00000190e6cd6cbc: d0eb 5348 | 8bd0 eb4e | 488b d0eb | 4948 8bd0 | eb44 488b | d0eb 3feb | 0048 8bd0 | eb38 eb00 
  0x00000190e6cd6cdc: 488b d0eb | 3148 8bd0 | eb2c 488b | d0eb 2748 | 8bd0 eb22 | 488b d0eb | 1d48 8bd0 | eb18 488b 
  0x00000190e6cd6cfc: d0eb 13eb | 0048 8bd0 | eb0c eb00 | 488b d0eb | 05eb 0048 | 8bd0 4883 

  0x00000190e6cd6d14: ;   {runtime_call _rethrow_Java}
  0x00000190e6cd6d14: c460 5de9 | e4af 65fe 

  0x00000190e6cd6d1c: ;   {internal_word}
  0x00000190e6cd6d1c: 49ba 445e | cde6 9001 | 0000 4d89 | 9760 0300 

  0x00000190e6cd6d2c: ;   {runtime_call SafepointBlob}
  0x00000190e6cd6d2c: 00e9 ce0c | 5bfe f4f4 | f4f4 f4f4 | f4f4 f4f4 | f4f4 f4f4 
[Stub Code]
  0x00000190e6cd6d40: ;   {no_reloc}
  0x00000190e6cd6d40: 48bb 0000 | 0000 0000 

  0x00000190e6cd6d48: ;   {runtime_call}
  0x00000190e6cd6d48: 0000 e9fb 

  0x00000190e6cd6d4c: ;   {static_stub}
  0x00000190e6cd6d4c: ffff ff48 | bb00 0000 | 0000 0000 

  0x00000190e6cd6d58: ;   {runtime_call}
  0x00000190e6cd6d58: 00e9 fbff 

  0x00000190e6cd6d5c: ;   {static_stub}
  0x00000190e6cd6d5c: ffff 48bb | 0000 0000 | 0000 0000 

  0x00000190e6cd6d68: ;   {runtime_call}
  0x00000190e6cd6d68: e9fb ffff 

  0x00000190e6cd6d6c: ;   {static_stub}
  0x00000190e6cd6d6c: ff48 bb00 | 0000 0000 

  0x00000190e6cd6d74: ;   {runtime_call}
  0x00000190e6cd6d74: 0000 00e9 | fbff ffff 

  0x00000190e6cd6d7c: ;   {static_stub}
  0x00000190e6cd6d7c: 48bb 0000 | 0000 0000 

  0x00000190e6cd6d84: ;   {runtime_call}
  0x00000190e6cd6d84: 0000 e9fb 

  0x00000190e6cd6d88: ;   {static_stub}
  0x00000190e6cd6d88: ffff ff48 | bb00 0000 | 0000 0000 

  0x00000190e6cd6d94: ;   {runtime_call}
  0x00000190e6cd6d94: 00e9 fbff 

  0x00000190e6cd6d98: ;   {static_stub}
  0x00000190e6cd6d98: ffff 48bb | 0000 0000 | 0000 0000 

  0x00000190e6cd6da4: ;   {runtime_call}
  0x00000190e6cd6da4: e9fb ffff 

  0x00000190e6cd6da8: ;   {static_stub}
  0x00000190e6cd6da8: ff48 bb00 | 0000 0000 

  0x00000190e6cd6db0: ;   {runtime_call}
  0x00000190e6cd6db0: 0000 00e9 | fbff ffff 

  0x00000190e6cd6db8: ;   {static_stub}
  0x00000190e6cd6db8: 48bb 0000 | 0000 0000 

  0x00000190e6cd6dc0: ;   {runtime_call}
  0x00000190e6cd6dc0: 0000 e9fb 

  0x00000190e6cd6dc4: ;   {static_stub}
  0x00000190e6cd6dc4: ffff ff48 | bb00 0000 | 0000 0000 

  0x00000190e6cd6dd0: ;   {runtime_call}
  0x00000190e6cd6dd0: 00e9 fbff 

  0x00000190e6cd6dd4: ;   {static_stub}
  0x00000190e6cd6dd4: ffff 48bb | 0000 0000 | 0000 0000 

  0x00000190e6cd6de0: ;   {runtime_call}
  0x00000190e6cd6de0: e9fb ffff 

  0x00000190e6cd6de4: ;   {static_stub}
  0x00000190e6cd6de4: ff48 bb00 | 0000 0000 

  0x00000190e6cd6dec: ;   {runtime_call}
  0x00000190e6cd6dec: 0000 00e9 | fbff ffff 

  0x00000190e6cd6df4: ;   {static_stub}
  0x00000190e6cd6df4: 48bb 0000 | 0000 0000 

  0x00000190e6cd6dfc: ;   {runtime_call}
  0x00000190e6cd6dfc: 0000 e9fb 

  0x00000190e6cd6e00: ;   {static_stub}
  0x00000190e6cd6e00: ffff ff48 | bb00 0000 | 0000 0000 

  0x00000190e6cd6e0c: ;   {runtime_call}
  0x00000190e6cd6e0c: 00e9 fbff 

  0x00000190e6cd6e10: ;   {static_stub}
  0x00000190e6cd6e10: ffff 48bb | 0000 0000 | 0000 0000 

  0x00000190e6cd6e1c: ;   {runtime_call}
  0x00000190e6cd6e1c: e9fb ffff 

  0x00000190e6cd6e20: ;   {static_stub}
  0x00000190e6cd6e20: ff48 bb00 | 0000 0000 

  0x00000190e6cd6e28: ;   {runtime_call}
  0x00000190e6cd6e28: 0000 00e9 | fbff ffff 

  0x00000190e6cd6e30: ;   {static_stub}
  0x00000190e6cd6e30: 48bb 0000 | 0000 0000 

  0x00000190e6cd6e38: ;   {runtime_call}
  0x00000190e6cd6e38: 0000 e9fb 

  0x00000190e6cd6e3c: ;   {static_stub}
  0x00000190e6cd6e3c: ffff ff48 | bb00 0000 | 0000 0000 

  0x00000190e6cd6e48: ;   {runtime_call}
  0x00000190e6cd6e48: 00e9 fbff 

  0x00000190e6cd6e4c: ;   {static_stub}
  0x00000190e6cd6e4c: ffff 48bb | 0000 0000 | 0000 0000 

  0x00000190e6cd6e58: ;   {runtime_call}
  0x00000190e6cd6e58: e9fb ffff 

  0x00000190e6cd6e5c: ;   {static_stub}
  0x00000190e6cd6e5c: ff48 bb00 | 0000 0000 

  0x00000190e6cd6e64: ;   {runtime_call}
  0x00000190e6cd6e64: 0000 00e9 | fbff ffff 

  0x00000190e6cd6e6c: ;   {static_stub}
  0x00000190e6cd6e6c: 48bb 0000 | 0000 0000 

  0x00000190e6cd6e74: ;   {runtime_call}
  0x00000190e6cd6e74: 0000 e9fb 

  0x00000190e6cd6e78: ;   {static_stub}
  0x00000190e6cd6e78: ffff ff48 | bb00 0000 | 0000 0000 

  0x00000190e6cd6e84: ;   {runtime_call}
  0x00000190e6cd6e84: 00e9 fbff 

  0x00000190e6cd6e88: ;   {static_stub}
  0x00000190e6cd6e88: ffff 48bb | 0000 0000 | 0000 0000 

  0x00000190e6cd6e94: ;   {runtime_call}
  0x00000190e6cd6e94: e9fb ffff 

  0x00000190e6cd6e98: ;   {static_stub}
  0x00000190e6cd6e98: ff48 bb00 | 0000 0000 

  0x00000190e6cd6ea0: ;   {runtime_call}
  0x00000190e6cd6ea0: 0000 00e9 | fbff ffff 

  0x00000190e6cd6ea8: ;   {static_stub}
  0x00000190e6cd6ea8: 48bb 0000 | 0000 0000 

  0x00000190e6cd6eb0: ;   {runtime_call}
  0x00000190e6cd6eb0: 0000 e9fb 

  0x00000190e6cd6eb4: ;   {runtime_call ExceptionBlob}
  0x00000190e6cd6eb4: ffff ffe9 | c4c5 64fe 
[Deopt Handler Code]
  0x00000190e6cd6ebc: e800 0000 | 0048 832c 

  0x00000190e6cd6ec4: ;   {runtime_call DeoptimizationBlob}
  0x00000190e6cd6ec4: 2405 e9d5 | fd5a fef4 | f4f4 f4f4 
[/MachCode]


---------------  P R O C E S S  ---------------

Threads class SMR info:
_java_thread_list=0x00000190d30aa5f0, length=73, elements={
0x00000190d4981740, 0x00000190f44d71e0, 0x00000190f44d7f70, 0x00000190f44ef6a0,
0x00000190f44f2f90, 0x00000190f44f3860, 0x00000190f44f4130, 0x00000190f44f82e0,
0x00000190f4500cb0, 0x00000190f450bda0, 0x00000190f44c2280, 0x00000190f487a560,
0x00000190fa706630, 0x00000190fa0fd190, 0x00000190fa78cef0, 0x00000190fa84e1f0,
0x00000190fa84f630, 0x00000190fa84c390, 0x00000190fae80830, 0x00000190fae830b0,
0x00000190fae81c70, 0x00000190fb74dab0, 0x00000190fc08df20, 0x00000190fc08ee50,
0x00000190fb74cb80, 0x00000190fb74dfc0, 0x00000190fb747570, 0x00000190fb7484a0,
0x00000190d37c3440, 0x00000190fef32b80, 0x00000190fef30300, 0x00000190fef30810,
0x00000190fef30d20, 0x00000190fef31740, 0x00000190fef31c50, 0x00000190fef33090,
0x00000190fef335a0, 0x00000190fef33ab0, 0x00000190fef33fc0, 0x00000190fe44e860,
0x00000190fe44ed70, 0x00000190fe4510e0, 0x00000190fe44f280, 0x00000190fe44f790,
0x00000190fe44d420, 0x00000190fe44fca0, 0x00000190fe44a180, 0x00000190fe44aba0,
0x00000190fe44b0b0, 0x00000190fe44bad0, 0x00000190d37c1af0, 0x00000190d37c06b0,
0x00000190d37c0bc0, 0x00000190d37c10d0, 0x00000190c57aeef0, 0x00000190c57af910,
0x00000190c57b0330, 0x00000190c57b0840, 0x00000190d349b8e0, 0x00000190d349c300,
0x00000190d349a4a0, 0x00000190d3499060, 0x0000019100e1a600, 0x0000019100e18cb0,
0x00000190fae82180, 0x00000190fae82ba0, 0x00000190fae82690, 0x00000190fa84d7d0,
0x00000190fa84ec10, 0x00000190fa84c8a0, 0x00000190fc08b6a0, 0x00000190fc08c5d0,
0x00000190d289b5a0
}

Java Threads: ( => current thread )
  0x00000190d4981740 JavaThread "main" [_thread_blocked, id=4428, stack(0x0000007c84f00000,0x0000007c85000000)]
  0x00000190f44d71e0 JavaThread "Reference Handler" daemon [_thread_blocked, id=14116, stack(0x0000007c85600000,0x0000007c85700000)]
  0x00000190f44d7f70 JavaThread "Finalizer" daemon [_thread_blocked, id=2648, stack(0x0000007c85700000,0x0000007c85800000)]
  0x00000190f44ef6a0 JavaThread "Signal Dispatcher" daemon [_thread_blocked, id=7860, stack(0x0000007c85800000,0x0000007c85900000)]
  0x00000190f44f2f90 JavaThread "Attach Listener" daemon [_thread_blocked, id=12608, stack(0x0000007c85900000,0x0000007c85a00000)]
  0x00000190f44f3860 JavaThread "Service Thread" daemon [_thread_blocked, id=4640, stack(0x0000007c85a00000,0x0000007c85b00000)]
  0x00000190f44f4130 JavaThread "Monitor Deflation Thread" daemon [_thread_blocked, id=14724, stack(0x0000007c85b00000,0x0000007c85c00000)]
  0x00000190f44f82e0 JavaThread "C2 CompilerThread0" daemon [_thread_blocked, id=2292, stack(0x0000007c85c00000,0x0000007c85d00000)]
  0x00000190f4500cb0 JavaThread "C1 CompilerThread0" daemon [_thread_blocked, id=1188, stack(0x0000007c85d00000,0x0000007c85e00000)]
  0x00000190f450bda0 JavaThread "Sweeper thread" daemon [_thread_blocked, id=6844, stack(0x0000007c85e00000,0x0000007c85f00000)]
  0x00000190f44c2280 JavaThread "Common-Cleaner" daemon [_thread_blocked, id=7624, stack(0x0000007c85f00000,0x0000007c86000000)]
  0x00000190f487a560 JavaThread "Notification Thread" daemon [_thread_blocked, id=14868, stack(0x0000007c86000000,0x0000007c86100000)]
  0x00000190fa706630 JavaThread "Daemon health stats" [_thread_blocked, id=13648, stack(0x0000007c86200000,0x0000007c86300000)]
  0x00000190fa0fd190 JavaThread "Incoming local TCP Connector on port 57190" [_thread_in_native, id=6804, stack(0x0000007c86700000,0x0000007c86800000)]
  0x00000190fa78cef0 JavaThread "Daemon periodic checks" [_thread_blocked, id=10204, stack(0x0000007c86800000,0x0000007c86900000)]
  0x00000190fa84e1f0 JavaThread "Cache worker for journal cache (C:\Users\ssaha\.gradle\caches\journal-1)" [_thread_blocked, id=11056, stack(0x0000007c87000000,0x0000007c87100000)]
  0x00000190fa84f630 JavaThread "File lock request listener" [_thread_in_native, id=2240, stack(0x0000007c87100000,0x0000007c87200000)]
  0x00000190fa84c390 JavaThread "Cache worker for file hash cache (C:\Users\ssaha\.gradle\caches\8.9\fileHashes)" [_thread_blocked, id=12044, stack(0x0000007c87200000,0x0000007c87300000)]
  0x00000190fae80830 JavaThread "File watcher server" daemon [_thread_in_native, id=8560, stack(0x0000007c87600000,0x0000007c87700000)]
  0x00000190fae830b0 JavaThread "File watcher consumer" daemon [_thread_blocked, id=11060, stack(0x0000007c87700000,0x0000007c87800000)]
  0x00000190fae81c70 JavaThread "Cache worker for file content cache (C:\Users\ssaha\.gradle\caches\8.9\fileContent)" [_thread_blocked, id=9468, stack(0x0000007c87900000,0x0000007c87a00000)]
  0x00000190fb74dab0 JavaThread "Memory manager" [_thread_blocked, id=3080, stack(0x0000007c88600000,0x0000007c88700000)]
  0x00000190fc08df20 JavaThread "Monitor" [_thread_in_native, id=6064, stack(0x0000007c8b100000,0x0000007c8b200000)]
  0x00000190fc08ee50 JavaThread "Device List Monitor" [_thread_in_native, id=1084, stack(0x0000007c87300000,0x0000007c87400000)]
  0x00000190fb74cb80 JavaThread "RMI Scheduler(0)" daemon [_thread_blocked, id=12424, stack(0x0000007c86f00000,0x0000007c87000000)]
  0x00000190fb74dfc0 JavaThread "RMI GC Daemon" daemon [_thread_blocked, id=9892, stack(0x0000007c89900000,0x0000007c89a00000)]
  0x00000190fb747570 JavaThread "RMI TCP Accept-0" daemon [_thread_in_native, id=13516, stack(0x0000007c89a00000,0x0000007c89b00000)]
  0x00000190fb7484a0 JavaThread "RMI Reaper" [_thread_blocked, id=12112, stack(0x0000007c89b00000,0x0000007c89c00000)]
  0x00000190d37c3440 JavaThread "Cache worker for Java compile cache (C:\Users\ssaha\.gradle\caches\8.9\javaCompile)" [_thread_blocked, id=3484, stack(0x0000007c8a100000,0x0000007c8a200000)]
  0x00000190fef32b80 JavaThread "Daemon Thread 9" [_thread_blocked, id=13224, stack(0x0000007c84d00000,0x0000007c84e00000)]
  0x00000190fef30300 JavaThread "Handler for socket connection from /127.0.0.1:57190 to /127.0.0.1:52331" [_thread_in_native, id=4152, stack(0x0000007c84e00000,0x0000007c84f00000)]
  0x00000190fef30810 JavaThread "Cancel handler" [_thread_blocked, id=5944, stack(0x0000007c86900000,0x0000007c86a00000)]
  0x00000190fef30d20 JavaThread "Daemon worker Thread 9" [_thread_blocked, id=12060, stack(0x0000007c86a00000,0x0000007c86b00000)]
  0x00000190fef31740 JavaThread "Asynchronous log dispatcher for DefaultDaemonConnection: socket connection from /127.0.0.1:57190 to /127.0.0.1:52331" [_thread_blocked, id=4752, stack(0x0000007c86b00000,0x0000007c86c00000)]
  0x00000190fef31c50 JavaThread "Stdin handler" [_thread_blocked, id=2720, stack(0x0000007c86c00000,0x0000007c86d00000)]
  0x00000190fef33090 JavaThread "Daemon client event forwarder" [_thread_blocked, id=11012, stack(0x0000007c86d00000,0x0000007c86e00000)]
  0x00000190fef335a0 JavaThread "Cache worker for file hash cache (C:\Mobile\WordGameMobileApp\.gradle\8.9\fileHashes)" [_thread_blocked, id=1936, stack(0x0000007c86e00000,0x0000007c86f00000)]
  0x00000190fef33ab0 JavaThread "Cache worker for Build Output Cleanup Cache (C:\Mobile\WordGameMobileApp\.gradle\buildOutputCleanup)" [_thread_blocked, id=13716, stack(0x0000007c87400000,0x0000007c87500000)]
  0x00000190fef33fc0 JavaThread "Cache worker for checksums cache (C:\Mobile\WordGameMobileApp\.gradle\8.9\checksums)" [_thread_blocked, id=4688, stack(0x0000007c87500000,0x0000007c87600000)]
  0x00000190fe44e860 JavaThread "Cache worker for cache directory md-rule (C:\Users\ssaha\.gradle\caches\8.9\md-rule)" [_thread_blocked, id=7784, stack(0x0000007c87800000,0x0000007c87900000)]
  0x00000190fe44ed70 JavaThread "Cache worker for cache directory md-supplier (C:\Users\ssaha\.gradle\caches\8.9\md-supplier)" [_thread_blocked, id=10828, stack(0x0000007c87a00000,0x0000007c87b00000)]
  0x00000190fe4510e0 JavaThread "Unconstrained build operations" [_thread_blocked, id=11172, stack(0x0000007c87b00000,0x0000007c87c00000)]
  0x00000190fe44f280 JavaThread "Unconstrained build operations Thread 2" [_thread_blocked, id=5004, stack(0x0000007c87d00000,0x0000007c87e00000)]
  0x00000190fe44f790 JavaThread "Unconstrained build operations Thread 3" [_thread_blocked, id=13460, stack(0x0000007c87e00000,0x0000007c87f00000)]
  0x00000190fe44d420 JavaThread "Unconstrained build operations Thread 4" [_thread_blocked, id=15148, stack(0x0000007c87f00000,0x0000007c88000000)]
  0x00000190fe44fca0 JavaThread "Unconstrained build operations Thread 5" [_thread_blocked, id=8428, stack(0x0000007c88000000,0x0000007c88100000)]
  0x00000190fe44a180 JavaThread "Unconstrained build operations Thread 6" [_thread_blocked, id=10284, stack(0x0000007c88100000,0x0000007c88200000)]
  0x00000190fe44aba0 JavaThread "build event listener" [_thread_blocked, id=1100, stack(0x0000007c88300000,0x0000007c88400000)]
  0x00000190fe44b0b0 JavaThread "ForkJoinPool.commonPool-worker-25" daemon [_thread_blocked, id=11572, stack(0x0000007c88200000,0x0000007c88300000)]
  0x00000190fe44bad0 JavaThread "ForkJoinPool.commonPool-worker-26" daemon [_thread_blocked, id=10884, stack(0x0000007c88400000,0x0000007c88500000)]
  0x00000190d37c1af0 JavaThread "included builds" [_thread_blocked, id=3492, stack(0x0000007c88800000,0x0000007c88900000)]
  0x00000190d37c06b0 JavaThread "Execution worker" [_thread_blocked, id=14752, stack(0x0000007c88900000,0x0000007c88a00000)]
=>0x00000190d37c0bc0 JavaThread "Execution worker Thread 2" [_thread_in_Java, id=13804, stack(0x0000007c88a00000,0x0000007c88b00000)]
  0x00000190d37c10d0 JavaThread "Execution worker Thread 3" [_thread_blocked, id=13004, stack(0x0000007c88b00000,0x0000007c88c00000)]
  0x00000190c57aeef0 JavaThread "Cache worker for execution history cache (C:\Mobile\WordGameMobileApp\.gradle\8.9\executionHistory)" [_thread_blocked, id=9248, stack(0x0000007c88c00000,0x0000007c88d00000)]
  0x00000190c57af910 JavaThread "Unconstrained build operations Thread 7" [_thread_blocked, id=15184, stack(0x0000007c88d00000,0x0000007c88e00000)]
  0x00000190c57b0330 JavaThread "Unconstrained build operations Thread 8" [_thread_blocked, id=7128, stack(0x0000007c88e00000,0x0000007c88f00000)]
  0x00000190c57b0840 JavaThread "Unconstrained build operations Thread 9" [_thread_blocked, id=14220, stack(0x0000007c88f00000,0x0000007c89000000)]
  0x00000190d349b8e0 JavaThread "WorkerExecutor Queue Thread 2" [_thread_blocked, id=10800, stack(0x0000007c89100000,0x0000007c89200000)]
  0x00000190d349c300 JavaThread "WorkerExecutor Queue Thread 4" [_thread_blocked, id=1440, stack(0x0000007c89300000,0x0000007c89400000)]
  0x00000190d349a4a0 JavaThread "WorkerExecutor Queue Thread 5" [_thread_blocked, id=7924, stack(0x0000007c88700000,0x0000007c88800000)]
  0x00000190d3499060 JavaThread "Unconstrained build operations Thread 10" [_thread_blocked, id=14880, stack(0x0000007c89400000,0x0000007c89500000)]
  0x0000019100e1a600 JavaThread "Unconstrained build operations Thread 11" [_thread_blocked, id=9772, stack(0x0000007c89600000,0x0000007c89700000)]
  0x0000019100e18cb0 JavaThread "Unconstrained build operations Thread 12" [_thread_blocked, id=5100, stack(0x0000007c89700000,0x0000007c89800000)]
  0x00000190fae82180 JavaThread "Unconstrained build operations Thread 13" [_thread_blocked, id=14660, stack(0x0000007c89e00000,0x0000007c89f00000)]
  0x00000190fae82ba0 JavaThread "pool-30-thread-1" [_thread_blocked, id=14588, stack(0x0000007c89d00000,0x0000007c89e00000)]
  0x00000190fae82690 JavaThread "stderr" [_thread_in_native, id=9440, stack(0x0000007c89f00000,0x0000007c8a000000)]
  0x00000190fa84d7d0 JavaThread "stdout" [_thread_in_native, id=9084, stack(0x0000007c8a000000,0x0000007c8a100000)]
  0x00000190fa84ec10 JavaThread "WorkerExecutor Queue Thread 7" [_thread_blocked, id=4320, stack(0x0000007c8a200000,0x0000007c8a300000)]
  0x00000190fa84c8a0 JavaThread "Unconstrained build operations Thread 14" [_thread_blocked, id=6500, stack(0x0000007c8a300000,0x0000007c8a400000)]
  0x00000190fc08b6a0 JavaThread "Unconstrained build operations Thread 15" [_thread_blocked, id=5580, stack(0x0000007c8a400000,0x0000007c8a500000)]
  0x00000190fc08c5d0 JavaThread "Unconstrained build operations Thread 16" [_thread_blocked, id=14936, stack(0x0000007c8a500000,0x0000007c8a600000)]
  0x00000190d289b5a0 JavaThread "C2 CompilerThread1" daemon [_thread_blocked, id=14772, stack(0x0000007c89000000,0x0000007c89100000)]

Other Threads:
  0x00000190f44d0c20 VMThread "VM Thread" [stack: 0x0000007c85500000,0x0000007c85600000] [id=9500] _threads_hazard_ptr=0x00000190d30aa5f0
  0x00000190f487aa40 WatcherThread [stack: 0x0000007c86100000,0x0000007c86200000] [id=1512]
  0x00000190d49dd750 GCTaskThread "GC Thread#0" [stack: 0x0000007c85000000,0x0000007c85100000] [id=3000]
  0x00000190f4a6ec60 GCTaskThread "GC Thread#1" [stack: 0x0000007c86300000,0x0000007c86400000] [id=9828]
  0x00000190f49fb020 GCTaskThread "GC Thread#2" [stack: 0x0000007c86400000,0x0000007c86500000] [id=9568]
  0x00000190f993b980 GCTaskThread "GC Thread#3" [stack: 0x0000007c86500000,0x0000007c86600000] [id=8320]
  0x00000190d49ee5b0 ConcurrentGCThread "G1 Main Marker" [stack: 0x0000007c85100000,0x0000007c85200000] [id=4064]
  0x00000190d49ef680 ConcurrentGCThread "G1 Conc#0" [stack: 0x0000007c85200000,0x0000007c85300000] [id=9792]
  0x00000190d4a35410 ConcurrentGCThread "G1 Refine#0" [stack: 0x0000007c85300000,0x0000007c85400000] [id=10304]
  0x00000190f4a65810 ConcurrentGCThread "G1 Refine#1" [stack: 0x0000007c86600000,0x0000007c86700000] [id=752]
  0x00000190fbd1bcf0 ConcurrentGCThread "G1 Refine#2" [stack: 0x0000007c87c00000,0x0000007c87d00000] [id=5576]
  0x00000190c5fb4eb0 ConcurrentGCThread "G1 Refine#3" [stack: 0x0000007c8ba00000,0x0000007c8bb00000] [id=10572]
  0x00000190d4a35d50 ConcurrentGCThread "G1 Service" [stack: 0x0000007c85400000,0x0000007c85500000] [id=14012]

Threads with active compile tasks:
C2 CompilerThread0  3880910 54054       4       com.android.tools.r8.internal.Kl::a (29 bytes)
C2 CompilerThread1  3880910 54053       4       com.android.tools.r8.internal.Y8::a (5 bytes)

VM state: synchronizing (normal execution)

VM Mutex/Monitor currently owned by a thread:  ([mutex/lock_event])
[0x00000190d497d350] Threads_lock - owner thread: 0x00000190f44d0c20
[0x00000190d497dfb0] Heap_lock - owner thread: 0x00000190fa84c8a0

Heap address: 0x0000000080000000, size: 2048 MB, Compressed Oops mode: 32-bit

CDS archive(s) mapped at: [0x0000019080000000-0x0000019080bb0000-0x0000019080bb0000), size 12255232, SharedBaseAddress: 0x0000019080000000, ArchiveRelocationMode: 1.
Compressed class space mapped at: 0x0000019081000000-0x00000190c1000000, reserved size: 1073741824
Narrow klass base: 0x0000019080000000, Narrow klass shift: 0, Narrow klass range: 0x100000000

GC Precious Log:
 CPUs: 4 total, 4 available
 Memory: 8101M
 Large Page Support: Disabled
 NUMA Support: Disabled
 Compressed Oops: Enabled (32-bit)
 Heap Region Size: 1M
 Heap Min Capacity: 8M
 Heap Initial Capacity: 128M
 Heap Max Capacity: 2G
 Pre-touch: Disabled
 Parallel Workers: 4
 Concurrent Workers: 1
 Concurrent Refinement Workers: 4
 Periodic GC: Disabled

Heap:
 garbage-first heap   total 1926144K, used 1592128K [0x0000000080000000, 0x0000000100000000)
  region size 1024K, 868 young (888832K), 30 survivors (30720K)
 Metaspace       used 220227K, committed 222208K, reserved 1245184K
  class space    used 27495K, committed 28480K, reserved 1048576K

Heap Regions: E=young(eden), S=young(survivor), O=old, HS=humongous(starts), HC=humongous(continues), CS=collection set, F=free, OA=open archive, CA=closed archive, TAMS=top-at-mark-start (previous, next)
|   0|0x0000000080000000, 0x0000000080100000, 0x0000000080100000|100%|HS|  |TAMS 0x0000000080100000, 0x0000000080000000| Complete 
|   1|0x0000000080100000, 0x0000000080200000, 0x0000000080200000|100%|HC|  |TAMS 0x0000000080200000, 0x0000000080100000| Complete 
|   2|0x0000000080200000, 0x0000000080300000, 0x0000000080300000|100%|HC|  |TAMS 0x0000000080300000, 0x0000000080200000| Complete 
|   3|0x0000000080300000, 0x0000000080400000, 0x0000000080400000|100%|HC|  |TAMS 0x0000000080400000, 0x0000000080300000| Complete 
|   4|0x0000000080400000, 0x0000000080500000, 0x0000000080500000|100%| O|  |TAMS 0x0000000080500000, 0x0000000080400000| Untracked 
|   5|0x0000000080500000, 0x0000000080600000, 0x0000000080600000|100%| O|  |TAMS 0x0000000080600000, 0x0000000080500000| Untracked 
|   6|0x0000000080600000, 0x0000000080700000, 0x0000000080700000|100%| O|  |TAMS 0x0000000080700000, 0x0000000080600000| Untracked 
|   7|0x0000000080700000, 0x0000000080800000, 0x0000000080800000|100%| O|  |TAMS 0x0000000080800000, 0x0000000080700000| Untracked 
|   8|0x0000000080800000, 0x0000000080900000, 0x0000000080900000|100%|HS|  |TAMS 0x0000000080900000, 0x0000000080800000| Complete 
|   9|0x0000000080900000, 0x0000000080a00000, 0x0000000080a00000|100%| O|  |TAMS 0x0000000080a00000, 0x0000000080900000| Untracked 
|  10|0x0000000080a00000, 0x0000000080b00000, 0x0000000080b00000|100%| O|  |TAMS 0x0000000080b00000, 0x0000000080a00000| Untracked 
|  11|0x0000000080b00000, 0x0000000080c00000, 0x0000000080c00000|100%| O|  |TAMS 0x0000000080c00000, 0x0000000080b00000| Untracked 
|  12|0x0000000080c00000, 0x0000000080d00000, 0x0000000080d00000|100%| O|  |TAMS 0x0000000080d00000, 0x0000000080c00000| Untracked 
|  13|0x0000000080d00000, 0x0000000080e00000, 0x0000000080e00000|100%| O|  |TAMS 0x0000000080e00000, 0x0000000080d00000| Untracked 
|  14|0x0000000080e00000, 0x0000000080f00000, 0x0000000080f00000|100%| O|  |TAMS 0x0000000080f00000, 0x0000000080e00000| Untracked 
|  15|0x0000000080f00000, 0x0000000081000000, 0x0000000081000000|100%| O|  |TAMS 0x0000000081000000, 0x0000000080f00000| Untracked 
|  16|0x0000000081000000, 0x0000000081100000, 0x0000000081100000|100%| O|  |TAMS 0x0000000081100000, 0x0000000081000000| Untracked 
|  17|0x0000000081100000, 0x00000000811f8e00, 0x0000000081200000| 97%| O|  |TAMS 0x00000000811f8e00, 0x0000000081100000| Untracked 
|  18|0x0000000081200000, 0x0000000081300000, 0x0000000081300000|100%| O|  |TAMS 0x0000000081300000, 0x0000000081200000| Untracked 
|  19|0x0000000081300000, 0x0000000081400000, 0x0000000081400000|100%| O|  |TAMS 0x0000000081400000, 0x0000000081300000| Untracked 
|  20|0x0000000081400000, 0x0000000081500000, 0x0000000081500000|100%| O|  |TAMS 0x0000000081500000, 0x0000000081400000| Untracked 
|  21|0x0000000081500000, 0x0000000081600000, 0x0000000081600000|100%| O|  |TAMS 0x0000000081600000, 0x0000000081500000| Untracked 
|  22|0x0000000081600000, 0x0000000081700000, 0x0000000081700000|100%| O|  |TAMS 0x0000000081700000, 0x0000000081600000| Untracked 
|  23|0x0000000081700000, 0x0000000081800000, 0x0000000081800000|100%| O|  |TAMS 0x0000000081800000, 0x0000000081700000| Untracked 
|  24|0x0000000081800000, 0x0000000081900000, 0x0000000081900000|100%| O|  |TAMS 0x0000000081900000, 0x0000000081800000| Untracked 
|  25|0x0000000081900000, 0x0000000081a00000, 0x0000000081a00000|100%| O|  |TAMS 0x0000000081a00000, 0x0000000081900000| Untracked 
|  26|0x0000000081a00000, 0x0000000081b00000, 0x0000000081b00000|100%| O|  |TAMS 0x0000000081b00000, 0x0000000081a00000| Untracked 
|  27|0x0000000081b00000, 0x0000000081c00000, 0x0000000081c00000|100%| O|  |TAMS 0x0000000081c00000, 0x0000000081b00000| Untracked 
|  28|0x0000000081c00000, 0x0000000081d00000, 0x0000000081d00000|100%| O|  |TAMS 0x0000000081d00000, 0x0000000081c00000| Untracked 
|  29|0x0000000081d00000, 0x0000000081e00000, 0x0000000081e00000|100%| O|  |TAMS 0x0000000081e00000, 0x0000000081d00000| Untracked 
|  30|0x0000000081e00000, 0x0000000081f00000, 0x0000000081f00000|100%| O|  |TAMS 0x0000000081f00000, 0x0000000081e00000| Untracked 
|  31|0x0000000081f00000, 0x0000000082000000, 0x0000000082000000|100%| O|  |TAMS 0x0000000082000000, 0x0000000081f00000| Untracked 
|  32|0x0000000082000000, 0x0000000082100000, 0x0000000082100000|100%| O|  |TAMS 0x0000000082100000, 0x0000000082000000| Untracked 
|  33|0x0000000082100000, 0x0000000082200000, 0x0000000082200000|100%| O|  |TAMS 0x0000000082200000, 0x0000000082100000| Untracked 
|  34|0x0000000082200000, 0x0000000082300000, 0x0000000082300000|100%| O|  |TAMS 0x0000000082300000, 0x0000000082200000| Untracked 
|  35|0x0000000082300000, 0x0000000082400000, 0x0000000082400000|100%| O|  |TAMS 0x0000000082400000, 0x0000000082300000| Untracked 
|  36|0x0000000082400000, 0x0000000082500000, 0x0000000082500000|100%| O|  |TAMS 0x0000000082500000, 0x0000000082400000| Untracked 
|  37|0x0000000082500000, 0x0000000082600000, 0x0000000082600000|100%| O|  |TAMS 0x0000000082600000, 0x0000000082500000| Untracked 
|  38|0x0000000082600000, 0x0000000082700000, 0x0000000082700000|100%|HS|  |TAMS 0x0000000082700000, 0x0000000082600000| Complete 
|  39|0x0000000082700000, 0x0000000082800000, 0x0000000082800000|100%|HS|  |TAMS 0x0000000082800000, 0x0000000082700000| Complete 
|  40|0x0000000082800000, 0x0000000082900000, 0x0000000082900000|100%|HS|  |TAMS 0x0000000082900000, 0x0000000082800000| Complete 
|  41|0x0000000082900000, 0x0000000082a00000, 0x0000000082a00000|100%|HC|  |TAMS 0x0000000082a00000, 0x0000000082900000| Complete 
|  42|0x0000000082a00000, 0x0000000082b00000, 0x0000000082b00000|100%|HS|  |TAMS 0x0000000082b00000, 0x0000000082a00000| Complete 
|  43|0x0000000082b00000, 0x0000000082c00000, 0x0000000082c00000|100%|HC|  |TAMS 0x0000000082c00000, 0x0000000082b00000| Complete 
|  44|0x0000000082c00000, 0x0000000082d00000, 0x0000000082d00000|100%|HS|  |TAMS 0x0000000082d00000, 0x0000000082c00000| Complete 
|  45|0x0000000082d00000, 0x0000000082e00000, 0x0000000082e00000|100%|HS|  |TAMS 0x0000000082e00000, 0x0000000082d00000| Complete 
|  46|0x0000000082e00000, 0x0000000082f00000, 0x0000000082f00000|100%|HC|  |TAMS 0x0000000082f00000, 0x0000000082e00000| Complete 
|  47|0x0000000082f00000, 0x0000000083000000, 0x0000000083000000|100%|HC|  |TAMS 0x0000000083000000, 0x0000000082f00000| Complete 
|  48|0x0000000083000000, 0x0000000083100000, 0x0000000083100000|100%|HC|  |TAMS 0x0000000083100000, 0x0000000083000000| Complete 
|  49|0x0000000083100000, 0x0000000083200000, 0x0000000083200000|100%| O|  |TAMS 0x0000000083200000, 0x0000000083100000| Untracked 
|  50|0x0000000083200000, 0x0000000083300000, 0x0000000083300000|100%|HS|  |TAMS 0x0000000083300000, 0x0000000083200000| Complete 
|  51|0x0000000083300000, 0x0000000083400000, 0x0000000083400000|100%|HS|  |TAMS 0x0000000083400000, 0x0000000083300000| Complete 
|  52|0x0000000083400000, 0x0000000083500000, 0x0000000083500000|100%| O|  |TAMS 0x0000000083500000, 0x0000000083400000| Untracked 
|  53|0x0000000083500000, 0x0000000083600000, 0x0000000083600000|100%| O|  |TAMS 0x0000000083600000, 0x0000000083500000| Untracked 
|  54|0x0000000083600000, 0x0000000083700000, 0x0000000083700000|100%| O|  |TAMS 0x0000000083700000, 0x0000000083600000| Untracked 
|  55|0x0000000083700000, 0x0000000083800000, 0x0000000083800000|100%| O|  |TAMS 0x0000000083800000, 0x0000000083700000| Untracked 
|  56|0x0000000083800000, 0x0000000083900000, 0x0000000083900000|100%| O|  |TAMS 0x0000000083900000, 0x0000000083800000| Untracked 
|  57|0x0000000083900000, 0x0000000083a00000, 0x0000000083a00000|100%| O|  |TAMS 0x0000000083a00000, 0x0000000083900000| Untracked 
|  58|0x0000000083a00000, 0x0000000083b00000, 0x0000000083b00000|100%| O|  |TAMS 0x0000000083b00000, 0x0000000083a00000| Untracked 
|  59|0x0000000083b00000, 0x0000000083c00000, 0x0000000083c00000|100%|HS|  |TAMS 0x0000000083c00000, 0x0000000083b00000| Complete 
|  60|0x0000000083c00000, 0x0000000083d00000, 0x0000000083d00000|100%|HC|  |TAMS 0x0000000083d00000, 0x0000000083c00000| Complete 
|  61|0x0000000083d00000, 0x0000000083e00000, 0x0000000083e00000|100%|HC|  |TAMS 0x0000000083e00000, 0x0000000083d00000| Complete 
|  62|0x0000000083e00000, 0x0000000083f00000, 0x0000000083f00000|100%|HC|  |TAMS 0x0000000083f00000, 0x0000000083e00000| Complete 
|  63|0x0000000083f00000, 0x0000000083f00000, 0x0000000084000000|  0%| F|  |TAMS 0x0000000083f00000, 0x0000000083f00000| Untracked 
|  64|0x0000000084000000, 0x0000000084100000, 0x0000000084100000|100%| O|  |TAMS 0x0000000084100000, 0x0000000084000000| Untracked 
|  65|0x0000000084100000, 0x0000000084200000, 0x0000000084200000|100%| O|  |TAMS 0x0000000084200000, 0x0000000084100000| Untracked 
|  66|0x0000000084200000, 0x0000000084300000, 0x0000000084300000|100%| O|  |TAMS 0x0000000084300000, 0x0000000084200000| Untracked 
|  67|0x0000000084300000, 0x0000000084400000, 0x0000000084400000|100%| O|  |TAMS 0x0000000084400000, 0x0000000084300000| Untracked 
|  68|0x0000000084400000, 0x0000000084500000, 0x0000000084500000|100%| O|  |TAMS 0x0000000084500000, 0x0000000084400000| Untracked 
|  69|0x0000000084500000, 0x0000000084600000, 0x0000000084600000|100%| O|  |TAMS 0x0000000084600000, 0x0000000084500000| Untracked 
|  70|0x0000000084600000, 0x0000000084700000, 0x0000000084700000|100%| O|  |TAMS 0x0000000084700000, 0x0000000084600000| Untracked 
|  71|0x0000000084700000, 0x0000000084800000, 0x0000000084800000|100%| O|  |TAMS 0x0000000084800000, 0x0000000084700000| Untracked 
|  72|0x0000000084800000, 0x0000000084900000, 0x0000000084900000|100%| O|  |TAMS 0x0000000084900000, 0x0000000084800000| Untracked 
|  73|0x0000000084900000, 0x0000000084a00000, 0x0000000084a00000|100%| O|  |TAMS 0x0000000084a00000, 0x0000000084900000| Untracked 
|  74|0x0000000084a00000, 0x0000000084b00000, 0x0000000084b00000|100%| O|  |TAMS 0x0000000084b00000, 0x0000000084a00000| Untracked 
|  75|0x0000000084b00000, 0x0000000084c00000, 0x0000000084c00000|100%| O|  |TAMS 0x0000000084c00000, 0x0000000084b00000| Untracked 
|  76|0x0000000084c00000, 0x0000000084d00000, 0x0000000084d00000|100%| O|  |TAMS 0x0000000084d00000, 0x0000000084c00000| Untracked 
|  77|0x0000000084d00000, 0x0000000084e00000, 0x0000000084e00000|100%| O|  |TAMS 0x0000000084e00000, 0x0000000084d00000| Untracked 
|  78|0x0000000084e00000, 0x0000000084f00000, 0x0000000084f00000|100%| O|  |TAMS 0x0000000084f00000, 0x0000000084e00000| Untracked 
|  79|0x0000000084f00000, 0x0000000085000000, 0x0000000085000000|100%| O|  |TAMS 0x0000000085000000, 0x0000000084f00000| Untracked 
|  80|0x0000000085000000, 0x0000000085100000, 0x0000000085100000|100%| O|  |TAMS 0x0000000085100000, 0x0000000085000000| Untracked 
|  81|0x0000000085100000, 0x0000000085200000, 0x0000000085200000|100%| O|  |TAMS 0x0000000085200000, 0x0000000085100000| Untracked 
|  82|0x0000000085200000, 0x0000000085300000, 0x0000000085300000|100%| O|  |TAMS 0x0000000085300000, 0x0000000085200000| Untracked 
|  83|0x0000000085300000, 0x0000000085400000, 0x0000000085400000|100%| O|  |TAMS 0x0000000085400000, 0x0000000085300000| Untracked 
|  84|0x0000000085400000, 0x0000000085500000, 0x0000000085500000|100%| O|  |TAMS 0x0000000085500000, 0x0000000085400000| Untracked 
|  85|0x0000000085500000, 0x0000000085600000, 0x0000000085600000|100%| O|  |TAMS 0x0000000085600000, 0x0000000085500000| Untracked 
|  86|0x0000000085600000, 0x0000000085700000, 0x0000000085700000|100%| O|  |TAMS 0x0000000085700000, 0x0000000085600000| Untracked 
|  87|0x0000000085700000, 0x0000000085800000, 0x0000000085800000|100%| O|  |TAMS 0x0000000085800000, 0x0000000085700000| Untracked 
|  88|0x0000000085800000, 0x0000000085900000, 0x0000000085900000|100%| O|  |TAMS 0x0000000085900000, 0x0000000085800000| Untracked 
|  89|0x0000000085900000, 0x0000000085a00000, 0x0000000085a00000|100%| O|  |TAMS 0x0000000085a00000, 0x0000000085900000| Untracked 
|  90|0x0000000085a00000, 0x0000000085b00000, 0x0000000085b00000|100%| O|  |TAMS 0x0000000085b00000, 0x0000000085a00000| Untracked 
|  91|0x0000000085b00000, 0x0000000085c00000, 0x0000000085c00000|100%| O|  |TAMS 0x0000000085c00000, 0x0000000085b00000| Untracked 
|  92|0x0000000085c00000, 0x0000000085d00000, 0x0000000085d00000|100%| O|  |TAMS 0x0000000085d00000, 0x0000000085c00000| Untracked 
|  93|0x0000000085d00000, 0x0000000085e00000, 0x0000000085e00000|100%| O|  |TAMS 0x0000000085e00000, 0x0000000085d00000| Untracked 
|  94|0x0000000085e00000, 0x0000000085f00000, 0x0000000085f00000|100%| O|  |TAMS 0x0000000085f00000, 0x0000000085e00000| Untracked 
|  95|0x0000000085f00000, 0x0000000086000000, 0x0000000086000000|100%| O|  |TAMS 0x0000000086000000, 0x0000000085f00000| Untracked 
|  96|0x0000000086000000, 0x0000000086100000, 0x0000000086100000|100%| O|  |TAMS 0x0000000086100000, 0x0000000086000000| Untracked 
|  97|0x0000000086100000, 0x0000000086200000, 0x0000000086200000|100%| O|  |TAMS 0x0000000086200000, 0x0000000086100000| Untracked 
|  98|0x0000000086200000, 0x0000000086300000, 0x0000000086300000|100%| O|  |TAMS 0x0000000086300000, 0x0000000086200000| Untracked 
|  99|0x0000000086300000, 0x0000000086400000, 0x0000000086400000|100%| O|  |TAMS 0x0000000086400000, 0x0000000086300000| Untracked 
| 100|0x0000000086400000, 0x0000000086500000, 0x0000000086500000|100%| O|  |TAMS 0x0000000086500000, 0x0000000086400000| Untracked 
| 101|0x0000000086500000, 0x0000000086600000, 0x0000000086600000|100%| O|  |TAMS 0x0000000086600000, 0x0000000086500000| Untracked 
| 102|0x0000000086600000, 0x0000000086700000, 0x0000000086700000|100%| O|  |TAMS 0x0000000086700000, 0x0000000086600000| Untracked 
| 103|0x0000000086700000, 0x0000000086800000, 0x0000000086800000|100%| O|  |TAMS 0x0000000086800000, 0x0000000086700000| Untracked 
| 104|0x0000000086800000, 0x0000000086900000, 0x0000000086900000|100%| O|  |TAMS 0x0000000086900000, 0x0000000086800000| Untracked 
| 105|0x0000000086900000, 0x0000000086a00000, 0x0000000086a00000|100%| O|  |TAMS 0x0000000086a00000, 0x0000000086900000| Untracked 
| 106|0x0000000086a00000, 0x0000000086b00000, 0x0000000086b00000|100%| O|  |TAMS 0x0000000086b00000, 0x0000000086a00000| Untracked 
| 107|0x0000000086b00000, 0x0000000086c00000, 0x0000000086c00000|100%| O|  |TAMS 0x0000000086c00000, 0x0000000086b00000| Untracked 
| 108|0x0000000086c00000, 0x0000000086d00000, 0x0000000086d00000|100%| O|  |TAMS 0x0000000086d00000, 0x0000000086c00000| Untracked 
| 109|0x0000000086d00000, 0x0000000086e00000, 0x0000000086e00000|100%| O|  |TAMS 0x0000000086e00000, 0x0000000086d00000| Untracked 
| 110|0x0000000086e00000, 0x0000000086f00000, 0x0000000086f00000|100%| O|  |TAMS 0x0000000086f00000, 0x0000000086e00000| Untracked 
| 111|0x0000000086f00000, 0x0000000087000000, 0x0000000087000000|100%| O|  |TAMS 0x0000000087000000, 0x0000000086f00000| Untracked 
| 112|0x0000000087000000, 0x0000000087100000, 0x0000000087100000|100%| O|  |TAMS 0x0000000087100000, 0x0000000087000000| Untracked 
| 113|0x0000000087100000, 0x0000000087200000, 0x0000000087200000|100%| O|  |TAMS 0x0000000087200000, 0x0000000087100000| Untracked 
| 114|0x0000000087200000, 0x0000000087300000, 0x0000000087300000|100%| O|  |TAMS 0x0000000087300000, 0x0000000087200000| Untracked 
| 115|0x0000000087300000, 0x0000000087400000, 0x0000000087400000|100%| O|  |TAMS 0x0000000087400000, 0x0000000087300000| Untracked 
| 116|0x0000000087400000, 0x0000000087500000, 0x0000000087500000|100%| O|  |TAMS 0x0000000087500000, 0x0000000087400000| Untracked 
| 117|0x0000000087500000, 0x0000000087600000, 0x0000000087600000|100%| O|  |TAMS 0x0000000087600000, 0x0000000087500000| Untracked 
| 118|0x0000000087600000, 0x0000000087700000, 0x0000000087700000|100%| O|  |TAMS 0x0000000087700000, 0x0000000087600000| Untracked 
| 119|0x0000000087700000, 0x0000000087800000, 0x0000000087800000|100%|HS|  |TAMS 0x0000000087800000, 0x0000000087700000| Complete 
| 120|0x0000000087800000, 0x0000000087900000, 0x0000000087900000|100%| O|  |TAMS 0x0000000087900000, 0x0000000087800000| Untracked 
| 121|0x0000000087900000, 0x0000000087a00000, 0x0000000087a00000|100%| O|  |TAMS 0x0000000087a00000, 0x0000000087900000| Untracked 
| 122|0x0000000087a00000, 0x0000000087b00000, 0x0000000087b00000|100%| O|  |TAMS 0x0000000087b00000, 0x0000000087a00000| Untracked 
| 123|0x0000000087b00000, 0x0000000087c00000, 0x0000000087c00000|100%| O|  |TAMS 0x0000000087c00000, 0x0000000087b00000| Untracked 
| 124|0x0000000087c00000, 0x0000000087d00000, 0x0000000087d00000|100%| O|  |TAMS 0x0000000087d00000, 0x0000000087c00000| Untracked 
| 125|0x0000000087d00000, 0x0000000087e00000, 0x0000000087e00000|100%| O|  |TAMS 0x0000000087e00000, 0x0000000087d00000| Untracked 
| 126|0x0000000087e00000, 0x0000000087f00000, 0x0000000087f00000|100%| O|  |TAMS 0x0000000087f00000, 0x0000000087e00000| Untracked 
| 127|0x0000000087f00000, 0x0000000088000000, 0x0000000088000000|100%| O|  |TAMS 0x0000000088000000, 0x0000000087f00000| Untracked 
| 128|0x0000000088000000, 0x0000000088100000, 0x0000000088100000|100%| O|  |TAMS 0x0000000088100000, 0x0000000088000000| Untracked 
| 129|0x0000000088100000, 0x0000000088200000, 0x0000000088200000|100%| O|  |TAMS 0x0000000088200000, 0x0000000088100000| Untracked 
| 130|0x0000000088200000, 0x0000000088300000, 0x0000000088300000|100%| O|  |TAMS 0x0000000088300000, 0x0000000088200000| Untracked 
| 131|0x0000000088300000, 0x0000000088400000, 0x0000000088400000|100%| O|  |TAMS 0x0000000088400000, 0x0000000088300000| Untracked 
| 132|0x0000000088400000, 0x0000000088500000, 0x0000000088500000|100%| O|  |TAMS 0x0000000088500000, 0x0000000088400000| Untracked 
| 133|0x0000000088500000, 0x0000000088600000, 0x0000000088600000|100%| O|  |TAMS 0x0000000088600000, 0x0000000088500000| Untracked 
| 134|0x0000000088600000, 0x0000000088700000, 0x0000000088700000|100%| O|  |TAMS 0x0000000088700000, 0x0000000088600000| Untracked 
| 135|0x0000000088700000, 0x0000000088800000, 0x0000000088800000|100%| O|  |TAMS 0x0000000088800000, 0x0000000088700000| Untracked 
| 136|0x0000000088800000, 0x0000000088900000, 0x0000000088900000|100%| O|  |TAMS 0x0000000088900000, 0x0000000088800000| Untracked 
| 137|0x0000000088900000, 0x0000000088a00000, 0x0000000088a00000|100%| O|  |TAMS 0x0000000088a00000, 0x0000000088900000| Untracked 
| 138|0x0000000088a00000, 0x0000000088b00000, 0x0000000088b00000|100%| O|  |TAMS 0x0000000088b00000, 0x0000000088a00000| Untracked 
| 139|0x0000000088b00000, 0x0000000088c00000, 0x0000000088c00000|100%| O|  |TAMS 0x0000000088c00000, 0x0000000088b00000| Untracked 
| 140|0x0000000088c00000, 0x0000000088d00000, 0x0000000088d00000|100%| O|  |TAMS 0x0000000088d00000, 0x0000000088c00000| Untracked 
| 141|0x0000000088d00000, 0x0000000088e00000, 0x0000000088e00000|100%| O|  |TAMS 0x0000000088e00000, 0x0000000088d00000| Untracked 
| 142|0x0000000088e00000, 0x0000000088f00000, 0x0000000088f00000|100%| O|  |TAMS 0x0000000088f00000, 0x0000000088e00000| Untracked 
| 143|0x0000000088f00000, 0x0000000089000000, 0x0000000089000000|100%| O|  |TAMS 0x0000000089000000, 0x0000000088f00000| Untracked 
| 144|0x0000000089000000, 0x0000000089100000, 0x0000000089100000|100%| O|  |TAMS 0x0000000089100000, 0x0000000089000000| Untracked 
| 145|0x0000000089100000, 0x0000000089200000, 0x0000000089200000|100%| O|  |TAMS 0x0000000089200000, 0x0000000089100000| Untracked 
| 146|0x0000000089200000, 0x0000000089300000, 0x0000000089300000|100%| O|  |TAMS 0x0000000089300000, 0x0000000089200000| Untracked 
| 147|0x0000000089300000, 0x0000000089400000, 0x0000000089400000|100%| O|  |TAMS 0x0000000089400000, 0x0000000089300000| Untracked 
| 148|0x0000000089400000, 0x0000000089500000, 0x0000000089500000|100%| O|  |TAMS 0x0000000089500000, 0x0000000089400000| Untracked 
| 149|0x0000000089500000, 0x0000000089600000, 0x0000000089600000|100%| O|  |TAMS 0x0000000089600000, 0x0000000089500000| Untracked 
| 150|0x0000000089600000, 0x0000000089700000, 0x0000000089700000|100%| O|  |TAMS 0x0000000089700000, 0x0000000089600000| Untracked 
| 151|0x0000000089700000, 0x0000000089800000, 0x0000000089800000|100%| O|  |TAMS 0x0000000089800000, 0x0000000089700000| Untracked 
| 152|0x0000000089800000, 0x0000000089900000, 0x0000000089900000|100%| O|  |TAMS 0x0000000089900000, 0x0000000089800000| Untracked 
| 153|0x0000000089900000, 0x0000000089a00000, 0x0000000089a00000|100%| O|  |TAMS 0x0000000089a00000, 0x0000000089900000| Untracked 
| 154|0x0000000089a00000, 0x0000000089b00000, 0x0000000089b00000|100%| O|  |TAMS 0x0000000089b00000, 0x0000000089a00000| Untracked 
| 155|0x0000000089b00000, 0x0000000089c00000, 0x0000000089c00000|100%| O|  |TAMS 0x0000000089c00000, 0x0000000089b00000| Untracked 
| 156|0x0000000089c00000, 0x0000000089d00000, 0x0000000089d00000|100%| O|  |TAMS 0x0000000089d00000, 0x0000000089c00000| Untracked 
| 157|0x0000000089d00000, 0x0000000089e00000, 0x0000000089e00000|100%| O|  |TAMS 0x0000000089e00000, 0x0000000089d00000| Untracked 
| 158|0x0000000089e00000, 0x0000000089f00000, 0x0000000089f00000|100%| O|  |TAMS 0x0000000089f00000, 0x0000000089e00000| Untracked 
| 159|0x0000000089f00000, 0x000000008a000000, 0x000000008a000000|100%| O|  |TAMS 0x000000008a000000, 0x0000000089f00000| Untracked 
| 160|0x000000008a000000, 0x000000008a100000, 0x000000008a100000|100%| O|  |TAMS 0x000000008a100000, 0x000000008a000000| Untracked 
| 161|0x000000008a100000, 0x000000008a200000, 0x000000008a200000|100%| O|  |TAMS 0x000000008a200000, 0x000000008a100000| Untracked 
| 162|0x000000008a200000, 0x000000008a300000, 0x000000008a300000|100%| O|  |TAMS 0x000000008a300000, 0x000000008a200000| Untracked 
| 163|0x000000008a300000, 0x000000008a400000, 0x000000008a400000|100%| O|  |TAMS 0x000000008a400000, 0x000000008a300000| Untracked 
| 164|0x000000008a400000, 0x000000008a500000, 0x000000008a500000|100%| O|  |TAMS 0x000000008a500000, 0x000000008a400000| Untracked 
| 165|0x000000008a500000, 0x000000008a600000, 0x000000008a600000|100%| O|  |TAMS 0x000000008a600000, 0x000000008a500000| Untracked 
| 166|0x000000008a600000, 0x000000008a700000, 0x000000008a700000|100%| O|  |TAMS 0x000000008a700000, 0x000000008a600000| Untracked 
| 167|0x000000008a700000, 0x000000008a800000, 0x000000008a800000|100%| O|  |TAMS 0x000000008a800000, 0x000000008a700000| Untracked 
| 168|0x000000008a800000, 0x000000008a900000, 0x000000008a900000|100%| O|  |TAMS 0x000000008a900000, 0x000000008a800000| Untracked 
| 169|0x000000008a900000, 0x000000008aa00000, 0x000000008aa00000|100%| O|  |TAMS 0x000000008aa00000, 0x000000008a900000| Untracked 
| 170|0x000000008aa00000, 0x000000008ab00000, 0x000000008ab00000|100%| O|  |TAMS 0x000000008ab00000, 0x000000008aa00000| Untracked 
| 171|0x000000008ab00000, 0x000000008ac00000, 0x000000008ac00000|100%| O|  |TAMS 0x000000008ac00000, 0x000000008ab00000| Untracked 
| 172|0x000000008ac00000, 0x000000008ad00000, 0x000000008ad00000|100%| O|  |TAMS 0x000000008ad00000, 0x000000008ac00000| Untracked 
| 173|0x000000008ad00000, 0x000000008ae00000, 0x000000008ae00000|100%| O|  |TAMS 0x000000008ae00000, 0x000000008ad00000| Untracked 
| 174|0x000000008ae00000, 0x000000008af00000, 0x000000008af00000|100%| O|  |TAMS 0x000000008af00000, 0x000000008ae00000| Untracked 
| 175|0x000000008af00000, 0x000000008b000000, 0x000000008b000000|100%| O|  |TAMS 0x000000008b000000, 0x000000008af00000| Untracked 
| 176|0x000000008b000000, 0x000000008b100000, 0x000000008b100000|100%| O|  |TAMS 0x000000008b100000, 0x000000008b000000| Complete 
| 177|0x000000008b100000, 0x000000008b200000, 0x000000008b200000|100%| O|  |TAMS 0x000000008b200000, 0x000000008b100000| Untracked 
| 178|0x000000008b200000, 0x000000008b300000, 0x000000008b300000|100%| O|  |TAMS 0x000000008b300000, 0x000000008b200000| Untracked 
| 179|0x000000008b300000, 0x000000008b400000, 0x000000008b400000|100%| O|  |TAMS 0x000000008b400000, 0x000000008b300000| Untracked 
| 180|0x000000008b400000, 0x000000008b500000, 0x000000008b500000|100%| O|  |TAMS 0x000000008b500000, 0x000000008b400000| Untracked 
| 181|0x000000008b500000, 0x000000008b600000, 0x000000008b600000|100%| O|  |TAMS 0x000000008b600000, 0x000000008b500000| Untracked 
| 182|0x000000008b600000, 0x000000008b700000, 0x000000008b700000|100%| O|  |TAMS 0x000000008b700000, 0x000000008b600000| Untracked 
| 183|0x000000008b700000, 0x000000008b800000, 0x000000008b800000|100%| O|  |TAMS 0x000000008b800000, 0x000000008b700000| Untracked 
| 184|0x000000008b800000, 0x000000008b900000, 0x000000008b900000|100%| O|  |TAMS 0x000000008b900000, 0x000000008b800000| Untracked 
| 185|0x000000008b900000, 0x000000008ba00000, 0x000000008ba00000|100%| O|  |TAMS 0x000000008ba00000, 0x000000008b900000| Complete 
| 186|0x000000008ba00000, 0x000000008bb00000, 0x000000008bb00000|100%| O|  |TAMS 0x000000008bb00000, 0x000000008ba00000| Complete 
| 187|0x000000008bb00000, 0x000000008bc00000, 0x000000008bc00000|100%| O|  |TAMS 0x000000008bc00000, 0x000000008bb00000| Untracked 
| 188|0x000000008bc00000, 0x000000008bd00000, 0x000000008bd00000|100%| O|  |TAMS 0x000000008bd00000, 0x000000008bc00000| Untracked 
| 189|0x000000008bd00000, 0x000000008be00000, 0x000000008be00000|100%| O|  |TAMS 0x000000008be00000, 0x000000008bd00000| Untracked 
| 190|0x000000008be00000, 0x000000008bf00000, 0x000000008bf00000|100%| O|  |TAMS 0x000000008bf00000, 0x000000008be00000| Untracked 
| 191|0x000000008bf00000, 0x000000008c000000, 0x000000008c000000|100%| O|  |TAMS 0x000000008c000000, 0x000000008bf00000| Untracked 
| 192|0x000000008c000000, 0x000000008c100000, 0x000000008c100000|100%| O|  |TAMS 0x000000008c100000, 0x000000008c000000| Untracked 
| 193|0x000000008c100000, 0x000000008c200000, 0x000000008c200000|100%| O|  |TAMS 0x000000008c200000, 0x000000008c100000| Untracked 
| 194|0x000000008c200000, 0x000000008c300000, 0x000000008c300000|100%| O|  |TAMS 0x000000008c300000, 0x000000008c200000| Untracked 
| 195|0x000000008c300000, 0x000000008c400000, 0x000000008c400000|100%| O|  |TAMS 0x000000008c400000, 0x000000008c300000| Untracked 
| 196|0x000000008c400000, 0x000000008c500000, 0x000000008c500000|100%| O|  |TAMS 0x000000008c500000, 0x000000008c400000| Complete 
| 197|0x000000008c500000, 0x000000008c600000, 0x000000008c600000|100%| O|  |TAMS 0x000000008c600000, 0x000000008c500000| Untracked 
| 198|0x000000008c600000, 0x000000008c700000, 0x000000008c700000|100%| O|  |TAMS 0x000000008c700000, 0x000000008c600000| Untracked 
| 199|0x000000008c700000, 0x000000008c800000, 0x000000008c800000|100%| O|  |TAMS 0x000000008c800000, 0x000000008c700000| Untracked 
| 200|0x000000008c800000, 0x000000008c900000, 0x000000008c900000|100%| O|  |TAMS 0x000000008c900000, 0x000000008c800000| Untracked 
| 201|0x000000008c900000, 0x000000008ca00000, 0x000000008ca00000|100%| O|  |TAMS 0x000000008ca00000, 0x000000008c900000| Untracked 
| 202|0x000000008ca00000, 0x000000008cb00000, 0x000000008cb00000|100%| O|  |TAMS 0x000000008cb00000, 0x000000008ca00000| Untracked 
| 203|0x000000008cb00000, 0x000000008cc00000, 0x000000008cc00000|100%| O|  |TAMS 0x000000008cc00000, 0x000000008cb00000| Untracked 
| 204|0x000000008cc00000, 0x000000008cd00000, 0x000000008cd00000|100%| O|  |TAMS 0x000000008cd00000, 0x000000008cc00000| Untracked 
| 205|0x000000008cd00000, 0x000000008ce00000, 0x000000008ce00000|100%| O|  |TAMS 0x000000008ce00000, 0x000000008cd00000| Untracked 
| 206|0x000000008ce00000, 0x000000008cf00000, 0x000000008cf00000|100%|HS|  |TAMS 0x000000008cf00000, 0x000000008ce00000| Complete 
| 207|0x000000008cf00000, 0x000000008d000000, 0x000000008d000000|100%| O|  |TAMS 0x000000008d000000, 0x000000008cf00000| Untracked 
| 208|0x000000008d000000, 0x000000008d100000, 0x000000008d100000|100%| O|  |TAMS 0x000000008d100000, 0x000000008d000000| Untracked 
| 209|0x000000008d100000, 0x000000008d200000, 0x000000008d200000|100%| O|  |TAMS 0x000000008d200000, 0x000000008d100000| Untracked 
| 210|0x000000008d200000, 0x000000008d300000, 0x000000008d300000|100%| O|  |TAMS 0x000000008d300000, 0x000000008d200000| Untracked 
| 211|0x000000008d300000, 0x000000008d400000, 0x000000008d400000|100%| O|  |TAMS 0x000000008d400000, 0x000000008d300000| Untracked 
| 212|0x000000008d400000, 0x000000008d500000, 0x000000008d500000|100%| O|  |TAMS 0x000000008d500000, 0x000000008d400000| Untracked 
| 213|0x000000008d500000, 0x000000008d600000, 0x000000008d600000|100%| O|  |TAMS 0x000000008d600000, 0x000000008d500000| Untracked 
| 214|0x000000008d600000, 0x000000008d700000, 0x000000008d700000|100%| O|  |TAMS 0x000000008d700000, 0x000000008d600000| Untracked 
| 215|0x000000008d700000, 0x000000008d800000, 0x000000008d800000|100%| O|  |TAMS 0x000000008d800000, 0x000000008d700000| Untracked 
| 216|0x000000008d800000, 0x000000008d900000, 0x000000008d900000|100%| O|  |TAMS 0x000000008d900000, 0x000000008d800000| Untracked 
| 217|0x000000008d900000, 0x000000008da00000, 0x000000008da00000|100%| O|  |TAMS 0x000000008da00000, 0x000000008d900000| Untracked 
| 218|0x000000008da00000, 0x000000008db00000, 0x000000008db00000|100%| O|  |TAMS 0x000000008db00000, 0x000000008da00000| Untracked 
| 219|0x000000008db00000, 0x000000008dc00000, 0x000000008dc00000|100%| O|  |TAMS 0x000000008dc00000, 0x000000008db00000| Untracked 
| 220|0x000000008dc00000, 0x000000008dd00000, 0x000000008dd00000|100%| O|  |TAMS 0x000000008dd00000, 0x000000008dc00000| Untracked 
| 221|0x000000008dd00000, 0x000000008de00000, 0x000000008de00000|100%| O|  |TAMS 0x000000008de00000, 0x000000008dd00000| Complete 
| 222|0x000000008de00000, 0x000000008df00000, 0x000000008df00000|100%| O|  |TAMS 0x000000008df00000, 0x000000008de00000| Complete 
| 223|0x000000008df00000, 0x000000008e000000, 0x000000008e000000|100%| O|  |TAMS 0x000000008e000000, 0x000000008df00000| Untracked 
| 224|0x000000008e000000, 0x000000008e100000, 0x000000008e100000|100%| O|  |TAMS 0x000000008e100000, 0x000000008e000000| Untracked 
| 225|0x000000008e100000, 0x000000008e200000, 0x000000008e200000|100%| O|  |TAMS 0x000000008e200000, 0x000000008e100000| Untracked 
| 226|0x000000008e200000, 0x000000008e300000, 0x000000008e300000|100%| O|  |TAMS 0x000000008e300000, 0x000000008e200000| Untracked 
| 227|0x000000008e300000, 0x000000008e400000, 0x000000008e400000|100%| O|  |TAMS 0x000000008e400000, 0x000000008e300000| Untracked 
| 228|0x000000008e400000, 0x000000008e500000, 0x000000008e500000|100%| O|  |TAMS 0x000000008e500000, 0x000000008e400000| Untracked 
| 229|0x000000008e500000, 0x000000008e600000, 0x000000008e600000|100%| O|  |TAMS 0x000000008e600000, 0x000000008e500000| Untracked 
| 230|0x000000008e600000, 0x000000008e700000, 0x000000008e700000|100%| O|  |TAMS 0x000000008e700000, 0x000000008e600000| Untracked 
| 231|0x000000008e700000, 0x000000008e800000, 0x000000008e800000|100%| O|  |TAMS 0x000000008e800000, 0x000000008e700000| Untracked 
| 232|0x000000008e800000, 0x000000008e900000, 0x000000008e900000|100%| O|  |TAMS 0x000000008e900000, 0x000000008e800000| Untracked 
| 233|0x000000008e900000, 0x000000008ea00000, 0x000000008ea00000|100%| O|  |TAMS 0x000000008ea00000, 0x000000008e900000| Untracked 
| 234|0x000000008ea00000, 0x000000008eb00000, 0x000000008eb00000|100%| O|  |TAMS 0x000000008eb00000, 0x000000008ea00000| Untracked 
| 235|0x000000008eb00000, 0x000000008ec00000, 0x000000008ec00000|100%| O|  |TAMS 0x000000008ec00000, 0x000000008eb00000| Untracked 
| 236|0x000000008ec00000, 0x000000008ed00000, 0x000000008ed00000|100%| O|  |TAMS 0x000000008ed00000, 0x000000008ec00000| Untracked 
| 237|0x000000008ed00000, 0x000000008ee00000, 0x000000008ee00000|100%| O|  |TAMS 0x000000008ee00000, 0x000000008ed00000| Untracked 
| 238|0x000000008ee00000, 0x000000008ef00000, 0x000000008ef00000|100%| O|  |TAMS 0x000000008ef00000, 0x000000008ee00000| Untracked 
| 239|0x000000008ef00000, 0x000000008f000000, 0x000000008f000000|100%| O|  |TAMS 0x000000008f000000, 0x000000008ef00000| Untracked 
| 240|0x000000008f000000, 0x000000008f100000, 0x000000008f100000|100%| O|  |TAMS 0x000000008f100000, 0x000000008f000000| Untracked 
| 241|0x000000008f100000, 0x000000008f200000, 0x000000008f200000|100%| O|  |TAMS 0x000000008f200000, 0x000000008f100000| Untracked 
| 242|0x000000008f200000, 0x000000008f300000, 0x000000008f300000|100%| O|  |TAMS 0x000000008f300000, 0x000000008f200000| Untracked 
| 243|0x000000008f300000, 0x000000008f400000, 0x000000008f400000|100%| O|  |TAMS 0x000000008f400000, 0x000000008f300000| Untracked 
| 244|0x000000008f400000, 0x000000008f500000, 0x000000008f500000|100%| O|  |TAMS 0x000000008f500000, 0x000000008f400000| Untracked 
| 245|0x000000008f500000, 0x000000008f600000, 0x000000008f600000|100%| O|  |TAMS 0x000000008f600000, 0x000000008f500000| Untracked 
| 246|0x000000008f600000, 0x000000008f700000, 0x000000008f700000|100%| O|  |TAMS 0x000000008f700000, 0x000000008f600000| Untracked 
| 247|0x000000008f700000, 0x000000008f800000, 0x000000008f800000|100%| O|  |TAMS 0x000000008f800000, 0x000000008f700000| Complete 
| 248|0x000000008f800000, 0x000000008f800000, 0x000000008f900000|  0%| F|  |TAMS 0x000000008f800000, 0x000000008f800000| Untracked 
| 249|0x000000008f900000, 0x000000008fa00000, 0x000000008fa00000|100%| O|  |TAMS 0x000000008fa00000, 0x000000008f900000| Complete 
| 250|0x000000008fa00000, 0x000000008fb00000, 0x000000008fb00000|100%| O|  |TAMS 0x000000008fb00000, 0x000000008fa00000| Complete 
| 251|0x000000008fb00000, 0x000000008fc00000, 0x000000008fc00000|100%| O|  |TAMS 0x000000008fc00000, 0x000000008fb00000| Untracked 
| 252|0x000000008fc00000, 0x000000008fd00000, 0x000000008fd00000|100%| O|  |TAMS 0x000000008fd00000, 0x000000008fc00000| Untracked 
| 253|0x000000008fd00000, 0x000000008fe00000, 0x000000008fe00000|100%| O|  |TAMS 0x000000008fe00000, 0x000000008fd00000| Complete 
| 254|0x000000008fe00000, 0x000000008ff00000, 0x000000008ff00000|100%| O|  |TAMS 0x000000008ff00000, 0x000000008fe00000| Untracked 
| 255|0x000000008ff00000, 0x0000000090000000, 0x0000000090000000|100%| O|  |TAMS 0x0000000090000000, 0x000000008ff00000| Untracked 
| 256|0x0000000090000000, 0x0000000090100000, 0x0000000090100000|100%| O|  |TAMS 0x0000000090100000, 0x0000000090000000| Untracked 
| 257|0x0000000090100000, 0x0000000090200000, 0x0000000090200000|100%| O|  |TAMS 0x0000000090200000, 0x0000000090100000| Untracked 
| 258|0x0000000090200000, 0x0000000090300000, 0x0000000090300000|100%| O|  |TAMS 0x0000000090300000, 0x0000000090200000| Untracked 
| 259|0x0000000090300000, 0x0000000090400000, 0x0000000090400000|100%| O|  |TAMS 0x0000000090400000, 0x0000000090300000| Untracked 
| 260|0x0000000090400000, 0x0000000090500000, 0x0000000090500000|100%| O|  |TAMS 0x0000000090500000, 0x0000000090400000| Untracked 
| 261|0x0000000090500000, 0x0000000090600000, 0x0000000090600000|100%| O|  |TAMS 0x0000000090600000, 0x0000000090500000| Untracked 
| 262|0x0000000090600000, 0x0000000090600000, 0x0000000090700000|  0%| F|  |TAMS 0x0000000090600000, 0x0000000090600000| Untracked 
| 263|0x0000000090700000, 0x0000000090800000, 0x0000000090800000|100%| O|  |TAMS 0x0000000090800000, 0x0000000090700000| Untracked 
| 264|0x0000000090800000, 0x0000000090900000, 0x0000000090900000|100%| O|  |TAMS 0x0000000090900000, 0x0000000090800000| Untracked 
| 265|0x0000000090900000, 0x0000000090a00000, 0x0000000090a00000|100%| O|  |TAMS 0x0000000090a00000, 0x0000000090900000| Untracked 
| 266|0x0000000090a00000, 0x0000000090b00000, 0x0000000090b00000|100%| O|  |TAMS 0x0000000090b00000, 0x0000000090a00000| Untracked 
| 267|0x0000000090b00000, 0x0000000090c00000, 0x0000000090c00000|100%| O|  |TAMS 0x0000000090c00000, 0x0000000090b00000| Untracked 
| 268|0x0000000090c00000, 0x0000000090d00000, 0x0000000090d00000|100%| O|  |TAMS 0x0000000090d00000, 0x0000000090c00000| Untracked 
| 269|0x0000000090d00000, 0x0000000090e00000, 0x0000000090e00000|100%| O|  |TAMS 0x0000000090e00000, 0x0000000090d00000| Untracked 
| 270|0x0000000090e00000, 0x0000000090f00000, 0x0000000090f00000|100%| O|  |TAMS 0x0000000090f00000, 0x0000000090e00000| Untracked 
| 271|0x0000000090f00000, 0x0000000091000000, 0x0000000091000000|100%| O|  |TAMS 0x0000000091000000, 0x0000000090f00000| Untracked 
| 272|0x0000000091000000, 0x0000000091100000, 0x0000000091100000|100%| O|  |TAMS 0x0000000091100000, 0x0000000091000000| Untracked 
| 273|0x0000000091100000, 0x0000000091200000, 0x0000000091200000|100%| O|  |TAMS 0x0000000091200000, 0x0000000091100000| Untracked 
| 274|0x0000000091200000, 0x0000000091300000, 0x0000000091300000|100%| O|  |TAMS 0x0000000091300000, 0x0000000091200000| Untracked 
| 275|0x0000000091300000, 0x0000000091400000, 0x0000000091400000|100%| O|  |TAMS 0x0000000091400000, 0x0000000091300000| Untracked 
| 276|0x0000000091400000, 0x0000000091500000, 0x0000000091500000|100%| O|  |TAMS 0x0000000091500000, 0x0000000091400000| Untracked 
| 277|0x0000000091500000, 0x0000000091600000, 0x0000000091600000|100%| O|  |TAMS 0x0000000091600000, 0x0000000091500000| Untracked 
| 278|0x0000000091600000, 0x0000000091700000, 0x0000000091700000|100%| O|  |TAMS 0x0000000091700000, 0x0000000091600000| Untracked 
| 279|0x0000000091700000, 0x0000000091800000, 0x0000000091800000|100%| O|  |TAMS 0x0000000091800000, 0x0000000091700000| Untracked 
| 280|0x0000000091800000, 0x0000000091900000, 0x0000000091900000|100%| O|  |TAMS 0x0000000091900000, 0x0000000091800000| Untracked 
| 281|0x0000000091900000, 0x0000000091a00000, 0x0000000091a00000|100%| O|  |TAMS 0x0000000091a00000, 0x0000000091900000| Untracked 
| 282|0x0000000091a00000, 0x0000000091b00000, 0x0000000091b00000|100%| O|  |TAMS 0x0000000091b00000, 0x0000000091a00000| Untracked 
| 283|0x0000000091b00000, 0x0000000091c00000, 0x0000000091c00000|100%| O|  |TAMS 0x0000000091c00000, 0x0000000091b00000| Untracked 
| 284|0x0000000091c00000, 0x0000000091d00000, 0x0000000091d00000|100%| O|  |TAMS 0x0000000091d00000, 0x0000000091c00000| Untracked 
| 285|0x0000000091d00000, 0x0000000091e00000, 0x0000000091e00000|100%| O|  |TAMS 0x0000000091e00000, 0x0000000091d00000| Untracked 
| 286|0x0000000091e00000, 0x0000000091f00000, 0x0000000091f00000|100%| O|  |TAMS 0x0000000091f00000, 0x0000000091e00000| Untracked 
| 287|0x0000000091f00000, 0x0000000092000000, 0x0000000092000000|100%| O|  |TAMS 0x0000000092000000, 0x0000000091f00000| Untracked 
| 288|0x0000000092000000, 0x0000000092100000, 0x0000000092100000|100%| O|  |TAMS 0x0000000092100000, 0x0000000092000000| Untracked 
| 289|0x0000000092100000, 0x0000000092200000, 0x0000000092200000|100%| O|  |TAMS 0x0000000092200000, 0x0000000092100000| Complete 
| 290|0x0000000092200000, 0x0000000092300000, 0x0000000092300000|100%| O|  |TAMS 0x0000000092300000, 0x0000000092200000| Untracked 
| 291|0x0000000092300000, 0x0000000092400000, 0x0000000092400000|100%| O|  |TAMS 0x0000000092400000, 0x0000000092300000| Untracked 
| 292|0x0000000092400000, 0x0000000092500000, 0x0000000092500000|100%| O|  |TAMS 0x0000000092500000, 0x0000000092400000| Untracked 
| 293|0x0000000092500000, 0x0000000092600000, 0x0000000092600000|100%| O|  |TAMS 0x0000000092600000, 0x0000000092500000| Untracked 
| 294|0x0000000092600000, 0x0000000092700000, 0x0000000092700000|100%| O|  |TAMS 0x0000000092700000, 0x0000000092600000| Untracked 
| 295|0x0000000092700000, 0x0000000092800000, 0x0000000092800000|100%| O|  |TAMS 0x0000000092800000, 0x0000000092700000| Untracked 
| 296|0x0000000092800000, 0x0000000092900000, 0x0000000092900000|100%| O|  |TAMS 0x0000000092900000, 0x0000000092800000| Untracked 
| 297|0x0000000092900000, 0x0000000092a00000, 0x0000000092a00000|100%| O|  |TAMS 0x0000000092a00000, 0x0000000092900000| Complete 
| 298|0x0000000092a00000, 0x0000000092b00000, 0x0000000092b00000|100%| O|  |TAMS 0x0000000092b00000, 0x0000000092a00000| Untracked 
| 299|0x0000000092b00000, 0x0000000092c00000, 0x0000000092c00000|100%| O|  |TAMS 0x0000000092c00000, 0x0000000092b00000| Untracked 
| 300|0x0000000092c00000, 0x0000000092d00000, 0x0000000092d00000|100%| O|  |TAMS 0x0000000092d00000, 0x0000000092c00000| Untracked 
| 301|0x0000000092d00000, 0x0000000092e00000, 0x0000000092e00000|100%| O|  |TAMS 0x0000000092e00000, 0x0000000092d00000| Untracked 
| 302|0x0000000092e00000, 0x0000000092f00000, 0x0000000092f00000|100%| O|  |TAMS 0x0000000092f00000, 0x0000000092e00000| Untracked 
| 303|0x0000000092f00000, 0x0000000093000000, 0x0000000093000000|100%| O|  |TAMS 0x0000000093000000, 0x0000000092f00000| Untracked 
| 304|0x0000000093000000, 0x0000000093100000, 0x0000000093100000|100%| O|  |TAMS 0x0000000093100000, 0x0000000093000000| Untracked 
| 305|0x0000000093100000, 0x0000000093200000, 0x0000000093200000|100%| O|  |TAMS 0x0000000093200000, 0x0000000093100000| Untracked 
| 306|0x0000000093200000, 0x0000000093300000, 0x0000000093300000|100%| O|  |TAMS 0x0000000093300000, 0x0000000093200000| Untracked 
| 307|0x0000000093300000, 0x0000000093400000, 0x0000000093400000|100%| O|  |TAMS 0x0000000093400000, 0x0000000093300000| Untracked 
| 308|0x0000000093400000, 0x0000000093500000, 0x0000000093500000|100%| O|  |TAMS 0x0000000093500000, 0x0000000093400000| Untracked 
| 309|0x0000000093500000, 0x0000000093600000, 0x0000000093600000|100%| O|  |TAMS 0x0000000093600000, 0x0000000093500000| Untracked 
| 310|0x0000000093600000, 0x0000000093700000, 0x0000000093700000|100%| O|  |TAMS 0x0000000093700000, 0x0000000093600000| Untracked 
| 311|0x0000000093700000, 0x0000000093800000, 0x0000000093800000|100%| O|  |TAMS 0x0000000093800000, 0x0000000093700000| Untracked 
| 312|0x0000000093800000, 0x0000000093900000, 0x0000000093900000|100%| O|  |TAMS 0x0000000093900000, 0x0000000093800000| Untracked 
| 313|0x0000000093900000, 0x0000000093a00000, 0x0000000093a00000|100%| O|  |TAMS 0x0000000093a00000, 0x0000000093900000| Untracked 
| 314|0x0000000093a00000, 0x0000000093b00000, 0x0000000093b00000|100%| O|  |TAMS 0x0000000093b00000, 0x0000000093a00000| Untracked 
| 315|0x0000000093b00000, 0x0000000093c00000, 0x0000000093c00000|100%| O|  |TAMS 0x0000000093c00000, 0x0000000093b00000| Untracked 
| 316|0x0000000093c00000, 0x0000000093d00000, 0x0000000093d00000|100%| O|  |TAMS 0x0000000093d00000, 0x0000000093c00000| Untracked 
| 317|0x0000000093d00000, 0x0000000093e00000, 0x0000000093e00000|100%| O|  |TAMS 0x0000000093e00000, 0x0000000093d00000| Untracked 
| 318|0x0000000093e00000, 0x0000000093f00000, 0x0000000093f00000|100%| O|  |TAMS 0x0000000093f00000, 0x0000000093e00000| Untracked 
| 319|0x0000000093f00000, 0x0000000094000000, 0x0000000094000000|100%| O|  |TAMS 0x0000000094000000, 0x0000000093f00000| Untracked 
| 320|0x0000000094000000, 0x0000000094100000, 0x0000000094100000|100%| O|  |TAMS 0x0000000094100000, 0x0000000094000000| Untracked 
| 321|0x0000000094100000, 0x0000000094200000, 0x0000000094200000|100%| O|  |TAMS 0x0000000094200000, 0x0000000094100000| Untracked 
| 322|0x0000000094200000, 0x0000000094300000, 0x0000000094300000|100%| O|  |TAMS 0x0000000094300000, 0x0000000094200000| Untracked 
| 323|0x0000000094300000, 0x0000000094400000, 0x0000000094400000|100%| O|  |TAMS 0x0000000094400000, 0x0000000094300000| Untracked 
| 324|0x0000000094400000, 0x0000000094500000, 0x0000000094500000|100%| O|  |TAMS 0x0000000094500000, 0x0000000094400000| Untracked 
| 325|0x0000000094500000, 0x0000000094600000, 0x0000000094600000|100%| O|  |TAMS 0x0000000094600000, 0x0000000094500000| Untracked 
| 326|0x0000000094600000, 0x0000000094700000, 0x0000000094700000|100%| O|  |TAMS 0x0000000094700000, 0x0000000094600000| Untracked 
| 327|0x0000000094700000, 0x0000000094800000, 0x0000000094800000|100%| O|  |TAMS 0x0000000094800000, 0x0000000094700000| Untracked 
| 328|0x0000000094800000, 0x0000000094900000, 0x0000000094900000|100%| O|  |TAMS 0x0000000094900000, 0x0000000094800000| Untracked 
| 329|0x0000000094900000, 0x0000000094a00000, 0x0000000094a00000|100%| O|  |TAMS 0x0000000094a00000, 0x0000000094900000| Untracked 
| 330|0x0000000094a00000, 0x0000000094b00000, 0x0000000094b00000|100%| O|  |TAMS 0x0000000094b00000, 0x0000000094a00000| Untracked 
| 331|0x0000000094b00000, 0x0000000094c00000, 0x0000000094c00000|100%| O|  |TAMS 0x0000000094c00000, 0x0000000094b00000| Untracked 
| 332|0x0000000094c00000, 0x0000000094d00000, 0x0000000094d00000|100%| O|  |TAMS 0x0000000094d00000, 0x0000000094c00000| Untracked 
| 333|0x0000000094d00000, 0x0000000094e00000, 0x0000000094e00000|100%| O|  |TAMS 0x0000000094e00000, 0x0000000094d00000| Untracked 
| 334|0x0000000094e00000, 0x0000000094f00000, 0x0000000094f00000|100%| O|  |TAMS 0x0000000094f00000, 0x0000000094e00000| Untracked 
| 335|0x0000000094f00000, 0x0000000095000000, 0x0000000095000000|100%| O|  |TAMS 0x0000000095000000, 0x0000000094f00000| Untracked 
| 336|0x0000000095000000, 0x0000000095100000, 0x0000000095100000|100%| O|  |TAMS 0x0000000095100000, 0x0000000095000000| Untracked 
| 337|0x0000000095100000, 0x0000000095200000, 0x0000000095200000|100%| O|  |TAMS 0x0000000095200000, 0x0000000095100000| Untracked 
| 338|0x0000000095200000, 0x0000000095300000, 0x0000000095300000|100%| O|  |TAMS 0x0000000095300000, 0x0000000095200000| Untracked 
| 339|0x0000000095300000, 0x0000000095400000, 0x0000000095400000|100%| O|  |TAMS 0x0000000095400000, 0x0000000095300000| Untracked 
| 340|0x0000000095400000, 0x0000000095500000, 0x0000000095500000|100%| O|  |TAMS 0x0000000095500000, 0x0000000095400000| Untracked 
| 341|0x0000000095500000, 0x0000000095600000, 0x0000000095600000|100%| O|  |TAMS 0x0000000095600000, 0x0000000095500000| Untracked 
| 342|0x0000000095600000, 0x0000000095700000, 0x0000000095700000|100%| O|  |TAMS 0x0000000095700000, 0x0000000095600000| Untracked 
| 343|0x0000000095700000, 0x0000000095800000, 0x0000000095800000|100%| O|  |TAMS 0x0000000095800000, 0x0000000095700000| Untracked 
| 344|0x0000000095800000, 0x0000000095900000, 0x0000000095900000|100%| O|  |TAMS 0x0000000095900000, 0x0000000095800000| Untracked 
| 345|0x0000000095900000, 0x0000000095a00000, 0x0000000095a00000|100%| O|  |TAMS 0x0000000095a00000, 0x0000000095900000| Untracked 
| 346|0x0000000095a00000, 0x0000000095b00000, 0x0000000095b00000|100%| O|  |TAMS 0x0000000095b00000, 0x0000000095a00000| Untracked 
| 347|0x0000000095b00000, 0x0000000095c00000, 0x0000000095c00000|100%| O|  |TAMS 0x0000000095c00000, 0x0000000095b00000| Untracked 
| 348|0x0000000095c00000, 0x0000000095d00000, 0x0000000095d00000|100%| O|  |TAMS 0x0000000095d00000, 0x0000000095c00000| Untracked 
| 349|0x0000000095d00000, 0x0000000095e00000, 0x0000000095e00000|100%| O|  |TAMS 0x0000000095e00000, 0x0000000095d00000| Untracked 
| 350|0x0000000095e00000, 0x0000000095f00000, 0x0000000095f00000|100%| O|  |TAMS 0x0000000095f00000, 0x0000000095e00000| Untracked 
| 351|0x0000000095f00000, 0x0000000096000000, 0x0000000096000000|100%| O|  |TAMS 0x0000000096000000, 0x0000000095f00000| Untracked 
| 352|0x0000000096000000, 0x0000000096000000, 0x0000000096100000|  0%| F|  |TAMS 0x0000000096000000, 0x0000000096000000| Untracked 
| 353|0x0000000096100000, 0x0000000096200000, 0x0000000096200000|100%| O|  |TAMS 0x0000000096200000, 0x0000000096100000| Untracked 
| 354|0x0000000096200000, 0x0000000096300000, 0x0000000096300000|100%| O|  |TAMS 0x0000000096300000, 0x0000000096200000| Untracked 
| 355|0x0000000096300000, 0x0000000096400000, 0x0000000096400000|100%| O|  |TAMS 0x0000000096400000, 0x0000000096300000| Untracked 
| 356|0x0000000096400000, 0x0000000096500000, 0x0000000096500000|100%| O|  |TAMS 0x0000000096500000, 0x0000000096400000| Untracked 
| 357|0x0000000096500000, 0x0000000096600000, 0x0000000096600000|100%| O|  |TAMS 0x0000000096600000, 0x0000000096500000| Untracked 
| 358|0x0000000096600000, 0x0000000096700000, 0x0000000096700000|100%| O|  |TAMS 0x0000000096700000, 0x0000000096600000| Untracked 
| 359|0x0000000096700000, 0x0000000096800000, 0x0000000096800000|100%| O|  |TAMS 0x0000000096800000, 0x0000000096700000| Untracked 
| 360|0x0000000096800000, 0x0000000096900000, 0x0000000096900000|100%| O|  |TAMS 0x0000000096900000, 0x0000000096800000| Untracked 
| 361|0x0000000096900000, 0x0000000096a00000, 0x0000000096a00000|100%| O|  |TAMS 0x0000000096a00000, 0x0000000096900000| Untracked 
| 362|0x0000000096a00000, 0x0000000096b00000, 0x0000000096b00000|100%| O|  |TAMS 0x0000000096b00000, 0x0000000096a00000| Untracked 
| 363|0x0000000096b00000, 0x0000000096c00000, 0x0000000096c00000|100%| O|  |TAMS 0x0000000096c00000, 0x0000000096b00000| Untracked 
| 364|0x0000000096c00000, 0x0000000096d00000, 0x0000000096d00000|100%| O|  |TAMS 0x0000000096d00000, 0x0000000096c00000| Untracked 
| 365|0x0000000096d00000, 0x0000000096e00000, 0x0000000096e00000|100%| O|  |TAMS 0x0000000096e00000, 0x0000000096d00000| Untracked 
| 366|0x0000000096e00000, 0x0000000096f00000, 0x0000000096f00000|100%| O|  |TAMS 0x0000000096f00000, 0x0000000096e00000| Untracked 
| 367|0x0000000096f00000, 0x0000000097000000, 0x0000000097000000|100%| O|  |TAMS 0x0000000097000000, 0x0000000096f00000| Untracked 
| 368|0x0000000097000000, 0x0000000097100000, 0x0000000097100000|100%| O|  |TAMS 0x0000000097100000, 0x0000000097000000| Untracked 
| 369|0x0000000097100000, 0x0000000097200000, 0x0000000097200000|100%| O|  |TAMS 0x0000000097200000, 0x0000000097100000| Untracked 
| 370|0x0000000097200000, 0x0000000097300000, 0x0000000097300000|100%| O|  |TAMS 0x0000000097300000, 0x0000000097200000| Untracked 
| 371|0x0000000097300000, 0x0000000097400000, 0x0000000097400000|100%| O|  |TAMS 0x0000000097400000, 0x0000000097300000| Untracked 
| 372|0x0000000097400000, 0x0000000097500000, 0x0000000097500000|100%| O|  |TAMS 0x0000000097500000, 0x0000000097400000| Untracked 
| 373|0x0000000097500000, 0x0000000097600000, 0x0000000097600000|100%| O|  |TAMS 0x0000000097600000, 0x0000000097500000| Untracked 
| 374|0x0000000097600000, 0x0000000097600000, 0x0000000097700000|  0%| F|  |TAMS 0x0000000097600000, 0x0000000097600000| Untracked 
| 375|0x0000000097700000, 0x0000000097800000, 0x0000000097800000|100%| O|  |TAMS 0x0000000097800000, 0x0000000097700000| Untracked 
| 376|0x0000000097800000, 0x0000000097900000, 0x0000000097900000|100%| O|  |TAMS 0x0000000097900000, 0x0000000097800000| Untracked 
| 377|0x0000000097900000, 0x0000000097a00000, 0x0000000097a00000|100%| O|  |TAMS 0x0000000097a00000, 0x0000000097900000| Untracked 
| 378|0x0000000097a00000, 0x0000000097b00000, 0x0000000097b00000|100%| O|  |TAMS 0x0000000097b00000, 0x0000000097a00000| Untracked 
| 379|0x0000000097b00000, 0x0000000097c00000, 0x0000000097c00000|100%| O|  |TAMS 0x0000000097c00000, 0x0000000097b00000| Untracked 
| 380|0x0000000097c00000, 0x0000000097d00000, 0x0000000097d00000|100%| O|  |TAMS 0x0000000097d00000, 0x0000000097c00000| Untracked 
| 381|0x0000000097d00000, 0x0000000097e00000, 0x0000000097e00000|100%| O|  |TAMS 0x0000000097e00000, 0x0000000097d00000| Untracked 
| 382|0x0000000097e00000, 0x0000000097f00000, 0x0000000097f00000|100%| O|  |TAMS 0x0000000097f00000, 0x0000000097e00000| Untracked 
| 383|0x0000000097f00000, 0x0000000098000000, 0x0000000098000000|100%| O|  |TAMS 0x0000000098000000, 0x0000000097f00000| Untracked 
| 384|0x0000000098000000, 0x0000000098100000, 0x0000000098100000|100%| O|  |TAMS 0x0000000098100000, 0x0000000098000000| Untracked 
| 385|0x0000000098100000, 0x0000000098200000, 0x0000000098200000|100%| O|  |TAMS 0x0000000098200000, 0x0000000098100000| Untracked 
| 386|0x0000000098200000, 0x0000000098300000, 0x0000000098300000|100%| O|  |TAMS 0x0000000098300000, 0x0000000098200000| Untracked 
| 387|0x0000000098300000, 0x0000000098400000, 0x0000000098400000|100%| O|  |TAMS 0x0000000098400000, 0x0000000098300000| Untracked 
| 388|0x0000000098400000, 0x0000000098500000, 0x0000000098500000|100%| O|  |TAMS 0x0000000098500000, 0x0000000098400000| Untracked 
| 389|0x0000000098500000, 0x0000000098600000, 0x0000000098600000|100%| O|  |TAMS 0x0000000098600000, 0x0000000098500000| Untracked 
| 390|0x0000000098600000, 0x0000000098700000, 0x0000000098700000|100%| O|  |TAMS 0x0000000098700000, 0x0000000098600000| Untracked 
| 391|0x0000000098700000, 0x0000000098800000, 0x0000000098800000|100%| O|  |TAMS 0x0000000098800000, 0x0000000098700000| Untracked 
| 392|0x0000000098800000, 0x0000000098900000, 0x0000000098900000|100%| O|  |TAMS 0x0000000098900000, 0x0000000098800000| Untracked 
| 393|0x0000000098900000, 0x0000000098a00000, 0x0000000098a00000|100%| O|  |TAMS 0x0000000098a00000, 0x0000000098900000| Untracked 
| 394|0x0000000098a00000, 0x0000000098b00000, 0x0000000098b00000|100%| O|  |TAMS 0x0000000098b00000, 0x0000000098a00000| Untracked 
| 395|0x0000000098b00000, 0x0000000098c00000, 0x0000000098c00000|100%| O|  |TAMS 0x0000000098c00000, 0x0000000098b00000| Untracked 
| 396|0x0000000098c00000, 0x0000000098d00000, 0x0000000098d00000|100%| O|  |TAMS 0x0000000098d00000, 0x0000000098c00000| Untracked 
| 397|0x0000000098d00000, 0x0000000098e00000, 0x0000000098e00000|100%| O|  |TAMS 0x0000000098e00000, 0x0000000098d00000| Untracked 
| 398|0x0000000098e00000, 0x0000000098f00000, 0x0000000098f00000|100%| O|  |TAMS 0x0000000098f00000, 0x0000000098e00000| Untracked 
| 399|0x0000000098f00000, 0x0000000099000000, 0x0000000099000000|100%| O|  |TAMS 0x0000000099000000, 0x0000000098f00000| Untracked 
| 400|0x0000000099000000, 0x0000000099100000, 0x0000000099100000|100%| O|  |TAMS 0x0000000099100000, 0x0000000099000000| Untracked 
| 401|0x0000000099100000, 0x0000000099200000, 0x0000000099200000|100%| O|  |TAMS 0x0000000099200000, 0x0000000099100000| Untracked 
| 402|0x0000000099200000, 0x0000000099300000, 0x0000000099300000|100%| O|  |TAMS 0x0000000099300000, 0x0000000099200000| Untracked 
| 403|0x0000000099300000, 0x0000000099400000, 0x0000000099400000|100%| O|  |TAMS 0x0000000099400000, 0x0000000099300000| Untracked 
| 404|0x0000000099400000, 0x0000000099500000, 0x0000000099500000|100%| O|  |TAMS 0x0000000099500000, 0x0000000099400000| Untracked 
| 405|0x0000000099500000, 0x0000000099600000, 0x0000000099600000|100%| O|  |TAMS 0x0000000099600000, 0x0000000099500000| Untracked 
| 406|0x0000000099600000, 0x0000000099700000, 0x0000000099700000|100%| O|  |TAMS 0x0000000099700000, 0x0000000099600000| Untracked 
| 407|0x0000000099700000, 0x0000000099800000, 0x0000000099800000|100%| O|  |TAMS 0x0000000099800000, 0x0000000099700000| Untracked 
| 408|0x0000000099800000, 0x0000000099900000, 0x0000000099900000|100%| O|  |TAMS 0x0000000099900000, 0x0000000099800000| Untracked 
| 409|0x0000000099900000, 0x0000000099a00000, 0x0000000099a00000|100%| O|  |TAMS 0x0000000099a00000, 0x0000000099900000| Untracked 
| 410|0x0000000099a00000, 0x0000000099b00000, 0x0000000099b00000|100%| O|  |TAMS 0x0000000099b00000, 0x0000000099a00000| Untracked 
| 411|0x0000000099b00000, 0x0000000099c00000, 0x0000000099c00000|100%| O|  |TAMS 0x0000000099c00000, 0x0000000099b00000| Untracked 
| 412|0x0000000099c00000, 0x0000000099d00000, 0x0000000099d00000|100%| O|  |TAMS 0x0000000099d00000, 0x0000000099c00000| Untracked 
| 413|0x0000000099d00000, 0x0000000099e00000, 0x0000000099e00000|100%| O|  |TAMS 0x0000000099e00000, 0x0000000099d00000| Untracked 
| 414|0x0000000099e00000, 0x0000000099f00000, 0x0000000099f00000|100%| O|  |TAMS 0x0000000099f00000, 0x0000000099e00000| Untracked 
| 415|0x0000000099f00000, 0x000000009a000000, 0x000000009a000000|100%| O|  |TAMS 0x000000009a000000, 0x0000000099f00000| Untracked 
| 416|0x000000009a000000, 0x000000009a100000, 0x000000009a100000|100%| O|  |TAMS 0x000000009a100000, 0x000000009a000000| Untracked 
| 417|0x000000009a100000, 0x000000009a200000, 0x000000009a200000|100%| O|  |TAMS 0x000000009a200000, 0x000000009a100000| Untracked 
| 418|0x000000009a200000, 0x000000009a300000, 0x000000009a300000|100%| O|  |TAMS 0x000000009a300000, 0x000000009a200000| Untracked 
| 419|0x000000009a300000, 0x000000009a400000, 0x000000009a400000|100%| O|  |TAMS 0x000000009a400000, 0x000000009a300000| Untracked 
| 420|0x000000009a400000, 0x000000009a400000, 0x000000009a500000|  0%| F|  |TAMS 0x000000009a400000, 0x000000009a400000| Untracked 
| 421|0x000000009a500000, 0x000000009a600000, 0x000000009a600000|100%| O|  |TAMS 0x000000009a600000, 0x000000009a500000| Untracked 
| 422|0x000000009a600000, 0x000000009a700000, 0x000000009a700000|100%| O|  |TAMS 0x000000009a700000, 0x000000009a600000| Untracked 
| 423|0x000000009a700000, 0x000000009a800000, 0x000000009a800000|100%| O|  |TAMS 0x000000009a800000, 0x000000009a700000| Untracked 
| 424|0x000000009a800000, 0x000000009a900000, 0x000000009a900000|100%| O|  |TAMS 0x000000009a900000, 0x000000009a800000| Untracked 
| 425|0x000000009a900000, 0x000000009aa00000, 0x000000009aa00000|100%| O|  |TAMS 0x000000009aa00000, 0x000000009a900000| Untracked 
| 426|0x000000009aa00000, 0x000000009aa00000, 0x000000009ab00000|  0%| F|  |TAMS 0x000000009aa00000, 0x000000009aa00000| Untracked 
| 427|0x000000009ab00000, 0x000000009ac00000, 0x000000009ac00000|100%| O|  |TAMS 0x000000009ac00000, 0x000000009ab00000| Untracked 
| 428|0x000000009ac00000, 0x000000009ad00000, 0x000000009ad00000|100%| O|  |TAMS 0x000000009ad00000, 0x000000009ac00000| Untracked 
| 429|0x000000009ad00000, 0x000000009ad00000, 0x000000009ae00000|  0%| F|  |TAMS 0x000000009ad00000, 0x000000009ad00000| Untracked 
| 430|0x000000009ae00000, 0x000000009af00000, 0x000000009af00000|100%| O|  |TAMS 0x000000009af00000, 0x000000009ae00000| Untracked 
| 431|0x000000009af00000, 0x000000009b000000, 0x000000009b000000|100%| O|  |TAMS 0x000000009b000000, 0x000000009af00000| Untracked 
| 432|0x000000009b000000, 0x000000009b100000, 0x000000009b100000|100%| O|  |TAMS 0x000000009b100000, 0x000000009b000000| Untracked 
| 433|0x000000009b100000, 0x000000009b200000, 0x000000009b200000|100%| O|  |TAMS 0x000000009b200000, 0x000000009b100000| Untracked 
| 434|0x000000009b200000, 0x000000009b300000, 0x000000009b300000|100%| O|  |TAMS 0x000000009b300000, 0x000000009b200000| Untracked 
| 435|0x000000009b300000, 0x000000009b400000, 0x000000009b400000|100%| O|  |TAMS 0x000000009b400000, 0x000000009b300000| Untracked 
| 436|0x000000009b400000, 0x000000009b500000, 0x000000009b500000|100%| O|  |TAMS 0x000000009b500000, 0x000000009b400000| Untracked 
| 437|0x000000009b500000, 0x000000009b600000, 0x000000009b600000|100%| O|  |TAMS 0x000000009b600000, 0x000000009b500000| Untracked 
| 438|0x000000009b600000, 0x000000009b700000, 0x000000009b700000|100%| O|  |TAMS 0x000000009b700000, 0x000000009b600000| Untracked 
| 439|0x000000009b700000, 0x000000009b800000, 0x000000009b800000|100%| O|  |TAMS 0x000000009b800000, 0x000000009b700000| Untracked 
| 440|0x000000009b800000, 0x000000009b900000, 0x000000009b900000|100%| O|  |TAMS 0x000000009b900000, 0x000000009b800000| Untracked 
| 441|0x000000009b900000, 0x000000009ba00000, 0x000000009ba00000|100%| O|  |TAMS 0x000000009ba00000, 0x000000009b900000| Untracked 
| 442|0x000000009ba00000, 0x000000009bb00000, 0x000000009bb00000|100%| O|  |TAMS 0x000000009bb00000, 0x000000009ba00000| Untracked 
| 443|0x000000009bb00000, 0x000000009bc00000, 0x000000009bc00000|100%| O|  |TAMS 0x000000009bc00000, 0x000000009bb00000| Untracked 
| 444|0x000000009bc00000, 0x000000009bd00000, 0x000000009bd00000|100%| O|  |TAMS 0x000000009bd00000, 0x000000009bc00000| Untracked 
| 445|0x000000009bd00000, 0x000000009be00000, 0x000000009be00000|100%| O|  |TAMS 0x000000009be00000, 0x000000009bd00000| Untracked 
| 446|0x000000009be00000, 0x000000009bf00000, 0x000000009bf00000|100%| O|  |TAMS 0x000000009bf00000, 0x000000009be00000| Untracked 
| 447|0x000000009bf00000, 0x000000009c000000, 0x000000009c000000|100%| O|  |TAMS 0x000000009c000000, 0x000000009bf00000| Untracked 
| 448|0x000000009c000000, 0x000000009c100000, 0x000000009c100000|100%| O|  |TAMS 0x000000009c100000, 0x000000009c000000| Untracked 
| 449|0x000000009c100000, 0x000000009c200000, 0x000000009c200000|100%| O|  |TAMS 0x000000009c200000, 0x000000009c100000| Untracked 
| 450|0x000000009c200000, 0x000000009c300000, 0x000000009c300000|100%| O|  |TAMS 0x000000009c300000, 0x000000009c200000| Untracked 
| 451|0x000000009c300000, 0x000000009c400000, 0x000000009c400000|100%| O|  |TAMS 0x000000009c400000, 0x000000009c300000| Untracked 
| 452|0x000000009c400000, 0x000000009c500000, 0x000000009c500000|100%| O|  |TAMS 0x000000009c500000, 0x000000009c400000| Complete 
| 453|0x000000009c500000, 0x000000009c600000, 0x000000009c600000|100%| O|  |TAMS 0x000000009c600000, 0x000000009c500000| Complete 
| 454|0x000000009c600000, 0x000000009c600000, 0x000000009c700000|  0%| F|  |TAMS 0x000000009c600000, 0x000000009c600000| Untracked 
| 455|0x000000009c700000, 0x000000009c700000, 0x000000009c800000|  0%| F|  |TAMS 0x000000009c700000, 0x000000009c700000| Untracked 
| 456|0x000000009c800000, 0x000000009c900000, 0x000000009c900000|100%| O|  |TAMS 0x000000009c900000, 0x000000009c800000| Complete 
| 457|0x000000009c900000, 0x000000009ca00000, 0x000000009ca00000|100%| O|  |TAMS 0x000000009ca00000, 0x000000009c900000| Complete 
| 458|0x000000009ca00000, 0x000000009ca00000, 0x000000009cb00000|  0%| F|  |TAMS 0x000000009ca00000, 0x000000009ca00000| Untracked 
| 459|0x000000009cb00000, 0x000000009cc00000, 0x000000009cc00000|100%| O|  |TAMS 0x000000009cc00000, 0x000000009cb00000| Complete 
| 460|0x000000009cc00000, 0x000000009cd00000, 0x000000009cd00000|100%| O|  |TAMS 0x000000009cd00000, 0x000000009cc00000| Untracked 
| 461|0x000000009cd00000, 0x000000009ce00000, 0x000000009ce00000|100%| O|  |TAMS 0x000000009ce00000, 0x000000009cd00000| Complete 
| 462|0x000000009ce00000, 0x000000009cf00000, 0x000000009cf00000|100%| O|  |TAMS 0x000000009cf00000, 0x000000009ce00000| Complete 
| 463|0x000000009cf00000, 0x000000009d000000, 0x000000009d000000|100%| O|  |TAMS 0x000000009d000000, 0x000000009cf00000| Complete 
| 464|0x000000009d000000, 0x000000009d100000, 0x000000009d100000|100%| O|  |TAMS 0x000000009d100000, 0x000000009d000000| Complete 
| 465|0x000000009d100000, 0x000000009d200000, 0x000000009d200000|100%| O|  |TAMS 0x000000009d200000, 0x000000009d100000| Complete 
| 466|0x000000009d200000, 0x000000009d300000, 0x000000009d300000|100%| O|  |TAMS 0x000000009d300000, 0x000000009d200000| Complete 
| 467|0x000000009d300000, 0x000000009d400000, 0x000000009d400000|100%| O|  |TAMS 0x000000009d400000, 0x000000009d300000| Complete 
| 468|0x000000009d400000, 0x000000009d500000, 0x000000009d500000|100%| O|  |TAMS 0x000000009d500000, 0x000000009d400000| Complete 
| 469|0x000000009d500000, 0x000000009d600000, 0x000000009d600000|100%| O|  |TAMS 0x000000009d600000, 0x000000009d500000| Complete 
| 470|0x000000009d600000, 0x000000009d700000, 0x000000009d700000|100%| O|  |TAMS 0x000000009d700000, 0x000000009d600000| Untracked 
| 471|0x000000009d700000, 0x000000009d800000, 0x000000009d800000|100%| O|  |TAMS 0x000000009d800000, 0x000000009d700000| Untracked 
| 472|0x000000009d800000, 0x000000009d900000, 0x000000009d900000|100%| O|  |TAMS 0x000000009d900000, 0x000000009d800000| Complete 
| 473|0x000000009d900000, 0x000000009da00000, 0x000000009da00000|100%| O|  |TAMS 0x000000009da00000, 0x000000009d900000| Complete 
| 474|0x000000009da00000, 0x000000009db00000, 0x000000009db00000|100%| O|  |TAMS 0x000000009db00000, 0x000000009da00000| Complete 
| 475|0x000000009db00000, 0x000000009dc00000, 0x000000009dc00000|100%| O|  |TAMS 0x000000009dc00000, 0x000000009db00000| Complete 
| 476|0x000000009dc00000, 0x000000009dd00000, 0x000000009dd00000|100%| O|  |TAMS 0x000000009dd00000, 0x000000009dc00000| Untracked 
| 477|0x000000009dd00000, 0x000000009de00000, 0x000000009de00000|100%| O|  |TAMS 0x000000009de00000, 0x000000009dd00000| Untracked 
| 478|0x000000009de00000, 0x000000009df00000, 0x000000009df00000|100%| O|  |TAMS 0x000000009df00000, 0x000000009de00000| Untracked 
| 479|0x000000009df00000, 0x000000009e000000, 0x000000009e000000|100%| O|  |TAMS 0x000000009e000000, 0x000000009df00000| Untracked 
| 480|0x000000009e000000, 0x000000009e100000, 0x000000009e100000|100%| O|  |TAMS 0x000000009e100000, 0x000000009e000000| Untracked 
| 481|0x000000009e100000, 0x000000009e200000, 0x000000009e200000|100%| O|  |TAMS 0x000000009e200000, 0x000000009e100000| Untracked 
| 482|0x000000009e200000, 0x000000009e300000, 0x000000009e300000|100%| O|  |TAMS 0x000000009e300000, 0x000000009e200000| Untracked 
| 483|0x000000009e300000, 0x000000009e400000, 0x000000009e400000|100%| O|  |TAMS 0x000000009e400000, 0x000000009e300000| Untracked 
| 484|0x000000009e400000, 0x000000009e500000, 0x000000009e500000|100%| O|  |TAMS 0x000000009e500000, 0x000000009e400000| Untracked 
| 485|0x000000009e500000, 0x000000009e600000, 0x000000009e600000|100%| O|  |TAMS 0x000000009e600000, 0x000000009e500000| Untracked 
| 486|0x000000009e600000, 0x000000009e700000, 0x000000009e700000|100%| O|  |TAMS 0x000000009e700000, 0x000000009e600000| Untracked 
| 487|0x000000009e700000, 0x000000009e800000, 0x000000009e800000|100%| O|  |TAMS 0x000000009e800000, 0x000000009e700000| Untracked 
| 488|0x000000009e800000, 0x000000009e900000, 0x000000009e900000|100%| O|  |TAMS 0x000000009e900000, 0x000000009e800000| Untracked 
| 489|0x000000009e900000, 0x000000009ea00000, 0x000000009ea00000|100%| O|  |TAMS 0x000000009ea00000, 0x000000009e900000| Untracked 
| 490|0x000000009ea00000, 0x000000009eb00000, 0x000000009eb00000|100%| O|  |TAMS 0x000000009eb00000, 0x000000009ea00000| Untracked 
| 491|0x000000009eb00000, 0x000000009ec00000, 0x000000009ec00000|100%| O|  |TAMS 0x000000009ec00000, 0x000000009eb00000| Untracked 
| 492|0x000000009ec00000, 0x000000009ed00000, 0x000000009ed00000|100%| O|  |TAMS 0x000000009ed00000, 0x000000009ec00000| Untracked 
| 493|0x000000009ed00000, 0x000000009ee00000, 0x000000009ee00000|100%| O|  |TAMS 0x000000009ee00000, 0x000000009ed00000| Untracked 
| 494|0x000000009ee00000, 0x000000009ef00000, 0x000000009ef00000|100%| O|  |TAMS 0x000000009ef00000, 0x000000009ee00000| Untracked 
| 495|0x000000009ef00000, 0x000000009f000000, 0x000000009f000000|100%| O|  |TAMS 0x000000009f000000, 0x000000009ef00000| Untracked 
| 496|0x000000009f000000, 0x000000009f100000, 0x000000009f100000|100%| O|  |TAMS 0x000000009f100000, 0x000000009f000000| Untracked 
| 497|0x000000009f100000, 0x000000009f200000, 0x000000009f200000|100%| O|  |TAMS 0x000000009f200000, 0x000000009f100000| Untracked 
| 498|0x000000009f200000, 0x000000009f300000, 0x000000009f300000|100%| O|  |TAMS 0x000000009f300000, 0x000000009f200000| Untracked 
| 499|0x000000009f300000, 0x000000009f400000, 0x000000009f400000|100%| O|  |TAMS 0x000000009f400000, 0x000000009f300000| Untracked 
| 500|0x000000009f400000, 0x000000009f500000, 0x000000009f500000|100%| O|  |TAMS 0x000000009f500000, 0x000000009f400000| Untracked 
| 501|0x000000009f500000, 0x000000009f600000, 0x000000009f600000|100%| O|  |TAMS 0x000000009f600000, 0x000000009f500000| Untracked 
| 502|0x000000009f600000, 0x000000009f700000, 0x000000009f700000|100%| O|  |TAMS 0x000000009f700000, 0x000000009f600000| Untracked 
| 503|0x000000009f700000, 0x000000009f800000, 0x000000009f800000|100%| O|  |TAMS 0x000000009f800000, 0x000000009f700000| Untracked 
| 504|0x000000009f800000, 0x000000009f900000, 0x000000009f900000|100%| O|  |TAMS 0x000000009f900000, 0x000000009f800000| Untracked 
| 505|0x000000009f900000, 0x000000009fa00000, 0x000000009fa00000|100%| O|  |TAMS 0x000000009fa00000, 0x000000009f900000| Untracked 
| 506|0x000000009fa00000, 0x000000009fb00000, 0x000000009fb00000|100%|HS|  |TAMS 0x000000009fb00000, 0x000000009fa00000| Complete 
| 507|0x000000009fb00000, 0x000000009fc00000, 0x000000009fc00000|100%|HC|  |TAMS 0x000000009fc00000, 0x000000009fb00000| Complete 
| 508|0x000000009fc00000, 0x000000009fd00000, 0x000000009fd00000|100%| O|  |TAMS 0x000000009fd00000, 0x000000009fc00000| Untracked 
| 509|0x000000009fd00000, 0x000000009fe00000, 0x000000009fe00000|100%| O|  |TAMS 0x000000009fe00000, 0x000000009fd00000| Untracked 
| 510|0x000000009fe00000, 0x000000009ff00000, 0x000000009ff00000|100%| O|  |TAMS 0x000000009ff00000, 0x000000009fe00000| Untracked 
| 511|0x000000009ff00000, 0x00000000a0000000, 0x00000000a0000000|100%| O|  |TAMS 0x00000000a0000000, 0x000000009ff00000| Untracked 
| 512|0x00000000a0000000, 0x00000000a0100000, 0x00000000a0100000|100%| O|  |TAMS 0x00000000a0100000, 0x00000000a0000000| Untracked 
| 513|0x00000000a0100000, 0x00000000a0200000, 0x00000000a0200000|100%| O|  |TAMS 0x00000000a0200000, 0x00000000a0100000| Untracked 
| 514|0x00000000a0200000, 0x00000000a0300000, 0x00000000a0300000|100%| O|  |TAMS 0x00000000a0300000, 0x00000000a0200000| Untracked 
| 515|0x00000000a0300000, 0x00000000a0400000, 0x00000000a0400000|100%| O|  |TAMS 0x00000000a0400000, 0x00000000a0300000| Untracked 
| 516|0x00000000a0400000, 0x00000000a0500000, 0x00000000a0500000|100%| O|  |TAMS 0x00000000a0500000, 0x00000000a0400000| Untracked 
| 517|0x00000000a0500000, 0x00000000a0600000, 0x00000000a0600000|100%| O|  |TAMS 0x00000000a0600000, 0x00000000a0500000| Untracked 
| 518|0x00000000a0600000, 0x00000000a0700000, 0x00000000a0700000|100%| O|  |TAMS 0x00000000a0700000, 0x00000000a0600000| Untracked 
| 519|0x00000000a0700000, 0x00000000a0800000, 0x00000000a0800000|100%| O|  |TAMS 0x00000000a0800000, 0x00000000a0700000| Untracked 
| 520|0x00000000a0800000, 0x00000000a0900000, 0x00000000a0900000|100%| O|  |TAMS 0x00000000a0900000, 0x00000000a0800000| Untracked 
| 521|0x00000000a0900000, 0x00000000a0a00000, 0x00000000a0a00000|100%| O|  |TAMS 0x00000000a0a00000, 0x00000000a0900000| Untracked 
| 522|0x00000000a0a00000, 0x00000000a0b00000, 0x00000000a0b00000|100%| O|  |TAMS 0x00000000a0b00000, 0x00000000a0a00000| Untracked 
| 523|0x00000000a0b00000, 0x00000000a0c00000, 0x00000000a0c00000|100%| O|  |TAMS 0x00000000a0c00000, 0x00000000a0b00000| Untracked 
| 524|0x00000000a0c00000, 0x00000000a0d00000, 0x00000000a0d00000|100%| O|  |TAMS 0x00000000a0d00000, 0x00000000a0c00000| Untracked 
| 525|0x00000000a0d00000, 0x00000000a0d00000, 0x00000000a0e00000|  0%| F|  |TAMS 0x00000000a0d00000, 0x00000000a0d00000| Untracked 
| 526|0x00000000a0e00000, 0x00000000a0f00000, 0x00000000a0f00000|100%| O|  |TAMS 0x00000000a0f00000, 0x00000000a0e00000| Untracked 
| 527|0x00000000a0f00000, 0x00000000a1000000, 0x00000000a1000000|100%| O|  |TAMS 0x00000000a1000000, 0x00000000a0f00000| Untracked 
| 528|0x00000000a1000000, 0x00000000a1100000, 0x00000000a1100000|100%| O|  |TAMS 0x00000000a1100000, 0x00000000a1000000| Untracked 
| 529|0x00000000a1100000, 0x00000000a1200000, 0x00000000a1200000|100%| O|  |TAMS 0x00000000a1200000, 0x00000000a1100000| Untracked 
| 530|0x00000000a1200000, 0x00000000a1300000, 0x00000000a1300000|100%| O|  |TAMS 0x00000000a1300000, 0x00000000a1200000| Untracked 
| 531|0x00000000a1300000, 0x00000000a1400000, 0x00000000a1400000|100%| O|  |TAMS 0x00000000a1400000, 0x00000000a1300000| Untracked 
| 532|0x00000000a1400000, 0x00000000a1500000, 0x00000000a1500000|100%| O|  |TAMS 0x00000000a1500000, 0x00000000a1400000| Untracked 
| 533|0x00000000a1500000, 0x00000000a1600000, 0x00000000a1600000|100%| O|  |TAMS 0x00000000a1600000, 0x00000000a1500000| Untracked 
| 534|0x00000000a1600000, 0x00000000a1700000, 0x00000000a1700000|100%| O|  |TAMS 0x00000000a1700000, 0x00000000a1600000| Untracked 
| 535|0x00000000a1700000, 0x00000000a1800000, 0x00000000a1800000|100%| O|  |TAMS 0x00000000a1800000, 0x00000000a1700000| Untracked 
| 536|0x00000000a1800000, 0x00000000a1900000, 0x00000000a1900000|100%| O|  |TAMS 0x00000000a1900000, 0x00000000a1800000| Untracked 
| 537|0x00000000a1900000, 0x00000000a1a00000, 0x00000000a1a00000|100%| O|  |TAMS 0x00000000a1a00000, 0x00000000a1900000| Untracked 
| 538|0x00000000a1a00000, 0x00000000a1b00000, 0x00000000a1b00000|100%| O|  |TAMS 0x00000000a1b00000, 0x00000000a1a00000| Untracked 
| 539|0x00000000a1b00000, 0x00000000a1c00000, 0x00000000a1c00000|100%| O|  |TAMS 0x00000000a1c00000, 0x00000000a1b00000| Untracked 
| 540|0x00000000a1c00000, 0x00000000a1c00000, 0x00000000a1d00000|  0%| F|  |TAMS 0x00000000a1c00000, 0x00000000a1c00000| Untracked 
| 541|0x00000000a1d00000, 0x00000000a1e00000, 0x00000000a1e00000|100%| O|  |TAMS 0x00000000a1e00000, 0x00000000a1d00000| Untracked 
| 542|0x00000000a1e00000, 0x00000000a1f00000, 0x00000000a1f00000|100%| O|  |TAMS 0x00000000a1f00000, 0x00000000a1e00000| Untracked 
| 543|0x00000000a1f00000, 0x00000000a2000000, 0x00000000a2000000|100%| O|  |TAMS 0x00000000a2000000, 0x00000000a1f00000| Untracked 
| 544|0x00000000a2000000, 0x00000000a2100000, 0x00000000a2100000|100%| O|  |TAMS 0x00000000a2100000, 0x00000000a2000000| Untracked 
| 545|0x00000000a2100000, 0x00000000a2200000, 0x00000000a2200000|100%| O|  |TAMS 0x00000000a2200000, 0x00000000a2100000| Untracked 
| 546|0x00000000a2200000, 0x00000000a2300000, 0x00000000a2300000|100%| O|  |TAMS 0x00000000a2300000, 0x00000000a2200000| Untracked 
| 547|0x00000000a2300000, 0x00000000a2400000, 0x00000000a2400000|100%| O|  |TAMS 0x00000000a2400000, 0x00000000a2300000| Untracked 
| 548|0x00000000a2400000, 0x00000000a2500000, 0x00000000a2500000|100%| O|  |TAMS 0x00000000a2500000, 0x00000000a2400000| Untracked 
| 549|0x00000000a2500000, 0x00000000a2600000, 0x00000000a2600000|100%| O|  |TAMS 0x00000000a2600000, 0x00000000a2500000| Untracked 
| 550|0x00000000a2600000, 0x00000000a2700000, 0x00000000a2700000|100%| O|  |TAMS 0x00000000a2700000, 0x00000000a2600000| Untracked 
| 551|0x00000000a2700000, 0x00000000a2800000, 0x00000000a2800000|100%| O|  |TAMS 0x00000000a2800000, 0x00000000a2700000| Untracked 
| 552|0x00000000a2800000, 0x00000000a2900000, 0x00000000a2900000|100%| O|  |TAMS 0x00000000a2900000, 0x00000000a2800000| Untracked 
| 553|0x00000000a2900000, 0x00000000a2a00000, 0x00000000a2a00000|100%| O|  |TAMS 0x00000000a2a00000, 0x00000000a2900000| Untracked 
| 554|0x00000000a2a00000, 0x00000000a2b00000, 0x00000000a2b00000|100%| O|  |TAMS 0x00000000a2b00000, 0x00000000a2a00000| Untracked 
| 555|0x00000000a2b00000, 0x00000000a2c00000, 0x00000000a2c00000|100%| O|  |TAMS 0x00000000a2c00000, 0x00000000a2b00000| Untracked 
| 556|0x00000000a2c00000, 0x00000000a2d00000, 0x00000000a2d00000|100%| O|  |TAMS 0x00000000a2d00000, 0x00000000a2c00000| Untracked 
| 557|0x00000000a2d00000, 0x00000000a2e00000, 0x00000000a2e00000|100%| O|  |TAMS 0x00000000a2e00000, 0x00000000a2d00000| Untracked 
| 558|0x00000000a2e00000, 0x00000000a2f00000, 0x00000000a2f00000|100%| O|  |TAMS 0x00000000a2f00000, 0x00000000a2e00000| Untracked 
| 559|0x00000000a2f00000, 0x00000000a3000000, 0x00000000a3000000|100%| O|  |TAMS 0x00000000a3000000, 0x00000000a2f00000| Untracked 
| 560|0x00000000a3000000, 0x00000000a3100000, 0x00000000a3100000|100%| O|  |TAMS 0x00000000a3100000, 0x00000000a3000000| Untracked 
| 561|0x00000000a3100000, 0x00000000a3200000, 0x00000000a3200000|100%| O|  |TAMS 0x00000000a3200000, 0x00000000a3100000| Untracked 
| 562|0x00000000a3200000, 0x00000000a3300000, 0x00000000a3300000|100%| O|  |TAMS 0x00000000a3300000, 0x00000000a3200000| Untracked 
| 563|0x00000000a3300000, 0x00000000a3400000, 0x00000000a3400000|100%| O|  |TAMS 0x00000000a3400000, 0x00000000a3300000| Untracked 
| 564|0x00000000a3400000, 0x00000000a3500000, 0x00000000a3500000|100%| O|  |TAMS 0x00000000a3500000, 0x00000000a3400000| Untracked 
| 565|0x00000000a3500000, 0x00000000a3600000, 0x00000000a3600000|100%| O|  |TAMS 0x00000000a3600000, 0x00000000a3500000| Untracked 
| 566|0x00000000a3600000, 0x00000000a3700000, 0x00000000a3700000|100%| O|  |TAMS 0x00000000a3700000, 0x00000000a3600000| Untracked 
| 567|0x00000000a3700000, 0x00000000a37d7400, 0x00000000a3800000| 84%| O|  |TAMS 0x00000000a37d7400, 0x00000000a3700000| Untracked 
| 568|0x00000000a3800000, 0x00000000a3800000, 0x00000000a3900000|  0%| F|  |TAMS 0x00000000a3800000, 0x00000000a3800000| Untracked 
| 569|0x00000000a3900000, 0x00000000a3900000, 0x00000000a3a00000|  0%| F|  |TAMS 0x00000000a3900000, 0x00000000a3900000| Untracked 
| 570|0x00000000a3a00000, 0x00000000a3a00000, 0x00000000a3b00000|  0%| F|  |TAMS 0x00000000a3a00000, 0x00000000a3a00000| Untracked 
| 571|0x00000000a3b00000, 0x00000000a3b00000, 0x00000000a3c00000|  0%| F|  |TAMS 0x00000000a3b00000, 0x00000000a3b00000| Untracked 
| 572|0x00000000a3c00000, 0x00000000a3c00000, 0x00000000a3d00000|  0%| F|  |TAMS 0x00000000a3c00000, 0x00000000a3c00000| Untracked 
| 573|0x00000000a3d00000, 0x00000000a3d00000, 0x00000000a3e00000|  0%| F|  |TAMS 0x00000000a3d00000, 0x00000000a3d00000| Untracked 
| 574|0x00000000a3e00000, 0x00000000a3e00000, 0x00000000a3f00000|  0%| F|  |TAMS 0x00000000a3e00000, 0x00000000a3e00000| Untracked 
| 575|0x00000000a3f00000, 0x00000000a3f00000, 0x00000000a4000000|  0%| F|  |TAMS 0x00000000a3f00000, 0x00000000a3f00000| Untracked 
| 576|0x00000000a4000000, 0x00000000a4100000, 0x00000000a4100000|100%| O|  |TAMS 0x00000000a4100000, 0x00000000a4000000| Untracked 
| 577|0x00000000a4100000, 0x00000000a4100000, 0x00000000a4200000|  0%| F|  |TAMS 0x00000000a4100000, 0x00000000a4100000| Untracked 
| 578|0x00000000a4200000, 0x00000000a4200000, 0x00000000a4300000|  0%| F|  |TAMS 0x00000000a4200000, 0x00000000a4200000| Untracked 
| 579|0x00000000a4300000, 0x00000000a4300000, 0x00000000a4400000|  0%| F|  |TAMS 0x00000000a4300000, 0x00000000a4300000| Untracked 
| 580|0x00000000a4400000, 0x00000000a4400000, 0x00000000a4500000|  0%| F|  |TAMS 0x00000000a4400000, 0x00000000a4400000| Untracked 
| 581|0x00000000a4500000, 0x00000000a4500000, 0x00000000a4600000|  0%| F|  |TAMS 0x00000000a4500000, 0x00000000a4500000| Untracked 
| 582|0x00000000a4600000, 0x00000000a4600000, 0x00000000a4700000|  0%| F|  |TAMS 0x00000000a4600000, 0x00000000a4600000| Untracked 
| 583|0x00000000a4700000, 0x00000000a4700000, 0x00000000a4800000|  0%| F|  |TAMS 0x00000000a4700000, 0x00000000a4700000| Untracked 
| 584|0x00000000a4800000, 0x00000000a4800000, 0x00000000a4900000|  0%| F|  |TAMS 0x00000000a4800000, 0x00000000a4800000| Untracked 
| 585|0x00000000a4900000, 0x00000000a4900000, 0x00000000a4a00000|  0%| F|  |TAMS 0x00000000a4900000, 0x00000000a4900000| Untracked 
| 586|0x00000000a4a00000, 0x00000000a4a00000, 0x00000000a4b00000|  0%| F|  |TAMS 0x00000000a4a00000, 0x00000000a4a00000| Untracked 
| 587|0x00000000a4b00000, 0x00000000a4c00000, 0x00000000a4c00000|100%| O|  |TAMS 0x00000000a4c00000, 0x00000000a4b00000| Untracked 
| 588|0x00000000a4c00000, 0x00000000a4c00000, 0x00000000a4d00000|  0%| F|  |TAMS 0x00000000a4c00000, 0x00000000a4c00000| Untracked 
| 589|0x00000000a4d00000, 0x00000000a4d00000, 0x00000000a4e00000|  0%| F|  |TAMS 0x00000000a4d00000, 0x00000000a4d00000| Untracked 
| 590|0x00000000a4e00000, 0x00000000a4e00000, 0x00000000a4f00000|  0%| F|  |TAMS 0x00000000a4e00000, 0x00000000a4e00000| Untracked 
| 591|0x00000000a4f00000, 0x00000000a4f00000, 0x00000000a5000000|  0%| F|  |TAMS 0x00000000a4f00000, 0x00000000a4f00000| Untracked 
| 592|0x00000000a5000000, 0x00000000a5000000, 0x00000000a5100000|  0%| F|  |TAMS 0x00000000a5000000, 0x00000000a5000000| Untracked 
| 593|0x00000000a5100000, 0x00000000a5200000, 0x00000000a5200000|100%| O|  |TAMS 0x00000000a5200000, 0x00000000a5100000| Untracked 
| 594|0x00000000a5200000, 0x00000000a5200000, 0x00000000a5300000|  0%| F|  |TAMS 0x00000000a5200000, 0x00000000a5200000| Untracked 
| 595|0x00000000a5300000, 0x00000000a5300000, 0x00000000a5400000|  0%| F|  |TAMS 0x00000000a5300000, 0x00000000a5300000| Untracked 
| 596|0x00000000a5400000, 0x00000000a5500000, 0x00000000a5500000|100%| O|  |TAMS 0x00000000a5500000, 0x00000000a5400000| Untracked 
| 597|0x00000000a5500000, 0x00000000a5500000, 0x00000000a5600000|  0%| F|  |TAMS 0x00000000a5500000, 0x00000000a5500000| Untracked 
| 598|0x00000000a5600000, 0x00000000a5600000, 0x00000000a5700000|  0%| F|  |TAMS 0x00000000a5600000, 0x00000000a5600000| Untracked 
| 599|0x00000000a5700000, 0x00000000a5700000, 0x00000000a5800000|  0%| F|  |TAMS 0x00000000a5700000, 0x00000000a5700000| Untracked 
| 600|0x00000000a5800000, 0x00000000a5800000, 0x00000000a5900000|  0%| F|  |TAMS 0x00000000a5800000, 0x00000000a5800000| Untracked 
| 601|0x00000000a5900000, 0x00000000a5900000, 0x00000000a5a00000|  0%| F|  |TAMS 0x00000000a5900000, 0x00000000a5900000| Untracked 
| 602|0x00000000a5a00000, 0x00000000a5a00000, 0x00000000a5b00000|  0%| F|  |TAMS 0x00000000a5a00000, 0x00000000a5a00000| Untracked 
| 603|0x00000000a5b00000, 0x00000000a5b00000, 0x00000000a5c00000|  0%| F|  |TAMS 0x00000000a5b00000, 0x00000000a5b00000| Untracked 
| 604|0x00000000a5c00000, 0x00000000a5c00000, 0x00000000a5d00000|  0%| F|  |TAMS 0x00000000a5c00000, 0x00000000a5c00000| Untracked 
| 605|0x00000000a5d00000, 0x00000000a5e00000, 0x00000000a5e00000|100%| O|  |TAMS 0x00000000a5e00000, 0x00000000a5d00000| Untracked 
| 606|0x00000000a5e00000, 0x00000000a5e00000, 0x00000000a5f00000|  0%| F|  |TAMS 0x00000000a5e00000, 0x00000000a5e00000| Untracked 
| 607|0x00000000a5f00000, 0x00000000a5f00000, 0x00000000a6000000|  0%| F|  |TAMS 0x00000000a5f00000, 0x00000000a5f00000| Untracked 
| 608|0x00000000a6000000, 0x00000000a6000000, 0x00000000a6100000|  0%| F|  |TAMS 0x00000000a6000000, 0x00000000a6000000| Untracked 
| 609|0x00000000a6100000, 0x00000000a6100000, 0x00000000a6200000|  0%| F|  |TAMS 0x00000000a6100000, 0x00000000a6100000| Untracked 
| 610|0x00000000a6200000, 0x00000000a6200000, 0x00000000a6300000|  0%| F|  |TAMS 0x00000000a6200000, 0x00000000a6200000| Untracked 
| 611|0x00000000a6300000, 0x00000000a6300000, 0x00000000a6400000|  0%| F|  |TAMS 0x00000000a6300000, 0x00000000a6300000| Untracked 
| 612|0x00000000a6400000, 0x00000000a6400000, 0x00000000a6500000|  0%| F|  |TAMS 0x00000000a6400000, 0x00000000a6400000| Untracked 
| 613|0x00000000a6500000, 0x00000000a6500000, 0x00000000a6600000|  0%| F|  |TAMS 0x00000000a6500000, 0x00000000a6500000| Untracked 
| 614|0x00000000a6600000, 0x00000000a6600000, 0x00000000a6700000|  0%| F|  |TAMS 0x00000000a6600000, 0x00000000a6600000| Untracked 
| 615|0x00000000a6700000, 0x00000000a6700000, 0x00000000a6800000|  0%| F|  |TAMS 0x00000000a6700000, 0x00000000a6700000| Untracked 
| 616|0x00000000a6800000, 0x00000000a6800000, 0x00000000a6900000|  0%| F|  |TAMS 0x00000000a6800000, 0x00000000a6800000| Untracked 
| 617|0x00000000a6900000, 0x00000000a6900000, 0x00000000a6a00000|  0%| F|  |TAMS 0x00000000a6900000, 0x00000000a6900000| Untracked 
| 618|0x00000000a6a00000, 0x00000000a6a00000, 0x00000000a6b00000|  0%| F|  |TAMS 0x00000000a6a00000, 0x00000000a6a00000| Untracked 
| 619|0x00000000a6b00000, 0x00000000a6b00000, 0x00000000a6c00000|  0%| F|  |TAMS 0x00000000a6b00000, 0x00000000a6b00000| Untracked 
| 620|0x00000000a6c00000, 0x00000000a6c00000, 0x00000000a6d00000|  0%| F|  |TAMS 0x00000000a6c00000, 0x00000000a6c00000| Untracked 
| 621|0x00000000a6d00000, 0x00000000a6d00000, 0x00000000a6e00000|  0%| F|  |TAMS 0x00000000a6d00000, 0x00000000a6d00000| Untracked 
| 622|0x00000000a6e00000, 0x00000000a6e00000, 0x00000000a6f00000|  0%| F|  |TAMS 0x00000000a6e00000, 0x00000000a6e00000| Untracked 
| 623|0x00000000a6f00000, 0x00000000a7000000, 0x00000000a7000000|100%| O|  |TAMS 0x00000000a7000000, 0x00000000a6f00000| Untracked 
| 624|0x00000000a7000000, 0x00000000a7100000, 0x00000000a7100000|100%| O|  |TAMS 0x00000000a7100000, 0x00000000a7000000| Untracked 
| 625|0x00000000a7100000, 0x00000000a7100000, 0x00000000a7200000|  0%| F|  |TAMS 0x00000000a7100000, 0x00000000a7100000| Untracked 
| 626|0x00000000a7200000, 0x00000000a7200000, 0x00000000a7300000|  0%| F|  |TAMS 0x00000000a7200000, 0x00000000a7200000| Untracked 
| 627|0x00000000a7300000, 0x00000000a7300000, 0x00000000a7400000|  0%| F|  |TAMS 0x00000000a7300000, 0x00000000a7300000| Untracked 
| 628|0x00000000a7400000, 0x00000000a7400000, 0x00000000a7500000|  0%| F|  |TAMS 0x00000000a7400000, 0x00000000a7400000| Untracked 
| 629|0x00000000a7500000, 0x00000000a7500000, 0x00000000a7600000|  0%| F|  |TAMS 0x00000000a7500000, 0x00000000a7500000| Untracked 
| 630|0x00000000a7600000, 0x00000000a7600000, 0x00000000a7700000|  0%| F|  |TAMS 0x00000000a7600000, 0x00000000a7600000| Untracked 
| 631|0x00000000a7700000, 0x00000000a7700000, 0x00000000a7800000|  0%| F|  |TAMS 0x00000000a7700000, 0x00000000a7700000| Untracked 
| 632|0x00000000a7800000, 0x00000000a7800000, 0x00000000a7900000|  0%| F|  |TAMS 0x00000000a7800000, 0x00000000a7800000| Untracked 
| 633|0x00000000a7900000, 0x00000000a7900000, 0x00000000a7a00000|  0%| F|  |TAMS 0x00000000a7900000, 0x00000000a7900000| Untracked 
| 634|0x00000000a7a00000, 0x00000000a7a00000, 0x00000000a7b00000|  0%| F|  |TAMS 0x00000000a7a00000, 0x00000000a7a00000| Untracked 
| 635|0x00000000a7b00000, 0x00000000a7b00000, 0x00000000a7c00000|  0%| F|  |TAMS 0x00000000a7b00000, 0x00000000a7b00000| Untracked 
| 636|0x00000000a7c00000, 0x00000000a7c00000, 0x00000000a7d00000|  0%| F|  |TAMS 0x00000000a7c00000, 0x00000000a7c00000| Untracked 
| 637|0x00000000a7d00000, 0x00000000a7d00000, 0x00000000a7e00000|  0%| F|  |TAMS 0x00000000a7d00000, 0x00000000a7d00000| Untracked 
| 638|0x00000000a7e00000, 0x00000000a7e00000, 0x00000000a7f00000|  0%| F|  |TAMS 0x00000000a7e00000, 0x00000000a7e00000| Untracked 
| 639|0x00000000a7f00000, 0x00000000a7f00000, 0x00000000a8000000|  0%| F|  |TAMS 0x00000000a7f00000, 0x00000000a7f00000| Untracked 
| 640|0x00000000a8000000, 0x00000000a8000000, 0x00000000a8100000|  0%| F|  |TAMS 0x00000000a8000000, 0x00000000a8000000| Untracked 
| 641|0x00000000a8100000, 0x00000000a8100000, 0x00000000a8200000|  0%| F|  |TAMS 0x00000000a8100000, 0x00000000a8100000| Untracked 
| 642|0x00000000a8200000, 0x00000000a8200000, 0x00000000a8300000|  0%| F|  |TAMS 0x00000000a8200000, 0x00000000a8200000| Untracked 
| 643|0x00000000a8300000, 0x00000000a8300000, 0x00000000a8400000|  0%| F|  |TAMS 0x00000000a8300000, 0x00000000a8300000| Untracked 
| 644|0x00000000a8400000, 0x00000000a8400000, 0x00000000a8500000|  0%| F|  |TAMS 0x00000000a8400000, 0x00000000a8400000| Untracked 
| 645|0x00000000a8500000, 0x00000000a8500000, 0x00000000a8600000|  0%| F|  |TAMS 0x00000000a8500000, 0x00000000a8500000| Untracked 
| 646|0x00000000a8600000, 0x00000000a8600000, 0x00000000a8700000|  0%| F|  |TAMS 0x00000000a8600000, 0x00000000a8600000| Untracked 
| 647|0x00000000a8700000, 0x00000000a8700000, 0x00000000a8800000|  0%| F|  |TAMS 0x00000000a8700000, 0x00000000a8700000| Untracked 
| 648|0x00000000a8800000, 0x00000000a8800000, 0x00000000a8900000|  0%| F|  |TAMS 0x00000000a8800000, 0x00000000a8800000| Untracked 
| 649|0x00000000a8900000, 0x00000000a8900000, 0x00000000a8a00000|  0%| F|  |TAMS 0x00000000a8900000, 0x00000000a8900000| Untracked 
| 650|0x00000000a8a00000, 0x00000000a8a00000, 0x00000000a8b00000|  0%| F|  |TAMS 0x00000000a8a00000, 0x00000000a8a00000| Untracked 
| 651|0x00000000a8b00000, 0x00000000a8b00000, 0x00000000a8c00000|  0%| F|  |TAMS 0x00000000a8b00000, 0x00000000a8b00000| Untracked 
| 652|0x00000000a8c00000, 0x00000000a8c00000, 0x00000000a8d00000|  0%| F|  |TAMS 0x00000000a8c00000, 0x00000000a8c00000| Untracked 
| 653|0x00000000a8d00000, 0x00000000a8d00000, 0x00000000a8e00000|  0%| F|  |TAMS 0x00000000a8d00000, 0x00000000a8d00000| Untracked 
| 654|0x00000000a8e00000, 0x00000000a8e00000, 0x00000000a8f00000|  0%| F|  |TAMS 0x00000000a8e00000, 0x00000000a8e00000| Untracked 
| 655|0x00000000a8f00000, 0x00000000a8f00000, 0x00000000a9000000|  0%| F|  |TAMS 0x00000000a8f00000, 0x00000000a8f00000| Untracked 
| 656|0x00000000a9000000, 0x00000000a9100000, 0x00000000a9100000|100%| O|  |TAMS 0x00000000a9100000, 0x00000000a9000000| Untracked 
| 657|0x00000000a9100000, 0x00000000a9200000, 0x00000000a9200000|100%| O|  |TAMS 0x00000000a9200000, 0x00000000a9100000| Untracked 
| 658|0x00000000a9200000, 0x00000000a9200000, 0x00000000a9300000|  0%| F|  |TAMS 0x00000000a9200000, 0x00000000a9200000| Untracked 
| 659|0x00000000a9300000, 0x00000000a9300000, 0x00000000a9400000|  0%| F|  |TAMS 0x00000000a9300000, 0x00000000a9300000| Untracked 
| 660|0x00000000a9400000, 0x00000000a9400000, 0x00000000a9500000|  0%| F|  |TAMS 0x00000000a9400000, 0x00000000a9400000| Untracked 
| 661|0x00000000a9500000, 0x00000000a9500000, 0x00000000a9600000|  0%| F|  |TAMS 0x00000000a9500000, 0x00000000a9500000| Untracked 
| 662|0x00000000a9600000, 0x00000000a9600000, 0x00000000a9700000|  0%| F|  |TAMS 0x00000000a9600000, 0x00000000a9600000| Untracked 
| 663|0x00000000a9700000, 0x00000000a9700000, 0x00000000a9800000|  0%| F|  |TAMS 0x00000000a9700000, 0x00000000a9700000| Untracked 
| 664|0x00000000a9800000, 0x00000000a9900000, 0x00000000a9900000|100%| O|  |TAMS 0x00000000a9900000, 0x00000000a9800000| Untracked 
| 665|0x00000000a9900000, 0x00000000a9a00000, 0x00000000a9a00000|100%| O|  |TAMS 0x00000000a9a00000, 0x00000000a9900000| Untracked 
| 666|0x00000000a9a00000, 0x00000000a9a00000, 0x00000000a9b00000|  0%| F|  |TAMS 0x00000000a9a00000, 0x00000000a9a00000| Untracked 
| 667|0x00000000a9b00000, 0x00000000a9c00000, 0x00000000a9c00000|100%| O|  |TAMS 0x00000000a9c00000, 0x00000000a9b00000| Untracked 
| 668|0x00000000a9c00000, 0x00000000a9c00000, 0x00000000a9d00000|  0%| F|  |TAMS 0x00000000a9c00000, 0x00000000a9c00000| Untracked 
| 669|0x00000000a9d00000, 0x00000000a9e00000, 0x00000000a9e00000|100%| O|  |TAMS 0x00000000a9e00000, 0x00000000a9d00000| Untracked 
| 670|0x00000000a9e00000, 0x00000000a9f00000, 0x00000000a9f00000|100%| O|  |TAMS 0x00000000a9f00000, 0x00000000a9e00000| Untracked 
| 671|0x00000000a9f00000, 0x00000000a9f00000, 0x00000000aa000000|  0%| F|  |TAMS 0x00000000a9f00000, 0x00000000a9f00000| Untracked 
| 672|0x00000000aa000000, 0x00000000aa100000, 0x00000000aa100000|100%| O|  |TAMS 0x00000000aa100000, 0x00000000aa000000| Untracked 
| 673|0x00000000aa100000, 0x00000000aa200000, 0x00000000aa200000|100%| O|  |TAMS 0x00000000aa200000, 0x00000000aa100000| Untracked 
| 674|0x00000000aa200000, 0x00000000aa200000, 0x00000000aa300000|  0%| F|  |TAMS 0x00000000aa200000, 0x00000000aa200000| Untracked 
| 675|0x00000000aa300000, 0x00000000aa300000, 0x00000000aa400000|  0%| F|  |TAMS 0x00000000aa300000, 0x00000000aa300000| Untracked 
| 676|0x00000000aa400000, 0x00000000aa400000, 0x00000000aa500000|  0%| F|  |TAMS 0x00000000aa400000, 0x00000000aa400000| Untracked 
| 677|0x00000000aa500000, 0x00000000aa600000, 0x00000000aa600000|100%| O|  |TAMS 0x00000000aa600000, 0x00000000aa500000| Untracked 
| 678|0x00000000aa600000, 0x00000000aa700000, 0x00000000aa700000|100%| O|  |TAMS 0x00000000aa700000, 0x00000000aa600000| Untracked 
| 679|0x00000000aa700000, 0x00000000aa800000, 0x00000000aa800000|100%| O|  |TAMS 0x00000000aa800000, 0x00000000aa700000| Untracked 
| 680|0x00000000aa800000, 0x00000000aa900000, 0x00000000aa900000|100%| O|  |TAMS 0x00000000aa900000, 0x00000000aa800000| Untracked 
| 681|0x00000000aa900000, 0x00000000aaa00000, 0x00000000aaa00000|100%| O|  |TAMS 0x00000000aaa00000, 0x00000000aa900000| Untracked 
| 682|0x00000000aaa00000, 0x00000000aab00000, 0x00000000aab00000|100%| O|  |TAMS 0x00000000aab00000, 0x00000000aaa00000| Untracked 
| 683|0x00000000aab00000, 0x00000000aac00000, 0x00000000aac00000|100%| O|  |TAMS 0x00000000aac00000, 0x00000000aab00000| Untracked 
| 684|0x00000000aac00000, 0x00000000aac00000, 0x00000000aad00000|  0%| F|  |TAMS 0x00000000aac00000, 0x00000000aac00000| Untracked 
| 685|0x00000000aad00000, 0x00000000aad00000, 0x00000000aae00000|  0%| F|  |TAMS 0x00000000aad00000, 0x00000000aad00000| Untracked 
| 686|0x00000000aae00000, 0x00000000aae00000, 0x00000000aaf00000|  0%| F|  |TAMS 0x00000000aae00000, 0x00000000aae00000| Untracked 
| 687|0x00000000aaf00000, 0x00000000ab000000, 0x00000000ab000000|100%| O|  |TAMS 0x00000000ab000000, 0x00000000aaf00000| Untracked 
| 688|0x00000000ab000000, 0x00000000ab000000, 0x00000000ab100000|  0%| F|  |TAMS 0x00000000ab000000, 0x00000000ab000000| Untracked 
| 689|0x00000000ab100000, 0x00000000ab100000, 0x00000000ab200000|  0%| F|  |TAMS 0x00000000ab100000, 0x00000000ab100000| Untracked 
| 690|0x00000000ab200000, 0x00000000ab200000, 0x00000000ab300000|  0%| F|  |TAMS 0x00000000ab200000, 0x00000000ab200000| Untracked 
| 691|0x00000000ab300000, 0x00000000ab400000, 0x00000000ab400000|100%| O|  |TAMS 0x00000000ab400000, 0x00000000ab300000| Untracked 
| 692|0x00000000ab400000, 0x00000000ab400000, 0x00000000ab500000|  0%| F|  |TAMS 0x00000000ab400000, 0x00000000ab400000| Untracked 
| 693|0x00000000ab500000, 0x00000000ab500000, 0x00000000ab600000|  0%| F|  |TAMS 0x00000000ab500000, 0x00000000ab500000| Untracked 
| 694|0x00000000ab600000, 0x00000000ab600000, 0x00000000ab700000|  0%| F|  |TAMS 0x00000000ab600000, 0x00000000ab600000| Untracked 
| 695|0x00000000ab700000, 0x00000000ab700000, 0x00000000ab800000|  0%| F|  |TAMS 0x00000000ab700000, 0x00000000ab700000| Untracked 
| 696|0x00000000ab800000, 0x00000000ab800000, 0x00000000ab900000|  0%| F|  |TAMS 0x00000000ab800000, 0x00000000ab800000| Untracked 
| 697|0x00000000ab900000, 0x00000000aba00000, 0x00000000aba00000|100%| O|  |TAMS 0x00000000aba00000, 0x00000000ab900000| Untracked 
| 698|0x00000000aba00000, 0x00000000aba00000, 0x00000000abb00000|  0%| F|  |TAMS 0x00000000aba00000, 0x00000000aba00000| Untracked 
| 699|0x00000000abb00000, 0x00000000abb00000, 0x00000000abc00000|  0%| F|  |TAMS 0x00000000abb00000, 0x00000000abb00000| Untracked 
| 700|0x00000000abc00000, 0x00000000abd00000, 0x00000000abd00000|100%| O|  |TAMS 0x00000000abd00000, 0x00000000abc00000| Untracked 
| 701|0x00000000abd00000, 0x00000000abe00000, 0x00000000abe00000|100%| O|  |TAMS 0x00000000abe00000, 0x00000000abd00000| Untracked 
| 702|0x00000000abe00000, 0x00000000abe00000, 0x00000000abf00000|  0%| F|  |TAMS 0x00000000abe00000, 0x00000000abe00000| Untracked 
| 703|0x00000000abf00000, 0x00000000abf00000, 0x00000000ac000000|  0%| F|  |TAMS 0x00000000abf00000, 0x00000000abf00000| Untracked 
| 704|0x00000000ac000000, 0x00000000ac000000, 0x00000000ac100000|  0%| F|  |TAMS 0x00000000ac000000, 0x00000000ac000000| Untracked 
| 705|0x00000000ac100000, 0x00000000ac200000, 0x00000000ac200000|100%| O|  |TAMS 0x00000000ac200000, 0x00000000ac100000| Untracked 
| 706|0x00000000ac200000, 0x00000000ac300000, 0x00000000ac300000|100%| O|  |TAMS 0x00000000ac300000, 0x00000000ac200000| Untracked 
| 707|0x00000000ac300000, 0x00000000ac300000, 0x00000000ac400000|  0%| F|  |TAMS 0x00000000ac300000, 0x00000000ac300000| Untracked 
| 708|0x00000000ac400000, 0x00000000ac400000, 0x00000000ac500000|  0%| F|  |TAMS 0x00000000ac400000, 0x00000000ac400000| Untracked 
| 709|0x00000000ac500000, 0x00000000ac500000, 0x00000000ac600000|  0%| F|  |TAMS 0x00000000ac500000, 0x00000000ac500000| Untracked 
| 710|0x00000000ac600000, 0x00000000ac600000, 0x00000000ac700000|  0%| F|  |TAMS 0x00000000ac600000, 0x00000000ac600000| Untracked 
| 711|0x00000000ac700000, 0x00000000ac800000, 0x00000000ac800000|100%| O|  |TAMS 0x00000000ac800000, 0x00000000ac700000| Untracked 
| 712|0x00000000ac800000, 0x00000000ac900000, 0x00000000ac900000|100%| O|  |TAMS 0x00000000ac900000, 0x00000000ac800000| Untracked 
| 713|0x00000000ac900000, 0x00000000aca00000, 0x00000000aca00000|100%| O|  |TAMS 0x00000000aca00000, 0x00000000ac900000| Untracked 
| 714|0x00000000aca00000, 0x00000000aca00000, 0x00000000acb00000|  0%| F|  |TAMS 0x00000000aca00000, 0x00000000aca00000| Untracked 
| 715|0x00000000acb00000, 0x00000000acb00000, 0x00000000acc00000|  0%| F|  |TAMS 0x00000000acb00000, 0x00000000acb00000| Untracked 
| 716|0x00000000acc00000, 0x00000000acc00000, 0x00000000acd00000|  0%| F|  |TAMS 0x00000000acc00000, 0x00000000acc00000| Untracked 
| 717|0x00000000acd00000, 0x00000000acd00000, 0x00000000ace00000|  0%| F|  |TAMS 0x00000000acd00000, 0x00000000acd00000| Untracked 
| 718|0x00000000ace00000, 0x00000000ace00000, 0x00000000acf00000|  0%| F|  |TAMS 0x00000000ace00000, 0x00000000ace00000| Untracked 
| 719|0x00000000acf00000, 0x00000000acf00000, 0x00000000ad000000|  0%| F|  |TAMS 0x00000000acf00000, 0x00000000acf00000| Untracked 
| 720|0x00000000ad000000, 0x00000000ad000000, 0x00000000ad100000|  0%| F|  |TAMS 0x00000000ad000000, 0x00000000ad000000| Untracked 
| 721|0x00000000ad100000, 0x00000000ad100000, 0x00000000ad200000|  0%| F|  |TAMS 0x00000000ad100000, 0x00000000ad100000| Untracked 
| 722|0x00000000ad200000, 0x00000000ad200000, 0x00000000ad300000|  0%| F|  |TAMS 0x00000000ad200000, 0x00000000ad200000| Untracked 
| 723|0x00000000ad300000, 0x00000000ad300000, 0x00000000ad400000|  0%| F|  |TAMS 0x00000000ad300000, 0x00000000ad300000| Untracked 
| 724|0x00000000ad400000, 0x00000000ad400000, 0x00000000ad500000|  0%| F|  |TAMS 0x00000000ad400000, 0x00000000ad400000| Untracked 
| 725|0x00000000ad500000, 0x00000000ad500000, 0x00000000ad600000|  0%| F|  |TAMS 0x00000000ad500000, 0x00000000ad500000| Untracked 
| 726|0x00000000ad600000, 0x00000000ad700000, 0x00000000ad700000|100%| O|  |TAMS 0x00000000ad700000, 0x00000000ad600000| Untracked 
| 727|0x00000000ad700000, 0x00000000ad800000, 0x00000000ad800000|100%| O|  |TAMS 0x00000000ad800000, 0x00000000ad700000| Untracked 
| 728|0x00000000ad800000, 0x00000000ad900000, 0x00000000ad900000|100%| O|  |TAMS 0x00000000ad900000, 0x00000000ad800000| Untracked 
| 729|0x00000000ad900000, 0x00000000ada00000, 0x00000000ada00000|100%| O|  |TAMS 0x00000000ada00000, 0x00000000ad900000| Untracked 
| 730|0x00000000ada00000, 0x00000000adb00000, 0x00000000adb00000|100%| O|  |TAMS 0x00000000adb00000, 0x00000000ada00000| Untracked 
| 731|0x00000000adb00000, 0x00000000adc00000, 0x00000000adc00000|100%| O|  |TAMS 0x00000000adc00000, 0x00000000adb00000| Untracked 
| 732|0x00000000adc00000, 0x00000000adc00000, 0x00000000add00000|  0%| F|  |TAMS 0x00000000adc00000, 0x00000000adc00000| Untracked 
| 733|0x00000000add00000, 0x00000000add00000, 0x00000000ade00000|  0%| F|  |TAMS 0x00000000add00000, 0x00000000add00000| Untracked 
| 734|0x00000000ade00000, 0x00000000ade00000, 0x00000000adf00000|  0%| F|  |TAMS 0x00000000ade00000, 0x00000000ade00000| Untracked 
| 735|0x00000000adf00000, 0x00000000ae000000, 0x00000000ae000000|100%| O|  |TAMS 0x00000000ae000000, 0x00000000adf00000| Untracked 
| 736|0x00000000ae000000, 0x00000000ae100000, 0x00000000ae100000|100%| O|  |TAMS 0x00000000ae100000, 0x00000000ae000000| Untracked 
| 737|0x00000000ae100000, 0x00000000ae200000, 0x00000000ae200000|100%| O|  |TAMS 0x00000000ae200000, 0x00000000ae100000| Untracked 
| 738|0x00000000ae200000, 0x00000000ae300000, 0x00000000ae300000|100%| O|  |TAMS 0x00000000ae300000, 0x00000000ae200000| Untracked 
| 739|0x00000000ae300000, 0x00000000ae400000, 0x00000000ae400000|100%| O|  |TAMS 0x00000000ae400000, 0x00000000ae300000| Untracked 
| 740|0x00000000ae400000, 0x00000000ae400000, 0x00000000ae500000|  0%| F|  |TAMS 0x00000000ae400000, 0x00000000ae400000| Untracked 
| 741|0x00000000ae500000, 0x00000000ae500000, 0x00000000ae600000|  0%| F|  |TAMS 0x00000000ae500000, 0x00000000ae500000| Untracked 
| 742|0x00000000ae600000, 0x00000000ae600000, 0x00000000ae700000|  0%| F|  |TAMS 0x00000000ae600000, 0x00000000ae600000| Untracked 
| 743|0x00000000ae700000, 0x00000000ae700000, 0x00000000ae800000|  0%| F|  |TAMS 0x00000000ae700000, 0x00000000ae700000| Untracked 
| 744|0x00000000ae800000, 0x00000000ae800000, 0x00000000ae900000|  0%| F|  |TAMS 0x00000000ae800000, 0x00000000ae800000| Untracked 
| 745|0x00000000ae900000, 0x00000000ae900000, 0x00000000aea00000|  0%| F|  |TAMS 0x00000000ae900000, 0x00000000ae900000| Untracked 
| 746|0x00000000aea00000, 0x00000000aea00000, 0x00000000aeb00000|  0%| F|  |TAMS 0x00000000aea00000, 0x00000000aea00000| Untracked 
| 747|0x00000000aeb00000, 0x00000000aec00000, 0x00000000aec00000|100%| O|  |TAMS 0x00000000aec00000, 0x00000000aeb00000| Untracked 
| 748|0x00000000aec00000, 0x00000000aed00000, 0x00000000aed00000|100%| O|  |TAMS 0x00000000aed00000, 0x00000000aec00000| Untracked 
| 749|0x00000000aed00000, 0x00000000aed00000, 0x00000000aee00000|  0%| F|  |TAMS 0x00000000aed00000, 0x00000000aed00000| Untracked 
| 750|0x00000000aee00000, 0x00000000aee00000, 0x00000000aef00000|  0%| F|  |TAMS 0x00000000aee00000, 0x00000000aee00000| Untracked 
| 751|0x00000000aef00000, 0x00000000aef00000, 0x00000000af000000|  0%| F|  |TAMS 0x00000000aef00000, 0x00000000aef00000| Untracked 
| 752|0x00000000af000000, 0x00000000af100000, 0x00000000af100000|100%| O|  |TAMS 0x00000000af100000, 0x00000000af000000| Untracked 
| 753|0x00000000af100000, 0x00000000af200000, 0x00000000af200000|100%| O|  |TAMS 0x00000000af200000, 0x00000000af100000| Untracked 
| 754|0x00000000af200000, 0x00000000af200000, 0x00000000af300000|  0%| F|  |TAMS 0x00000000af200000, 0x00000000af200000| Untracked 
| 755|0x00000000af300000, 0x00000000af400000, 0x00000000af400000|100%| O|  |TAMS 0x00000000af400000, 0x00000000af300000| Untracked 
| 756|0x00000000af400000, 0x00000000af400000, 0x00000000af500000|  0%| F|  |TAMS 0x00000000af400000, 0x00000000af400000| Untracked 
| 757|0x00000000af500000, 0x00000000af600000, 0x00000000af600000|100%| O|  |TAMS 0x00000000af600000, 0x00000000af500000| Untracked 
| 758|0x00000000af600000, 0x00000000af700000, 0x00000000af700000|100%| O|  |TAMS 0x00000000af700000, 0x00000000af600000| Untracked 
| 759|0x00000000af700000, 0x00000000af700000, 0x00000000af800000|  0%| F|  |TAMS 0x00000000af700000, 0x00000000af700000| Untracked 
| 760|0x00000000af800000, 0x00000000af900000, 0x00000000af900000|100%| O|  |TAMS 0x00000000af900000, 0x00000000af800000| Untracked 
| 761|0x00000000af900000, 0x00000000afa00000, 0x00000000afa00000|100%| O|  |TAMS 0x00000000afa00000, 0x00000000af900000| Untracked 
| 762|0x00000000afa00000, 0x00000000afb00000, 0x00000000afb00000|100%| O|  |TAMS 0x00000000afb00000, 0x00000000afa00000| Untracked 
| 763|0x00000000afb00000, 0x00000000afc00000, 0x00000000afc00000|100%| O|  |TAMS 0x00000000afc00000, 0x00000000afb00000| Untracked 
| 764|0x00000000afc00000, 0x00000000afd00000, 0x00000000afd00000|100%| O|  |TAMS 0x00000000afd00000, 0x00000000afc00000| Untracked 
| 765|0x00000000afd00000, 0x00000000afe00000, 0x00000000afe00000|100%| O|  |TAMS 0x00000000afe00000, 0x00000000afd00000| Untracked 
| 766|0x00000000afe00000, 0x00000000aff00000, 0x00000000aff00000|100%| O|  |TAMS 0x00000000aff00000, 0x00000000afe00000| Untracked 
| 767|0x00000000aff00000, 0x00000000b0000000, 0x00000000b0000000|100%| O|  |TAMS 0x00000000b0000000, 0x00000000aff00000| Untracked 
| 768|0x00000000b0000000, 0x00000000b0100000, 0x00000000b0100000|100%| O|  |TAMS 0x00000000b0100000, 0x00000000b0000000| Untracked 
| 769|0x00000000b0100000, 0x00000000b0200000, 0x00000000b0200000|100%| O|  |TAMS 0x00000000b0200000, 0x00000000b0100000| Untracked 
| 770|0x00000000b0200000, 0x00000000b0200000, 0x00000000b0300000|  0%| F|  |TAMS 0x00000000b0200000, 0x00000000b0200000| Untracked 
| 771|0x00000000b0300000, 0x00000000b0400000, 0x00000000b0400000|100%| O|  |TAMS 0x00000000b0400000, 0x00000000b0300000| Untracked 
| 772|0x00000000b0400000, 0x00000000b0400000, 0x00000000b0500000|  0%| F|  |TAMS 0x00000000b0400000, 0x00000000b0400000| Untracked 
| 773|0x00000000b0500000, 0x00000000b0500000, 0x00000000b0600000|  0%| F|  |TAMS 0x00000000b0500000, 0x00000000b0500000| Untracked 
| 774|0x00000000b0600000, 0x00000000b0600000, 0x00000000b0700000|  0%| F|  |TAMS 0x00000000b0600000, 0x00000000b0600000| Untracked 
| 775|0x00000000b0700000, 0x00000000b0800000, 0x00000000b0800000|100%| O|  |TAMS 0x00000000b0800000, 0x00000000b0700000| Untracked 
| 776|0x00000000b0800000, 0x00000000b0800000, 0x00000000b0900000|  0%| F|  |TAMS 0x00000000b0800000, 0x00000000b0800000| Untracked 
| 777|0x00000000b0900000, 0x00000000b0900000, 0x00000000b0a00000|  0%| F|  |TAMS 0x00000000b0900000, 0x00000000b0900000| Untracked 
| 778|0x00000000b0a00000, 0x00000000b0a00000, 0x00000000b0b00000|  0%| F|  |TAMS 0x00000000b0a00000, 0x00000000b0a00000| Untracked 
| 779|0x00000000b0b00000, 0x00000000b0b00000, 0x00000000b0c00000|  0%| F|  |TAMS 0x00000000b0b00000, 0x00000000b0b00000| Untracked 
| 780|0x00000000b0c00000, 0x00000000b0c00000, 0x00000000b0d00000|  0%| F|  |TAMS 0x00000000b0c00000, 0x00000000b0c00000| Untracked 
| 781|0x00000000b0d00000, 0x00000000b0d00000, 0x00000000b0e00000|  0%| F|  |TAMS 0x00000000b0d00000, 0x00000000b0d00000| Untracked 
| 782|0x00000000b0e00000, 0x00000000b0f00000, 0x00000000b0f00000|100%| O|  |TAMS 0x00000000b0f00000, 0x00000000b0e00000| Untracked 
| 783|0x00000000b0f00000, 0x00000000b0f00000, 0x00000000b1000000|  0%| F|  |TAMS 0x00000000b0f00000, 0x00000000b0f00000| Untracked 
| 784|0x00000000b1000000, 0x00000000b1000000, 0x00000000b1100000|  0%| F|  |TAMS 0x00000000b1000000, 0x00000000b1000000| Untracked 
| 785|0x00000000b1100000, 0x00000000b1100000, 0x00000000b1200000|  0%| F|  |TAMS 0x00000000b1100000, 0x00000000b1100000| Untracked 
| 786|0x00000000b1200000, 0x00000000b1200000, 0x00000000b1300000|  0%| F|  |TAMS 0x00000000b1200000, 0x00000000b1200000| Untracked 
| 787|0x00000000b1300000, 0x00000000b1300000, 0x00000000b1400000|  0%| F|  |TAMS 0x00000000b1300000, 0x00000000b1300000| Untracked 
| 788|0x00000000b1400000, 0x00000000b1500000, 0x00000000b1500000|100%| O|  |TAMS 0x00000000b1500000, 0x00000000b1400000| Untracked 
| 789|0x00000000b1500000, 0x00000000b1500000, 0x00000000b1600000|  0%| F|  |TAMS 0x00000000b1500000, 0x00000000b1500000| Untracked 
| 790|0x00000000b1600000, 0x00000000b1600000, 0x00000000b1700000|  0%| F|  |TAMS 0x00000000b1600000, 0x00000000b1600000| Untracked 
| 791|0x00000000b1700000, 0x00000000b1800000, 0x00000000b1800000|100%| O|  |TAMS 0x00000000b1800000, 0x00000000b1700000| Untracked 
| 792|0x00000000b1800000, 0x00000000b1900000, 0x00000000b1900000|100%| O|  |TAMS 0x00000000b1900000, 0x00000000b1800000| Untracked 
| 793|0x00000000b1900000, 0x00000000b1900000, 0x00000000b1a00000|  0%| F|  |TAMS 0x00000000b1900000, 0x00000000b1900000| Untracked 
| 794|0x00000000b1a00000, 0x00000000b1a00000, 0x00000000b1b00000|  0%| F|  |TAMS 0x00000000b1a00000, 0x00000000b1a00000| Untracked 
| 795|0x00000000b1b00000, 0x00000000b1b00000, 0x00000000b1c00000|  0%| F|  |TAMS 0x00000000b1b00000, 0x00000000b1b00000| Untracked 
| 796|0x00000000b1c00000, 0x00000000b1c00000, 0x00000000b1d00000|  0%| F|  |TAMS 0x00000000b1c00000, 0x00000000b1c00000| Untracked 
| 797|0x00000000b1d00000, 0x00000000b1d00000, 0x00000000b1e00000|  0%| F|  |TAMS 0x00000000b1d00000, 0x00000000b1d00000| Untracked 
| 798|0x00000000b1e00000, 0x00000000b1e00000, 0x00000000b1f00000|  0%| F|  |TAMS 0x00000000b1e00000, 0x00000000b1e00000| Untracked 
| 799|0x00000000b1f00000, 0x00000000b1f00000, 0x00000000b2000000|  0%| F|  |TAMS 0x00000000b1f00000, 0x00000000b1f00000| Untracked 
| 800|0x00000000b2000000, 0x00000000b2000000, 0x00000000b2100000|  0%| F|  |TAMS 0x00000000b2000000, 0x00000000b2000000| Untracked 
| 801|0x00000000b2100000, 0x00000000b2100000, 0x00000000b2200000|  0%| F|  |TAMS 0x00000000b2100000, 0x00000000b2100000| Untracked 
| 802|0x00000000b2200000, 0x00000000b2200000, 0x00000000b2300000|  0%| F|  |TAMS 0x00000000b2200000, 0x00000000b2200000| Untracked 
| 803|0x00000000b2300000, 0x00000000b2300000, 0x00000000b2400000|  0%| F|  |TAMS 0x00000000b2300000, 0x00000000b2300000| Untracked 
| 804|0x00000000b2400000, 0x00000000b2400000, 0x00000000b2500000|  0%| F|  |TAMS 0x00000000b2400000, 0x00000000b2400000| Untracked 
| 805|0x00000000b2500000, 0x00000000b2500000, 0x00000000b2600000|  0%| F|  |TAMS 0x00000000b2500000, 0x00000000b2500000| Untracked 
| 806|0x00000000b2600000, 0x00000000b2600000, 0x00000000b2700000|  0%| F|  |TAMS 0x00000000b2600000, 0x00000000b2600000| Untracked 
| 807|0x00000000b2700000, 0x00000000b2700000, 0x00000000b2800000|  0%| F|  |TAMS 0x00000000b2700000, 0x00000000b2700000| Untracked 
| 808|0x00000000b2800000, 0x00000000b2800000, 0x00000000b2900000|  0%| F|  |TAMS 0x00000000b2800000, 0x00000000b2800000| Untracked 
| 809|0x00000000b2900000, 0x00000000b2900000, 0x00000000b2a00000|  0%| F|  |TAMS 0x00000000b2900000, 0x00000000b2900000| Untracked 
| 810|0x00000000b2a00000, 0x00000000b2a00000, 0x00000000b2b00000|  0%| F|  |TAMS 0x00000000b2a00000, 0x00000000b2a00000| Untracked 
| 811|0x00000000b2b00000, 0x00000000b2b00000, 0x00000000b2c00000|  0%| F|  |TAMS 0x00000000b2b00000, 0x00000000b2b00000| Untracked 
| 812|0x00000000b2c00000, 0x00000000b2c00000, 0x00000000b2d00000|  0%| F|  |TAMS 0x00000000b2c00000, 0x00000000b2c00000| Untracked 
| 813|0x00000000b2d00000, 0x00000000b2d00000, 0x00000000b2e00000|  0%| F|  |TAMS 0x00000000b2d00000, 0x00000000b2d00000| Untracked 
| 814|0x00000000b2e00000, 0x00000000b2e00000, 0x00000000b2f00000|  0%| F|  |TAMS 0x00000000b2e00000, 0x00000000b2e00000| Untracked 
| 815|0x00000000b2f00000, 0x00000000b3000000, 0x00000000b3000000|100%| O|  |TAMS 0x00000000b3000000, 0x00000000b2f00000| Untracked 
| 816|0x00000000b3000000, 0x00000000b3000000, 0x00000000b3100000|  0%| F|  |TAMS 0x00000000b3000000, 0x00000000b3000000| Untracked 
| 817|0x00000000b3100000, 0x00000000b3100000, 0x00000000b3200000|  0%| F|  |TAMS 0x00000000b3100000, 0x00000000b3100000| Untracked 
| 818|0x00000000b3200000, 0x00000000b3300000, 0x00000000b3300000|100%| O|  |TAMS 0x00000000b3300000, 0x00000000b3200000| Untracked 
| 819|0x00000000b3300000, 0x00000000b3300000, 0x00000000b3400000|  0%| F|  |TAMS 0x00000000b3300000, 0x00000000b3300000| Untracked 
| 820|0x00000000b3400000, 0x00000000b3400000, 0x00000000b3500000|  0%| F|  |TAMS 0x00000000b3400000, 0x00000000b3400000| Untracked 
| 821|0x00000000b3500000, 0x00000000b3500000, 0x00000000b3600000|  0%| F|  |TAMS 0x00000000b3500000, 0x00000000b3500000| Untracked 
| 822|0x00000000b3600000, 0x00000000b3600000, 0x00000000b3700000|  0%| F|  |TAMS 0x00000000b3600000, 0x00000000b3600000| Untracked 
| 823|0x00000000b3700000, 0x00000000b3700000, 0x00000000b3800000|  0%| F|  |TAMS 0x00000000b3700000, 0x00000000b3700000| Untracked 
| 824|0x00000000b3800000, 0x00000000b3800000, 0x00000000b3900000|  0%| F|  |TAMS 0x00000000b3800000, 0x00000000b3800000| Untracked 
| 825|0x00000000b3900000, 0x00000000b3a00000, 0x00000000b3a00000|100%| O|  |TAMS 0x00000000b3a00000, 0x00000000b3900000| Untracked 
| 826|0x00000000b3a00000, 0x00000000b3b00000, 0x00000000b3b00000|100%| O|  |TAMS 0x00000000b3b00000, 0x00000000b3a00000| Untracked 
| 827|0x00000000b3b00000, 0x00000000b3c00000, 0x00000000b3c00000|100%| O|  |TAMS 0x00000000b3c00000, 0x00000000b3b00000| Untracked 
| 828|0x00000000b3c00000, 0x00000000b3c00000, 0x00000000b3d00000|  0%| F|  |TAMS 0x00000000b3c00000, 0x00000000b3c00000| Untracked 
| 829|0x00000000b3d00000, 0x00000000b3d00000, 0x00000000b3e00000|  0%| F|  |TAMS 0x00000000b3d00000, 0x00000000b3d00000| Untracked 
| 830|0x00000000b3e00000, 0x00000000b3e00000, 0x00000000b3f00000|  0%| F|  |TAMS 0x00000000b3e00000, 0x00000000b3e00000| Untracked 
| 831|0x00000000b3f00000, 0x00000000b3f00000, 0x00000000b4000000|  0%| F|  |TAMS 0x00000000b3f00000, 0x00000000b3f00000| Untracked 
| 832|0x00000000b4000000, 0x00000000b4000000, 0x00000000b4100000|  0%| F|  |TAMS 0x00000000b4000000, 0x00000000b4000000| Untracked 
| 833|0x00000000b4100000, 0x00000000b4200000, 0x00000000b4200000|100%| O|  |TAMS 0x00000000b4200000, 0x00000000b4100000| Untracked 
| 834|0x00000000b4200000, 0x00000000b4300000, 0x00000000b4300000|100%| O|  |TAMS 0x00000000b4300000, 0x00000000b4200000| Untracked 
| 835|0x00000000b4300000, 0x00000000b4300000, 0x00000000b4400000|  0%| F|  |TAMS 0x00000000b4300000, 0x00000000b4300000| Untracked 
| 836|0x00000000b4400000, 0x00000000b4500000, 0x00000000b4500000|100%| O|  |TAMS 0x00000000b4500000, 0x00000000b4400000| Untracked 
| 837|0x00000000b4500000, 0x00000000b4600000, 0x00000000b4600000|100%| O|  |TAMS 0x00000000b4600000, 0x00000000b4500000| Untracked 
| 838|0x00000000b4600000, 0x00000000b4700000, 0x00000000b4700000|100%| O|  |TAMS 0x00000000b4700000, 0x00000000b4600000| Untracked 
| 839|0x00000000b4700000, 0x00000000b4800000, 0x00000000b4800000|100%| O|  |TAMS 0x00000000b4800000, 0x00000000b4700000| Untracked 
| 840|0x00000000b4800000, 0x00000000b4900000, 0x00000000b4900000|100%| O|  |TAMS 0x00000000b4900000, 0x00000000b4800000| Untracked 
| 841|0x00000000b4900000, 0x00000000b4a00000, 0x00000000b4a00000|100%| O|  |TAMS 0x00000000b4a00000, 0x00000000b4900000| Untracked 
| 842|0x00000000b4a00000, 0x00000000b4b00000, 0x00000000b4b00000|100%| O|  |TAMS 0x00000000b4b00000, 0x00000000b4a00000| Untracked 
| 843|0x00000000b4b00000, 0x00000000b4c00000, 0x00000000b4c00000|100%| O|  |TAMS 0x00000000b4c00000, 0x00000000b4b00000| Untracked 
| 844|0x00000000b4c00000, 0x00000000b4d00000, 0x00000000b4d00000|100%| O|  |TAMS 0x00000000b4d00000, 0x00000000b4c00000| Untracked 
| 845|0x00000000b4d00000, 0x00000000b4e00000, 0x00000000b4e00000|100%| O|  |TAMS 0x00000000b4e00000, 0x00000000b4d00000| Untracked 
| 846|0x00000000b4e00000, 0x00000000b4f00000, 0x00000000b4f00000|100%| O|  |TAMS 0x00000000b4f00000, 0x00000000b4e00000| Untracked 
| 847|0x00000000b4f00000, 0x00000000b5000000, 0x00000000b5000000|100%| O|  |TAMS 0x00000000b5000000, 0x00000000b4f00000| Untracked 
| 848|0x00000000b5000000, 0x00000000b5100000, 0x00000000b5100000|100%| O|  |TAMS 0x00000000b5100000, 0x00000000b5000000| Untracked 
| 849|0x00000000b5100000, 0x00000000b5200000, 0x00000000b5200000|100%| O|  |TAMS 0x00000000b5200000, 0x00000000b5100000| Untracked 
| 850|0x00000000b5200000, 0x00000000b5300000, 0x00000000b5300000|100%| O|  |TAMS 0x00000000b5300000, 0x00000000b5200000| Untracked 
| 851|0x00000000b5300000, 0x00000000b5400000, 0x00000000b5400000|100%| O|  |TAMS 0x00000000b5400000, 0x00000000b5300000| Untracked 
| 852|0x00000000b5400000, 0x00000000b5400000, 0x00000000b5500000|  0%| F|  |TAMS 0x00000000b5400000, 0x00000000b5400000| Untracked 
| 853|0x00000000b5500000, 0x00000000b5500000, 0x00000000b5600000|  0%| F|  |TAMS 0x00000000b5500000, 0x00000000b5500000| Untracked 
| 854|0x00000000b5600000, 0x00000000b5700000, 0x00000000b5700000|100%| O|  |TAMS 0x00000000b5700000, 0x00000000b5600000| Untracked 
| 855|0x00000000b5700000, 0x00000000b5700000, 0x00000000b5800000|  0%| F|  |TAMS 0x00000000b5700000, 0x00000000b5700000| Untracked 
| 856|0x00000000b5800000, 0x00000000b5900000, 0x00000000b5900000|100%| O|  |TAMS 0x00000000b5900000, 0x00000000b5800000| Untracked 
| 857|0x00000000b5900000, 0x00000000b5a00000, 0x00000000b5a00000|100%| O|  |TAMS 0x00000000b5a00000, 0x00000000b5900000| Untracked 
| 858|0x00000000b5a00000, 0x00000000b5b00000, 0x00000000b5b00000|100%| O|  |TAMS 0x00000000b5b00000, 0x00000000b5a00000| Untracked 
| 859|0x00000000b5b00000, 0x00000000b5c00000, 0x00000000b5c00000|100%| O|  |TAMS 0x00000000b5c00000, 0x00000000b5b00000| Untracked 
| 860|0x00000000b5c00000, 0x00000000b5d00000, 0x00000000b5d00000|100%| O|  |TAMS 0x00000000b5d00000, 0x00000000b5c00000| Untracked 
| 861|0x00000000b5d00000, 0x00000000b5e00000, 0x00000000b5e00000|100%| O|  |TAMS 0x00000000b5e00000, 0x00000000b5d00000| Untracked 
| 862|0x00000000b5e00000, 0x00000000b5f00000, 0x00000000b5f00000|100%| O|  |TAMS 0x00000000b5f00000, 0x00000000b5e00000| Untracked 
| 863|0x00000000b5f00000, 0x00000000b6000000, 0x00000000b6000000|100%| O|  |TAMS 0x00000000b6000000, 0x00000000b5f00000| Untracked 
| 864|0x00000000b6000000, 0x00000000b6000000, 0x00000000b6100000|  0%| F|  |TAMS 0x00000000b6000000, 0x00000000b6000000| Untracked 
| 865|0x00000000b6100000, 0x00000000b6200000, 0x00000000b6200000|100%| O|  |TAMS 0x00000000b6200000, 0x00000000b6100000| Untracked 
| 866|0x00000000b6200000, 0x00000000b6300000, 0x00000000b6300000|100%| O|  |TAMS 0x00000000b6300000, 0x00000000b6200000| Complete 
| 867|0x00000000b6300000, 0x00000000b6400000, 0x00000000b6400000|100%| O|  |TAMS 0x00000000b6400000, 0x00000000b6300000| Untracked 
| 868|0x00000000b6400000, 0x00000000b6500000, 0x00000000b6500000|100%| O|  |TAMS 0x00000000b6500000, 0x00000000b6400000| Untracked 
| 869|0x00000000b6500000, 0x00000000b6500000, 0x00000000b6600000|  0%| F|  |TAMS 0x00000000b6500000, 0x00000000b6500000| Untracked 
| 870|0x00000000b6600000, 0x00000000b6700000, 0x00000000b6700000|100%| O|  |TAMS 0x00000000b6700000, 0x00000000b6600000| Untracked 
| 871|0x00000000b6700000, 0x00000000b6800000, 0x00000000b6800000|100%| O|  |TAMS 0x00000000b6800000, 0x00000000b6700000| Untracked 
| 872|0x00000000b6800000, 0x00000000b6900000, 0x00000000b6900000|100%| O|  |TAMS 0x00000000b6900000, 0x00000000b6800000| Untracked 
| 873|0x00000000b6900000, 0x00000000b6a00000, 0x00000000b6a00000|100%| O|  |TAMS 0x00000000b6a00000, 0x00000000b6900000| Untracked 
| 874|0x00000000b6a00000, 0x00000000b6b00000, 0x00000000b6b00000|100%| O|  |TAMS 0x00000000b6b00000, 0x00000000b6a00000| Untracked 
| 875|0x00000000b6b00000, 0x00000000b6c00000, 0x00000000b6c00000|100%| O|  |TAMS 0x00000000b6c00000, 0x00000000b6b00000| Untracked 
| 876|0x00000000b6c00000, 0x00000000b6c00000, 0x00000000b6d00000|  0%| F|  |TAMS 0x00000000b6c00000, 0x00000000b6c00000| Untracked 
| 877|0x00000000b6d00000, 0x00000000b6e00000, 0x00000000b6e00000|100%| O|  |TAMS 0x00000000b6e00000, 0x00000000b6d00000| Untracked 
| 878|0x00000000b6e00000, 0x00000000b6f00000, 0x00000000b6f00000|100%| O|  |TAMS 0x00000000b6f00000, 0x00000000b6e00000| Untracked 
| 879|0x00000000b6f00000, 0x00000000b7000000, 0x00000000b7000000|100%| O|  |TAMS 0x00000000b7000000, 0x00000000b6f00000| Untracked 
| 880|0x00000000b7000000, 0x00000000b7100000, 0x00000000b7100000|100%| O|  |TAMS 0x00000000b7100000, 0x00000000b7000000| Untracked 
| 881|0x00000000b7100000, 0x00000000b7200000, 0x00000000b7200000|100%| O|  |TAMS 0x00000000b7200000, 0x00000000b7100000| Untracked 
| 882|0x00000000b7200000, 0x00000000b7300000, 0x00000000b7300000|100%| O|  |TAMS 0x00000000b7300000, 0x00000000b7200000| Untracked 
| 883|0x00000000b7300000, 0x00000000b7300000, 0x00000000b7400000|  0%| F|  |TAMS 0x00000000b7300000, 0x00000000b7300000| Untracked 
| 884|0x00000000b7400000, 0x00000000b7500000, 0x00000000b7500000|100%| O|  |TAMS 0x00000000b7500000, 0x00000000b7400000| Untracked 
| 885|0x00000000b7500000, 0x00000000b7500000, 0x00000000b7600000|  0%| F|  |TAMS 0x00000000b7500000, 0x00000000b7500000| Untracked 
| 886|0x00000000b7600000, 0x00000000b7700000, 0x00000000b7700000|100%| O|  |TAMS 0x00000000b7700000, 0x00000000b7600000| Untracked 
| 887|0x00000000b7700000, 0x00000000b7800000, 0x00000000b7800000|100%| O|  |TAMS 0x00000000b7800000, 0x00000000b7700000| Untracked 
| 888|0x00000000b7800000, 0x00000000b7900000, 0x00000000b7900000|100%| O|  |TAMS 0x00000000b7900000, 0x00000000b7800000| Untracked 
| 889|0x00000000b7900000, 0x00000000b7a00000, 0x00000000b7a00000|100%| O|  |TAMS 0x00000000b7a00000, 0x00000000b7900000| Untracked 
| 890|0x00000000b7a00000, 0x00000000b7b00000, 0x00000000b7b00000|100%| O|  |TAMS 0x00000000b7b00000, 0x00000000b7a00000| Untracked 
| 891|0x00000000b7b00000, 0x00000000b7c00000, 0x00000000b7c00000|100%| O|  |TAMS 0x00000000b7c00000, 0x00000000b7b00000| Untracked 
| 892|0x00000000b7c00000, 0x00000000b7d00000, 0x00000000b7d00000|100%| O|  |TAMS 0x00000000b7d00000, 0x00000000b7c00000| Untracked 
| 893|0x00000000b7d00000, 0x00000000b7e00000, 0x00000000b7e00000|100%| O|  |TAMS 0x00000000b7e00000, 0x00000000b7d00000| Untracked 
| 894|0x00000000b7e00000, 0x00000000b7f00000, 0x00000000b7f00000|100%| O|  |TAMS 0x00000000b7f00000, 0x00000000b7e00000| Untracked 
| 895|0x00000000b7f00000, 0x00000000b8000000, 0x00000000b8000000|100%| O|  |TAMS 0x00000000b8000000, 0x00000000b7f00000| Untracked 
| 896|0x00000000b8000000, 0x00000000b8000000, 0x00000000b8100000|  0%| F|  |TAMS 0x00000000b8000000, 0x00000000b8000000| Untracked 
| 897|0x00000000b8100000, 0x00000000b8200000, 0x00000000b8200000|100%| O|  |TAMS 0x00000000b8200000, 0x00000000b8100000| Untracked 
| 898|0x00000000b8200000, 0x00000000b8200000, 0x00000000b8300000|  0%| F|  |TAMS 0x00000000b8200000, 0x00000000b8200000| Untracked 
| 899|0x00000000b8300000, 0x00000000b8400000, 0x00000000b8400000|100%| O|  |TAMS 0x00000000b8400000, 0x00000000b8300000| Untracked 
| 900|0x00000000b8400000, 0x00000000b8400000, 0x00000000b8500000|  0%| F|  |TAMS 0x00000000b8400000, 0x00000000b8400000| Untracked 
| 901|0x00000000b8500000, 0x00000000b8500000, 0x00000000b8600000|  0%| F|  |TAMS 0x00000000b8500000, 0x00000000b8500000| Untracked 
| 902|0x00000000b8600000, 0x00000000b8600000, 0x00000000b8700000|  0%| F|  |TAMS 0x00000000b8600000, 0x00000000b8600000| Untracked 
| 903|0x00000000b8700000, 0x00000000b8700000, 0x00000000b8800000|  0%| F|  |TAMS 0x00000000b8700000, 0x00000000b8700000| Untracked 
| 904|0x00000000b8800000, 0x00000000b8800000, 0x00000000b8900000|  0%| F|  |TAMS 0x00000000b8800000, 0x00000000b8800000| Untracked 
| 905|0x00000000b8900000, 0x00000000b8900000, 0x00000000b8a00000|  0%| F|  |TAMS 0x00000000b8900000, 0x00000000b8900000| Untracked 
| 906|0x00000000b8a00000, 0x00000000b8b00000, 0x00000000b8b00000|100%| O|  |TAMS 0x00000000b8b00000, 0x00000000b8a00000| Untracked 
| 907|0x00000000b8b00000, 0x00000000b8c00000, 0x00000000b8c00000|100%| O|  |TAMS 0x00000000b8c00000, 0x00000000b8b00000| Untracked 
| 908|0x00000000b8c00000, 0x00000000b8c00000, 0x00000000b8d00000|  0%| F|  |TAMS 0x00000000b8c00000, 0x00000000b8c00000| Untracked 
| 909|0x00000000b8d00000, 0x00000000b8d00000, 0x00000000b8e00000|  0%| F|  |TAMS 0x00000000b8d00000, 0x00000000b8d00000| Untracked 
| 910|0x00000000b8e00000, 0x00000000b8f00000, 0x00000000b8f00000|100%| O|  |TAMS 0x00000000b8f00000, 0x00000000b8e00000| Untracked 
| 911|0x00000000b8f00000, 0x00000000b8f00000, 0x00000000b9000000|  0%| F|  |TAMS 0x00000000b8f00000, 0x00000000b8f00000| Untracked 
| 912|0x00000000b9000000, 0x00000000b9000000, 0x00000000b9100000|  0%| F|  |TAMS 0x00000000b9000000, 0x00000000b9000000| Untracked 
| 913|0x00000000b9100000, 0x00000000b9100000, 0x00000000b9200000|  0%| F|  |TAMS 0x00000000b9100000, 0x00000000b9100000| Untracked 
| 914|0x00000000b9200000, 0x00000000b9200000, 0x00000000b9300000|  0%| F|  |TAMS 0x00000000b9200000, 0x00000000b9200000| Untracked 
| 915|0x00000000b9300000, 0x00000000b9300000, 0x00000000b9400000|  0%| F|  |TAMS 0x00000000b9300000, 0x00000000b9300000| Untracked 
| 916|0x00000000b9400000, 0x00000000b9400000, 0x00000000b9500000|  0%| F|  |TAMS 0x00000000b9400000, 0x00000000b9400000| Untracked 
| 917|0x00000000b9500000, 0x00000000b9500000, 0x00000000b9600000|  0%| F|  |TAMS 0x00000000b9500000, 0x00000000b9500000| Untracked 
| 918|0x00000000b9600000, 0x00000000b9600000, 0x00000000b9700000|  0%| F|  |TAMS 0x00000000b9600000, 0x00000000b9600000| Untracked 
| 919|0x00000000b9700000, 0x00000000b9700000, 0x00000000b9800000|  0%| F|  |TAMS 0x00000000b9700000, 0x00000000b9700000| Untracked 
| 920|0x00000000b9800000, 0x00000000b9800000, 0x00000000b9900000|  0%| F|  |TAMS 0x00000000b9800000, 0x00000000b9800000| Untracked 
| 921|0x00000000b9900000, 0x00000000b9900000, 0x00000000b9a00000|  0%| F|  |TAMS 0x00000000b9900000, 0x00000000b9900000| Untracked 
| 922|0x00000000b9a00000, 0x00000000b9a00000, 0x00000000b9b00000|  0%| F|  |TAMS 0x00000000b9a00000, 0x00000000b9a00000| Untracked 
| 923|0x00000000b9b00000, 0x00000000b9b00000, 0x00000000b9c00000|  0%| F|  |TAMS 0x00000000b9b00000, 0x00000000b9b00000| Untracked 
| 924|0x00000000b9c00000, 0x00000000b9c00000, 0x00000000b9d00000|  0%| F|  |TAMS 0x00000000b9c00000, 0x00000000b9c00000| Untracked 
| 925|0x00000000b9d00000, 0x00000000b9d00000, 0x00000000b9e00000|  0%| F|  |TAMS 0x00000000b9d00000, 0x00000000b9d00000| Untracked 
| 926|0x00000000b9e00000, 0x00000000b9e00000, 0x00000000b9f00000|  0%| F|  |TAMS 0x00000000b9e00000, 0x00000000b9e00000| Untracked 
| 927|0x00000000b9f00000, 0x00000000b9f00000, 0x00000000ba000000|  0%| F|  |TAMS 0x00000000b9f00000, 0x00000000b9f00000| Untracked 
| 928|0x00000000ba000000, 0x00000000ba000000, 0x00000000ba100000|  0%| F|  |TAMS 0x00000000ba000000, 0x00000000ba000000| Untracked 
| 929|0x00000000ba100000, 0x00000000ba100000, 0x00000000ba200000|  0%| F|  |TAMS 0x00000000ba100000, 0x00000000ba100000| Untracked 
| 930|0x00000000ba200000, 0x00000000ba200000, 0x00000000ba300000|  0%| F|  |TAMS 0x00000000ba200000, 0x00000000ba200000| Untracked 
| 931|0x00000000ba300000, 0x00000000ba300000, 0x00000000ba400000|  0%| F|  |TAMS 0x00000000ba300000, 0x00000000ba300000| Untracked 
| 932|0x00000000ba400000, 0x00000000ba400000, 0x00000000ba500000|  0%| F|  |TAMS 0x00000000ba400000, 0x00000000ba400000| Untracked 
| 933|0x00000000ba500000, 0x00000000ba500000, 0x00000000ba600000|  0%| F|  |TAMS 0x00000000ba500000, 0x00000000ba500000| Untracked 
| 934|0x00000000ba600000, 0x00000000ba600000, 0x00000000ba700000|  0%| F|  |TAMS 0x00000000ba600000, 0x00000000ba600000| Untracked 
| 935|0x00000000ba700000, 0x00000000ba700000, 0x00000000ba800000|  0%| F|  |TAMS 0x00000000ba700000, 0x00000000ba700000| Untracked 
| 936|0x00000000ba800000, 0x00000000ba800000, 0x00000000ba900000|  0%| F|  |TAMS 0x00000000ba800000, 0x00000000ba800000| Untracked 
| 937|0x00000000ba900000, 0x00000000ba900000, 0x00000000baa00000|  0%| F|  |TAMS 0x00000000ba900000, 0x00000000ba900000| Untracked 
| 938|0x00000000baa00000, 0x00000000baa00000, 0x00000000bab00000|  0%| F|  |TAMS 0x00000000baa00000, 0x00000000baa00000| Untracked 
| 939|0x00000000bab00000, 0x00000000bab00000, 0x00000000bac00000|  0%| F|  |TAMS 0x00000000bab00000, 0x00000000bab00000| Untracked 
| 940|0x00000000bac00000, 0x00000000bac00000, 0x00000000bad00000|  0%| F|  |TAMS 0x00000000bac00000, 0x00000000bac00000| Untracked 
| 941|0x00000000bad00000, 0x00000000bad00000, 0x00000000bae00000|  0%| F|  |TAMS 0x00000000bad00000, 0x00000000bad00000| Untracked 
| 942|0x00000000bae00000, 0x00000000bae00000, 0x00000000baf00000|  0%| F|  |TAMS 0x00000000bae00000, 0x00000000bae00000| Untracked 
| 943|0x00000000baf00000, 0x00000000baf00000, 0x00000000bb000000|  0%| F|  |TAMS 0x00000000baf00000, 0x00000000baf00000| Untracked 
| 944|0x00000000bb000000, 0x00000000bb000000, 0x00000000bb100000|  0%| F|  |TAMS 0x00000000bb000000, 0x00000000bb000000| Untracked 
| 945|0x00000000bb100000, 0x00000000bb100000, 0x00000000bb200000|  0%| F|  |TAMS 0x00000000bb100000, 0x00000000bb100000| Untracked 
| 946|0x00000000bb200000, 0x00000000bb200000, 0x00000000bb300000|  0%| F|  |TAMS 0x00000000bb200000, 0x00000000bb200000| Untracked 
| 947|0x00000000bb300000, 0x00000000bb300000, 0x00000000bb400000|  0%| F|  |TAMS 0x00000000bb300000, 0x00000000bb300000| Untracked 
| 948|0x00000000bb400000, 0x00000000bb400000, 0x00000000bb500000|  0%| F|  |TAMS 0x00000000bb400000, 0x00000000bb400000| Untracked 
| 949|0x00000000bb500000, 0x00000000bb500000, 0x00000000bb600000|  0%| F|  |TAMS 0x00000000bb500000, 0x00000000bb500000| Untracked 
| 950|0x00000000bb600000, 0x00000000bb600000, 0x00000000bb700000|  0%| F|  |TAMS 0x00000000bb600000, 0x00000000bb600000| Untracked 
| 951|0x00000000bb700000, 0x00000000bb700000, 0x00000000bb800000|  0%| F|  |TAMS 0x00000000bb700000, 0x00000000bb700000| Untracked 
| 952|0x00000000bb800000, 0x00000000bb800000, 0x00000000bb900000|  0%| F|  |TAMS 0x00000000bb800000, 0x00000000bb800000| Untracked 
| 953|0x00000000bb900000, 0x00000000bb900000, 0x00000000bba00000|  0%| F|  |TAMS 0x00000000bb900000, 0x00000000bb900000| Untracked 
| 954|0x00000000bba00000, 0x00000000bba00000, 0x00000000bbb00000|  0%| F|  |TAMS 0x00000000bba00000, 0x00000000bba00000| Untracked 
| 955|0x00000000bbb00000, 0x00000000bbb00000, 0x00000000bbc00000|  0%| F|  |TAMS 0x00000000bbb00000, 0x00000000bbb00000| Untracked 
| 956|0x00000000bbc00000, 0x00000000bbc00000, 0x00000000bbd00000|  0%| F|  |TAMS 0x00000000bbc00000, 0x00000000bbc00000| Untracked 
| 957|0x00000000bbd00000, 0x00000000bbd00000, 0x00000000bbe00000|  0%| F|  |TAMS 0x00000000bbd00000, 0x00000000bbd00000| Untracked 
| 958|0x00000000bbe00000, 0x00000000bbe00000, 0x00000000bbf00000|  0%| F|  |TAMS 0x00000000bbe00000, 0x00000000bbe00000| Untracked 
| 959|0x00000000bbf00000, 0x00000000bbf00000, 0x00000000bc000000|  0%| F|  |TAMS 0x00000000bbf00000, 0x00000000bbf00000| Untracked 
| 960|0x00000000bc000000, 0x00000000bc000000, 0x00000000bc100000|  0%| F|  |TAMS 0x00000000bc000000, 0x00000000bc000000| Untracked 
| 961|0x00000000bc100000, 0x00000000bc100000, 0x00000000bc200000|  0%| F|  |TAMS 0x00000000bc100000, 0x00000000bc100000| Untracked 
| 962|0x00000000bc200000, 0x00000000bc200000, 0x00000000bc300000|  0%| F|  |TAMS 0x00000000bc200000, 0x00000000bc200000| Untracked 
| 963|0x00000000bc300000, 0x00000000bc300000, 0x00000000bc400000|  0%| F|  |TAMS 0x00000000bc300000, 0x00000000bc300000| Untracked 
| 964|0x00000000bc400000, 0x00000000bc400000, 0x00000000bc500000|  0%| F|  |TAMS 0x00000000bc400000, 0x00000000bc400000| Untracked 
| 965|0x00000000bc500000, 0x00000000bc500000, 0x00000000bc600000|  0%| F|  |TAMS 0x00000000bc500000, 0x00000000bc500000| Untracked 
| 966|0x00000000bc600000, 0x00000000bc600000, 0x00000000bc700000|  0%| F|  |TAMS 0x00000000bc600000, 0x00000000bc600000| Untracked 
| 967|0x00000000bc700000, 0x00000000bc700000, 0x00000000bc800000|  0%| F|  |TAMS 0x00000000bc700000, 0x00000000bc700000| Untracked 
| 968|0x00000000bc800000, 0x00000000bc800000, 0x00000000bc900000|  0%| F|  |TAMS 0x00000000bc800000, 0x00000000bc800000| Untracked 
| 969|0x00000000bc900000, 0x00000000bc900000, 0x00000000bca00000|  0%| F|  |TAMS 0x00000000bc900000, 0x00000000bc900000| Untracked 
| 970|0x00000000bca00000, 0x00000000bca00000, 0x00000000bcb00000|  0%| F|  |TAMS 0x00000000bca00000, 0x00000000bca00000| Untracked 
| 971|0x00000000bcb00000, 0x00000000bcb00000, 0x00000000bcc00000|  0%| F|  |TAMS 0x00000000bcb00000, 0x00000000bcb00000| Untracked 
| 972|0x00000000bcc00000, 0x00000000bcc00000, 0x00000000bcd00000|  0%| F|  |TAMS 0x00000000bcc00000, 0x00000000bcc00000| Untracked 
| 973|0x00000000bcd00000, 0x00000000bcd00000, 0x00000000bce00000|  0%| F|  |TAMS 0x00000000bcd00000, 0x00000000bcd00000| Untracked 
| 974|0x00000000bce00000, 0x00000000bce00000, 0x00000000bcf00000|  0%| F|  |TAMS 0x00000000bce00000, 0x00000000bce00000| Untracked 
| 975|0x00000000bcf00000, 0x00000000bcf00000, 0x00000000bd000000|  0%| F|  |TAMS 0x00000000bcf00000, 0x00000000bcf00000| Untracked 
| 976|0x00000000bd000000, 0x00000000bd000000, 0x00000000bd100000|  0%| F|  |TAMS 0x00000000bd000000, 0x00000000bd000000| Untracked 
| 977|0x00000000bd100000, 0x00000000bd100000, 0x00000000bd200000|  0%| F|  |TAMS 0x00000000bd100000, 0x00000000bd100000| Untracked 
| 978|0x00000000bd200000, 0x00000000bd200000, 0x00000000bd300000|  0%| F|  |TAMS 0x00000000bd200000, 0x00000000bd200000| Untracked 
| 979|0x00000000bd300000, 0x00000000bd300000, 0x00000000bd400000|  0%| F|  |TAMS 0x00000000bd300000, 0x00000000bd300000| Untracked 
| 980|0x00000000bd400000, 0x00000000bd400000, 0x00000000bd500000|  0%| F|  |TAMS 0x00000000bd400000, 0x00000000bd400000| Untracked 
| 981|0x00000000bd500000, 0x00000000bd500000, 0x00000000bd600000|  0%| F|  |TAMS 0x00000000bd500000, 0x00000000bd500000| Untracked 
| 982|0x00000000bd600000, 0x00000000bd600000, 0x00000000bd700000|  0%| F|  |TAMS 0x00000000bd600000, 0x00000000bd600000| Untracked 
| 983|0x00000000bd700000, 0x00000000bd700000, 0x00000000bd800000|  0%| F|  |TAMS 0x00000000bd700000, 0x00000000bd700000| Untracked 
| 984|0x00000000bd800000, 0x00000000bd800000, 0x00000000bd900000|  0%| F|  |TAMS 0x00000000bd800000, 0x00000000bd800000| Untracked 
| 985|0x00000000bd900000, 0x00000000bd900000, 0x00000000bda00000|  0%| F|  |TAMS 0x00000000bd900000, 0x00000000bd900000| Untracked 
| 986|0x00000000bda00000, 0x00000000bda00000, 0x00000000bdb00000|  0%| F|  |TAMS 0x00000000bda00000, 0x00000000bda00000| Untracked 
| 987|0x00000000bdb00000, 0x00000000bdb00000, 0x00000000bdc00000|  0%| F|  |TAMS 0x00000000bdb00000, 0x00000000bdb00000| Untracked 
| 988|0x00000000bdc00000, 0x00000000bdc00000, 0x00000000bdd00000|  0%| F|  |TAMS 0x00000000bdc00000, 0x00000000bdc00000| Untracked 
| 989|0x00000000bdd00000, 0x00000000bdd00000, 0x00000000bde00000|  0%| F|  |TAMS 0x00000000bdd00000, 0x00000000bdd00000| Untracked 
| 990|0x00000000bde00000, 0x00000000bde00000, 0x00000000bdf00000|  0%| F|  |TAMS 0x00000000bde00000, 0x00000000bde00000| Untracked 
| 991|0x00000000bdf00000, 0x00000000bdf00000, 0x00000000be000000|  0%| F|  |TAMS 0x00000000bdf00000, 0x00000000bdf00000| Untracked 
| 992|0x00000000be000000, 0x00000000be000000, 0x00000000be100000|  0%| F|  |TAMS 0x00000000be000000, 0x00000000be000000| Untracked 
| 993|0x00000000be100000, 0x00000000be100000, 0x00000000be200000|  0%| F|  |TAMS 0x00000000be100000, 0x00000000be100000| Untracked 
| 994|0x00000000be200000, 0x00000000be200000, 0x00000000be300000|  0%| F|  |TAMS 0x00000000be200000, 0x00000000be200000| Untracked 
| 995|0x00000000be300000, 0x00000000be300000, 0x00000000be400000|  0%| F|  |TAMS 0x00000000be300000, 0x00000000be300000| Untracked 
| 996|0x00000000be400000, 0x00000000be400000, 0x00000000be500000|  0%| F|  |TAMS 0x00000000be400000, 0x00000000be400000| Untracked 
| 997|0x00000000be500000, 0x00000000be500000, 0x00000000be600000|  0%| F|  |TAMS 0x00000000be500000, 0x00000000be500000| Untracked 
| 998|0x00000000be600000, 0x00000000be600000, 0x00000000be700000|  0%| F|  |TAMS 0x00000000be600000, 0x00000000be600000| Untracked 
| 999|0x00000000be700000, 0x00000000be800000, 0x00000000be800000|100%| S|CS|TAMS 0x00000000be700000, 0x00000000be700000| Complete 
|1000|0x00000000be800000, 0x00000000be900000, 0x00000000be900000|100%| S|CS|TAMS 0x00000000be800000, 0x00000000be800000| Complete 
|1001|0x00000000be900000, 0x00000000bea00000, 0x00000000bea00000|100%| S|CS|TAMS 0x00000000be900000, 0x00000000be900000| Complete 
|1002|0x00000000bea00000, 0x00000000beb00000, 0x00000000beb00000|100%| S|CS|TAMS 0x00000000bea00000, 0x00000000bea00000| Complete 
|1003|0x00000000beb00000, 0x00000000bec00000, 0x00000000bec00000|100%| S|CS|TAMS 0x00000000beb00000, 0x00000000beb00000| Complete 
|1004|0x00000000bec00000, 0x00000000bed00000, 0x00000000bed00000|100%| S|CS|TAMS 0x00000000bec00000, 0x00000000bec00000| Complete 
|1005|0x00000000bed00000, 0x00000000bee00000, 0x00000000bee00000|100%| S|CS|TAMS 0x00000000bed00000, 0x00000000bed00000| Complete 
|1006|0x00000000bee00000, 0x00000000bef00000, 0x00000000bef00000|100%| S|CS|TAMS 0x00000000bee00000, 0x00000000bee00000| Complete 
|1007|0x00000000bef00000, 0x00000000bf000000, 0x00000000bf000000|100%| S|CS|TAMS 0x00000000bef00000, 0x00000000bef00000| Complete 
|1008|0x00000000bf000000, 0x00000000bf100000, 0x00000000bf100000|100%| S|CS|TAMS 0x00000000bf000000, 0x00000000bf000000| Complete 
|1009|0x00000000bf100000, 0x00000000bf200000, 0x00000000bf200000|100%| S|CS|TAMS 0x00000000bf100000, 0x00000000bf100000| Complete 
|1010|0x00000000bf200000, 0x00000000bf300000, 0x00000000bf300000|100%| S|CS|TAMS 0x00000000bf200000, 0x00000000bf200000| Complete 
|1011|0x00000000bf300000, 0x00000000bf400000, 0x00000000bf400000|100%| S|CS|TAMS 0x00000000bf300000, 0x00000000bf300000| Complete 
|1012|0x00000000bf400000, 0x00000000bf500000, 0x00000000bf500000|100%| S|CS|TAMS 0x00000000bf400000, 0x00000000bf400000| Complete 
|1013|0x00000000bf500000, 0x00000000bf600000, 0x00000000bf600000|100%| S|CS|TAMS 0x00000000bf500000, 0x00000000bf500000| Complete 
|1014|0x00000000bf600000, 0x00000000bf700000, 0x00000000bf700000|100%| S|CS|TAMS 0x00000000bf600000, 0x00000000bf600000| Complete 
|1015|0x00000000bf700000, 0x00000000bf800000, 0x00000000bf800000|100%| S|CS|TAMS 0x00000000bf700000, 0x00000000bf700000| Complete 
|1016|0x00000000bf800000, 0x00000000bf900000, 0x00000000bf900000|100%| S|CS|TAMS 0x00000000bf800000, 0x00000000bf800000| Complete 
|1017|0x00000000bf900000, 0x00000000bfa00000, 0x00000000bfa00000|100%| S|CS|TAMS 0x00000000bf900000, 0x00000000bf900000| Complete 
|1018|0x00000000bfa00000, 0x00000000bfb00000, 0x00000000bfb00000|100%| S|CS|TAMS 0x00000000bfa00000, 0x00000000bfa00000| Complete 
|1019|0x00000000bfb00000, 0x00000000bfc00000, 0x00000000bfc00000|100%| S|CS|TAMS 0x00000000bfb00000, 0x00000000bfb00000| Complete 
|1020|0x00000000bfc00000, 0x00000000bfd00000, 0x00000000bfd00000|100%| S|CS|TAMS 0x00000000bfc00000, 0x00000000bfc00000| Complete 
|1021|0x00000000bfd00000, 0x00000000bfe00000, 0x00000000bfe00000|100%| S|CS|TAMS 0x00000000bfd00000, 0x00000000bfd00000| Complete 
|1022|0x00000000bfe00000, 0x00000000bff00000, 0x00000000bff00000|100%| S|CS|TAMS 0x00000000bfe00000, 0x00000000bfe00000| Complete 
|1023|0x00000000bff00000, 0x00000000c0000000, 0x00000000c0000000|100%| S|CS|TAMS 0x00000000bff00000, 0x00000000bff00000| Complete 
|1024|0x00000000c0000000, 0x00000000c0100000, 0x00000000c0100000|100%| S|CS|TAMS 0x00000000c0000000, 0x00000000c0000000| Complete 
|1025|0x00000000c0100000, 0x00000000c0200000, 0x00000000c0200000|100%| S|CS|TAMS 0x00000000c0100000, 0x00000000c0100000| Complete 
|1026|0x00000000c0200000, 0x00000000c0300000, 0x00000000c0300000|100%| S|CS|TAMS 0x00000000c0200000, 0x00000000c0200000| Complete 
|1027|0x00000000c0300000, 0x00000000c0400000, 0x00000000c0400000|100%| S|CS|TAMS 0x00000000c0300000, 0x00000000c0300000| Complete 
|1028|0x00000000c0400000, 0x00000000c0500000, 0x00000000c0500000|100%| S|CS|TAMS 0x00000000c0400000, 0x00000000c0400000| Complete 
|1029|0x00000000c0500000, 0x00000000c0500000, 0x00000000c0600000|  0%| F|  |TAMS 0x00000000c0500000, 0x00000000c0500000| Untracked 
|1030|0x00000000c0600000, 0x00000000c0600000, 0x00000000c0700000|  0%| F|  |TAMS 0x00000000c0600000, 0x00000000c0600000| Untracked 
|1031|0x00000000c0700000, 0x00000000c0700000, 0x00000000c0800000|  0%| F|  |TAMS 0x00000000c0700000, 0x00000000c0700000| Untracked 
|1032|0x00000000c0800000, 0x00000000c0800000, 0x00000000c0900000|  0%| F|  |TAMS 0x00000000c0800000, 0x00000000c0800000| Untracked 
|1033|0x00000000c0900000, 0x00000000c0900000, 0x00000000c0a00000|  0%| F|  |TAMS 0x00000000c0900000, 0x00000000c0900000| Untracked 
|1034|0x00000000c0a00000, 0x00000000c0a00000, 0x00000000c0b00000|  0%| F|  |TAMS 0x00000000c0a00000, 0x00000000c0a00000| Untracked 
|1035|0x00000000c0b00000, 0x00000000c0b00000, 0x00000000c0c00000|  0%| F|  |TAMS 0x00000000c0b00000, 0x00000000c0b00000| Untracked 
|1036|0x00000000c0c00000, 0x00000000c0c00000, 0x00000000c0d00000|  0%| F|  |TAMS 0x00000000c0c00000, 0x00000000c0c00000| Untracked 
|1037|0x00000000c0d00000, 0x00000000c0d00000, 0x00000000c0e00000|  0%| F|  |TAMS 0x00000000c0d00000, 0x00000000c0d00000| Untracked 
|1038|0x00000000c0e00000, 0x00000000c0e00000, 0x00000000c0f00000|  0%| F|  |TAMS 0x00000000c0e00000, 0x00000000c0e00000| Untracked 
|1039|0x00000000c0f00000, 0x00000000c0f00000, 0x00000000c1000000|  0%| F|  |TAMS 0x00000000c0f00000, 0x00000000c0f00000| Untracked 
|1040|0x00000000c1000000, 0x00000000c1000000, 0x00000000c1100000|  0%| F|  |TAMS 0x00000000c1000000, 0x00000000c1000000| Untracked 
|1041|0x00000000c1100000, 0x00000000c1100000, 0x00000000c1200000|  0%| F|  |TAMS 0x00000000c1100000, 0x00000000c1100000| Untracked 
|1042|0x00000000c1200000, 0x00000000c1300000, 0x00000000c1300000|100%| E|CS|TAMS 0x00000000c1200000, 0x00000000c1200000| Complete 
|1043|0x00000000c1300000, 0x00000000c1400000, 0x00000000c1400000|100%| E|CS|TAMS 0x00000000c1300000, 0x00000000c1300000| Complete 
|1044|0x00000000c1400000, 0x00000000c1500000, 0x00000000c1500000|100%| E|CS|TAMS 0x00000000c1400000, 0x00000000c1400000| Complete 
|1045|0x00000000c1500000, 0x00000000c1600000, 0x00000000c1600000|100%| E|CS|TAMS 0x00000000c1500000, 0x00000000c1500000| Complete 
|1046|0x00000000c1600000, 0x00000000c1700000, 0x00000000c1700000|100%| E|CS|TAMS 0x00000000c1600000, 0x00000000c1600000| Complete 
|1047|0x00000000c1700000, 0x00000000c1800000, 0x00000000c1800000|100%| E|CS|TAMS 0x00000000c1700000, 0x00000000c1700000| Complete 
|1048|0x00000000c1800000, 0x00000000c1900000, 0x00000000c1900000|100%| E|CS|TAMS 0x00000000c1800000, 0x00000000c1800000| Complete 
|1049|0x00000000c1900000, 0x00000000c1a00000, 0x00000000c1a00000|100%| E|CS|TAMS 0x00000000c1900000, 0x00000000c1900000| Complete 
|1050|0x00000000c1a00000, 0x00000000c1b00000, 0x00000000c1b00000|100%| E|CS|TAMS 0x00000000c1a00000, 0x00000000c1a00000| Complete 
|1051|0x00000000c1b00000, 0x00000000c1c00000, 0x00000000c1c00000|100%| E|CS|TAMS 0x00000000c1b00000, 0x00000000c1b00000| Complete 
|1052|0x00000000c1c00000, 0x00000000c1d00000, 0x00000000c1d00000|100%| E|CS|TAMS 0x00000000c1c00000, 0x00000000c1c00000| Complete 
|1053|0x00000000c1d00000, 0x00000000c1e00000, 0x00000000c1e00000|100%| E|CS|TAMS 0x00000000c1d00000, 0x00000000c1d00000| Complete 
|1054|0x00000000c1e00000, 0x00000000c1f00000, 0x00000000c1f00000|100%| E|CS|TAMS 0x00000000c1e00000, 0x00000000c1e00000| Complete 
|1055|0x00000000c1f00000, 0x00000000c2000000, 0x00000000c2000000|100%| E|CS|TAMS 0x00000000c1f00000, 0x00000000c1f00000| Complete 
|1056|0x00000000c2000000, 0x00000000c2100000, 0x00000000c2100000|100%| E|CS|TAMS 0x00000000c2000000, 0x00000000c2000000| Complete 
|1057|0x00000000c2100000, 0x00000000c2200000, 0x00000000c2200000|100%| E|CS|TAMS 0x00000000c2100000, 0x00000000c2100000| Complete 
|1058|0x00000000c2200000, 0x00000000c2300000, 0x00000000c2300000|100%| E|CS|TAMS 0x00000000c2200000, 0x00000000c2200000| Complete 
|1059|0x00000000c2300000, 0x00000000c2400000, 0x00000000c2400000|100%| E|CS|TAMS 0x00000000c2300000, 0x00000000c2300000| Complete 
|1060|0x00000000c2400000, 0x00000000c2500000, 0x00000000c2500000|100%| E|CS|TAMS 0x00000000c2400000, 0x00000000c2400000| Complete 
|1061|0x00000000c2500000, 0x00000000c2600000, 0x00000000c2600000|100%| E|CS|TAMS 0x00000000c2500000, 0x00000000c2500000| Complete 
|1062|0x00000000c2600000, 0x00000000c2700000, 0x00000000c2700000|100%| E|CS|TAMS 0x00000000c2600000, 0x00000000c2600000| Complete 
|1063|0x00000000c2700000, 0x00000000c2800000, 0x00000000c2800000|100%| E|CS|TAMS 0x00000000c2700000, 0x00000000c2700000| Complete 
|1064|0x00000000c2800000, 0x00000000c2900000, 0x00000000c2900000|100%| E|CS|TAMS 0x00000000c2800000, 0x00000000c2800000| Complete 
|1065|0x00000000c2900000, 0x00000000c2a00000, 0x00000000c2a00000|100%| E|CS|TAMS 0x00000000c2900000, 0x00000000c2900000| Complete 
|1066|0x00000000c2a00000, 0x00000000c2b00000, 0x00000000c2b00000|100%| E|CS|TAMS 0x00000000c2a00000, 0x00000000c2a00000| Complete 
|1067|0x00000000c2b00000, 0x00000000c2c00000, 0x00000000c2c00000|100%| E|CS|TAMS 0x00000000c2b00000, 0x00000000c2b00000| Complete 
|1068|0x00000000c2c00000, 0x00000000c2d00000, 0x00000000c2d00000|100%| E|CS|TAMS 0x00000000c2c00000, 0x00000000c2c00000| Complete 
|1069|0x00000000c2d00000, 0x00000000c2e00000, 0x00000000c2e00000|100%| E|CS|TAMS 0x00000000c2d00000, 0x00000000c2d00000| Complete 
|1070|0x00000000c2e00000, 0x00000000c2f00000, 0x00000000c2f00000|100%| E|CS|TAMS 0x00000000c2e00000, 0x00000000c2e00000| Complete 
|1071|0x00000000c2f00000, 0x00000000c3000000, 0x00000000c3000000|100%| E|CS|TAMS 0x00000000c2f00000, 0x00000000c2f00000| Complete 
|1072|0x00000000c3000000, 0x00000000c3100000, 0x00000000c3100000|100%| E|CS|TAMS 0x00000000c3000000, 0x00000000c3000000| Complete 
|1073|0x00000000c3100000, 0x00000000c3200000, 0x00000000c3200000|100%| E|CS|TAMS 0x00000000c3100000, 0x00000000c3100000| Complete 
|1074|0x00000000c3200000, 0x00000000c3300000, 0x00000000c3300000|100%| E|CS|TAMS 0x00000000c3200000, 0x00000000c3200000| Complete 
|1075|0x00000000c3300000, 0x00000000c3400000, 0x00000000c3400000|100%| E|CS|TAMS 0x00000000c3300000, 0x00000000c3300000| Complete 
|1076|0x00000000c3400000, 0x00000000c3500000, 0x00000000c3500000|100%| E|CS|TAMS 0x00000000c3400000, 0x00000000c3400000| Complete 
|1077|0x00000000c3500000, 0x00000000c3600000, 0x00000000c3600000|100%| E|CS|TAMS 0x00000000c3500000, 0x00000000c3500000| Complete 
|1078|0x00000000c3600000, 0x00000000c3700000, 0x00000000c3700000|100%| E|CS|TAMS 0x00000000c3600000, 0x00000000c3600000| Complete 
|1079|0x00000000c3700000, 0x00000000c3800000, 0x00000000c3800000|100%| E|CS|TAMS 0x00000000c3700000, 0x00000000c3700000| Complete 
|1080|0x00000000c3800000, 0x00000000c3900000, 0x00000000c3900000|100%| E|CS|TAMS 0x00000000c3800000, 0x00000000c3800000| Complete 
|1081|0x00000000c3900000, 0x00000000c3a00000, 0x00000000c3a00000|100%| E|CS|TAMS 0x00000000c3900000, 0x00000000c3900000| Complete 
|1082|0x00000000c3a00000, 0x00000000c3b00000, 0x00000000c3b00000|100%| E|CS|TAMS 0x00000000c3a00000, 0x00000000c3a00000| Complete 
|1083|0x00000000c3b00000, 0x00000000c3c00000, 0x00000000c3c00000|100%| E|CS|TAMS 0x00000000c3b00000, 0x00000000c3b00000| Complete 
|1084|0x00000000c3c00000, 0x00000000c3d00000, 0x00000000c3d00000|100%| E|CS|TAMS 0x00000000c3c00000, 0x00000000c3c00000| Complete 
|1085|0x00000000c3d00000, 0x00000000c3e00000, 0x00000000c3e00000|100%| E|CS|TAMS 0x00000000c3d00000, 0x00000000c3d00000| Complete 
|1086|0x00000000c3e00000, 0x00000000c3f00000, 0x00000000c3f00000|100%| E|CS|TAMS 0x00000000c3e00000, 0x00000000c3e00000| Complete 
|1087|0x00000000c3f00000, 0x00000000c4000000, 0x00000000c4000000|100%| E|CS|TAMS 0x00000000c3f00000, 0x00000000c3f00000| Complete 
|1088|0x00000000c4000000, 0x00000000c4100000, 0x00000000c4100000|100%| E|CS|TAMS 0x00000000c4000000, 0x00000000c4000000| Complete 
|1089|0x00000000c4100000, 0x00000000c4200000, 0x00000000c4200000|100%| E|CS|TAMS 0x00000000c4100000, 0x00000000c4100000| Complete 
|1090|0x00000000c4200000, 0x00000000c4300000, 0x00000000c4300000|100%| E|CS|TAMS 0x00000000c4200000, 0x00000000c4200000| Complete 
|1091|0x00000000c4300000, 0x00000000c4400000, 0x00000000c4400000|100%| E|CS|TAMS 0x00000000c4300000, 0x00000000c4300000| Complete 
|1092|0x00000000c4400000, 0x00000000c4500000, 0x00000000c4500000|100%| E|CS|TAMS 0x00000000c4400000, 0x00000000c4400000| Complete 
|1093|0x00000000c4500000, 0x00000000c4600000, 0x00000000c4600000|100%| E|CS|TAMS 0x00000000c4500000, 0x00000000c4500000| Complete 
|1094|0x00000000c4600000, 0x00000000c4700000, 0x00000000c4700000|100%| E|CS|TAMS 0x00000000c4600000, 0x00000000c4600000| Complete 
|1095|0x00000000c4700000, 0x00000000c4800000, 0x00000000c4800000|100%| E|CS|TAMS 0x00000000c4700000, 0x00000000c4700000| Complete 
|1096|0x00000000c4800000, 0x00000000c4900000, 0x00000000c4900000|100%| E|CS|TAMS 0x00000000c4800000, 0x00000000c4800000| Complete 
|1097|0x00000000c4900000, 0x00000000c4a00000, 0x00000000c4a00000|100%| E|CS|TAMS 0x00000000c4900000, 0x00000000c4900000| Complete 
|1098|0x00000000c4a00000, 0x00000000c4b00000, 0x00000000c4b00000|100%| E|CS|TAMS 0x00000000c4a00000, 0x00000000c4a00000| Complete 
|1099|0x00000000c4b00000, 0x00000000c4c00000, 0x00000000c4c00000|100%| E|CS|TAMS 0x00000000c4b00000, 0x00000000c4b00000| Complete 
|1100|0x00000000c4c00000, 0x00000000c4d00000, 0x00000000c4d00000|100%| E|CS|TAMS 0x00000000c4c00000, 0x00000000c4c00000| Complete 
|1101|0x00000000c4d00000, 0x00000000c4e00000, 0x00000000c4e00000|100%| E|CS|TAMS 0x00000000c4d00000, 0x00000000c4d00000| Complete 
|1102|0x00000000c4e00000, 0x00000000c4f00000, 0x00000000c4f00000|100%| E|CS|TAMS 0x00000000c4e00000, 0x00000000c4e00000| Complete 
|1103|0x00000000c4f00000, 0x00000000c5000000, 0x00000000c5000000|100%| E|CS|TAMS 0x00000000c4f00000, 0x00000000c4f00000| Complete 
|1104|0x00000000c5000000, 0x00000000c5100000, 0x00000000c5100000|100%| E|CS|TAMS 0x00000000c5000000, 0x00000000c5000000| Complete 
|1105|0x00000000c5100000, 0x00000000c5200000, 0x00000000c5200000|100%| E|CS|TAMS 0x00000000c5100000, 0x00000000c5100000| Complete 
|1106|0x00000000c5200000, 0x00000000c5300000, 0x00000000c5300000|100%| E|CS|TAMS 0x00000000c5200000, 0x00000000c5200000| Complete 
|1107|0x00000000c5300000, 0x00000000c5400000, 0x00000000c5400000|100%| E|CS|TAMS 0x00000000c5300000, 0x00000000c5300000| Complete 
|1108|0x00000000c5400000, 0x00000000c5500000, 0x00000000c5500000|100%| E|CS|TAMS 0x00000000c5400000, 0x00000000c5400000| Complete 
|1109|0x00000000c5500000, 0x00000000c5600000, 0x00000000c5600000|100%| E|CS|TAMS 0x00000000c5500000, 0x00000000c5500000| Complete 
|1110|0x00000000c5600000, 0x00000000c5700000, 0x00000000c5700000|100%| E|CS|TAMS 0x00000000c5600000, 0x00000000c5600000| Complete 
|1111|0x00000000c5700000, 0x00000000c5800000, 0x00000000c5800000|100%| E|CS|TAMS 0x00000000c5700000, 0x00000000c5700000| Complete 
|1112|0x00000000c5800000, 0x00000000c5900000, 0x00000000c5900000|100%| E|CS|TAMS 0x00000000c5800000, 0x00000000c5800000| Complete 
|1113|0x00000000c5900000, 0x00000000c5a00000, 0x00000000c5a00000|100%| E|CS|TAMS 0x00000000c5900000, 0x00000000c5900000| Complete 
|1114|0x00000000c5a00000, 0x00000000c5b00000, 0x00000000c5b00000|100%| E|CS|TAMS 0x00000000c5a00000, 0x00000000c5a00000| Complete 
|1115|0x00000000c5b00000, 0x00000000c5c00000, 0x00000000c5c00000|100%| E|CS|TAMS 0x00000000c5b00000, 0x00000000c5b00000| Complete 
|1116|0x00000000c5c00000, 0x00000000c5d00000, 0x00000000c5d00000|100%| E|CS|TAMS 0x00000000c5c00000, 0x00000000c5c00000| Complete 
|1117|0x00000000c5d00000, 0x00000000c5e00000, 0x00000000c5e00000|100%| E|CS|TAMS 0x00000000c5d00000, 0x00000000c5d00000| Complete 
|1118|0x00000000c5e00000, 0x00000000c5f00000, 0x00000000c5f00000|100%| E|CS|TAMS 0x00000000c5e00000, 0x00000000c5e00000| Complete 
|1119|0x00000000c5f00000, 0x00000000c6000000, 0x00000000c6000000|100%| E|CS|TAMS 0x00000000c5f00000, 0x00000000c5f00000| Complete 
|1120|0x00000000c6000000, 0x00000000c6100000, 0x00000000c6100000|100%| E|CS|TAMS 0x00000000c6000000, 0x00000000c6000000| Complete 
|1121|0x00000000c6100000, 0x00000000c6200000, 0x00000000c6200000|100%| E|CS|TAMS 0x00000000c6100000, 0x00000000c6100000| Complete 
|1122|0x00000000c6200000, 0x00000000c6300000, 0x00000000c6300000|100%| E|CS|TAMS 0x00000000c6200000, 0x00000000c6200000| Complete 
|1123|0x00000000c6300000, 0x00000000c6400000, 0x00000000c6400000|100%| E|CS|TAMS 0x00000000c6300000, 0x00000000c6300000| Complete 
|1124|0x00000000c6400000, 0x00000000c6500000, 0x00000000c6500000|100%| E|CS|TAMS 0x00000000c6400000, 0x00000000c6400000| Complete 
|1125|0x00000000c6500000, 0x00000000c6600000, 0x00000000c6600000|100%| E|CS|TAMS 0x00000000c6500000, 0x00000000c6500000| Complete 
|1126|0x00000000c6600000, 0x00000000c6700000, 0x00000000c6700000|100%| E|CS|TAMS 0x00000000c6600000, 0x00000000c6600000| Complete 
|1127|0x00000000c6700000, 0x00000000c6800000, 0x00000000c6800000|100%| E|CS|TAMS 0x00000000c6700000, 0x00000000c6700000| Complete 
|1128|0x00000000c6800000, 0x00000000c6900000, 0x00000000c6900000|100%| E|CS|TAMS 0x00000000c6800000, 0x00000000c6800000| Complete 
|1129|0x00000000c6900000, 0x00000000c6a00000, 0x00000000c6a00000|100%| E|CS|TAMS 0x00000000c6900000, 0x00000000c6900000| Complete 
|1130|0x00000000c6a00000, 0x00000000c6b00000, 0x00000000c6b00000|100%| E|CS|TAMS 0x00000000c6a00000, 0x00000000c6a00000| Complete 
|1131|0x00000000c6b00000, 0x00000000c6c00000, 0x00000000c6c00000|100%| E|CS|TAMS 0x00000000c6b00000, 0x00000000c6b00000| Complete 
|1132|0x00000000c6c00000, 0x00000000c6d00000, 0x00000000c6d00000|100%| E|CS|TAMS 0x00000000c6c00000, 0x00000000c6c00000| Complete 
|1133|0x00000000c6d00000, 0x00000000c6e00000, 0x00000000c6e00000|100%| E|CS|TAMS 0x00000000c6d00000, 0x00000000c6d00000| Complete 
|1134|0x00000000c6e00000, 0x00000000c6f00000, 0x00000000c6f00000|100%| E|CS|TAMS 0x00000000c6e00000, 0x00000000c6e00000| Complete 
|1135|0x00000000c6f00000, 0x00000000c7000000, 0x00000000c7000000|100%| E|CS|TAMS 0x00000000c6f00000, 0x00000000c6f00000| Complete 
|1136|0x00000000c7000000, 0x00000000c7100000, 0x00000000c7100000|100%| E|CS|TAMS 0x00000000c7000000, 0x00000000c7000000| Complete 
|1137|0x00000000c7100000, 0x00000000c7200000, 0x00000000c7200000|100%| E|CS|TAMS 0x00000000c7100000, 0x00000000c7100000| Complete 
|1138|0x00000000c7200000, 0x00000000c7300000, 0x00000000c7300000|100%| E|CS|TAMS 0x00000000c7200000, 0x00000000c7200000| Complete 
|1139|0x00000000c7300000, 0x00000000c7400000, 0x00000000c7400000|100%| E|CS|TAMS 0x00000000c7300000, 0x00000000c7300000| Complete 
|1140|0x00000000c7400000, 0x00000000c7500000, 0x00000000c7500000|100%| E|CS|TAMS 0x00000000c7400000, 0x00000000c7400000| Complete 
|1141|0x00000000c7500000, 0x00000000c7600000, 0x00000000c7600000|100%| E|CS|TAMS 0x00000000c7500000, 0x00000000c7500000| Complete 
|1142|0x00000000c7600000, 0x00000000c7700000, 0x00000000c7700000|100%| E|CS|TAMS 0x00000000c7600000, 0x00000000c7600000| Complete 
|1143|0x00000000c7700000, 0x00000000c7800000, 0x00000000c7800000|100%| E|CS|TAMS 0x00000000c7700000, 0x00000000c7700000| Complete 
|1144|0x00000000c7800000, 0x00000000c7900000, 0x00000000c7900000|100%| E|CS|TAMS 0x00000000c7800000, 0x00000000c7800000| Complete 
|1145|0x00000000c7900000, 0x00000000c7a00000, 0x00000000c7a00000|100%| E|CS|TAMS 0x00000000c7900000, 0x00000000c7900000| Complete 
|1146|0x00000000c7a00000, 0x00000000c7b00000, 0x00000000c7b00000|100%| E|CS|TAMS 0x00000000c7a00000, 0x00000000c7a00000| Complete 
|1147|0x00000000c7b00000, 0x00000000c7c00000, 0x00000000c7c00000|100%| E|CS|TAMS 0x00000000c7b00000, 0x00000000c7b00000| Complete 
|1148|0x00000000c7c00000, 0x00000000c7d00000, 0x00000000c7d00000|100%| E|CS|TAMS 0x00000000c7c00000, 0x00000000c7c00000| Complete 
|1149|0x00000000c7d00000, 0x00000000c7e00000, 0x00000000c7e00000|100%| E|CS|TAMS 0x00000000c7d00000, 0x00000000c7d00000| Complete 
|1150|0x00000000c7e00000, 0x00000000c7f00000, 0x00000000c7f00000|100%| E|CS|TAMS 0x00000000c7e00000, 0x00000000c7e00000| Complete 
|1151|0x00000000c7f00000, 0x00000000c8000000, 0x00000000c8000000|100%| E|CS|TAMS 0x00000000c7f00000, 0x00000000c7f00000| Complete 
|1152|0x00000000c8000000, 0x00000000c8100000, 0x00000000c8100000|100%| E|CS|TAMS 0x00000000c8000000, 0x00000000c8000000| Complete 
|1153|0x00000000c8100000, 0x00000000c8200000, 0x00000000c8200000|100%| E|CS|TAMS 0x00000000c8100000, 0x00000000c8100000| Complete 
|1154|0x00000000c8200000, 0x00000000c8300000, 0x00000000c8300000|100%| E|CS|TAMS 0x00000000c8200000, 0x00000000c8200000| Complete 
|1155|0x00000000c8300000, 0x00000000c8400000, 0x00000000c8400000|100%| E|CS|TAMS 0x00000000c8300000, 0x00000000c8300000| Complete 
|1156|0x00000000c8400000, 0x00000000c8500000, 0x00000000c8500000|100%| E|CS|TAMS 0x00000000c8400000, 0x00000000c8400000| Complete 
|1157|0x00000000c8500000, 0x00000000c8600000, 0x00000000c8600000|100%| E|CS|TAMS 0x00000000c8500000, 0x00000000c8500000| Complete 
|1158|0x00000000c8600000, 0x00000000c8700000, 0x00000000c8700000|100%| E|CS|TAMS 0x00000000c8600000, 0x00000000c8600000| Complete 
|1159|0x00000000c8700000, 0x00000000c8800000, 0x00000000c8800000|100%| E|CS|TAMS 0x00000000c8700000, 0x00000000c8700000| Complete 
|1160|0x00000000c8800000, 0x00000000c8900000, 0x00000000c8900000|100%| E|CS|TAMS 0x00000000c8800000, 0x00000000c8800000| Complete 
|1161|0x00000000c8900000, 0x00000000c8a00000, 0x00000000c8a00000|100%| E|CS|TAMS 0x00000000c8900000, 0x00000000c8900000| Complete 
|1162|0x00000000c8a00000, 0x00000000c8b00000, 0x00000000c8b00000|100%| E|CS|TAMS 0x00000000c8a00000, 0x00000000c8a00000| Complete 
|1163|0x00000000c8b00000, 0x00000000c8c00000, 0x00000000c8c00000|100%| E|CS|TAMS 0x00000000c8b00000, 0x00000000c8b00000| Complete 
|1164|0x00000000c8c00000, 0x00000000c8d00000, 0x00000000c8d00000|100%| E|CS|TAMS 0x00000000c8c00000, 0x00000000c8c00000| Complete 
|1165|0x00000000c8d00000, 0x00000000c8e00000, 0x00000000c8e00000|100%| E|CS|TAMS 0x00000000c8d00000, 0x00000000c8d00000| Complete 
|1166|0x00000000c8e00000, 0x00000000c8f00000, 0x00000000c8f00000|100%| E|CS|TAMS 0x00000000c8e00000, 0x00000000c8e00000| Complete 
|1167|0x00000000c8f00000, 0x00000000c9000000, 0x00000000c9000000|100%| E|CS|TAMS 0x00000000c8f00000, 0x00000000c8f00000| Complete 
|1168|0x00000000c9000000, 0x00000000c9100000, 0x00000000c9100000|100%| E|CS|TAMS 0x00000000c9000000, 0x00000000c9000000| Complete 
|1169|0x00000000c9100000, 0x00000000c9200000, 0x00000000c9200000|100%| E|CS|TAMS 0x00000000c9100000, 0x00000000c9100000| Complete 
|1170|0x00000000c9200000, 0x00000000c9300000, 0x00000000c9300000|100%| E|CS|TAMS 0x00000000c9200000, 0x00000000c9200000| Complete 
|1171|0x00000000c9300000, 0x00000000c9400000, 0x00000000c9400000|100%| E|CS|TAMS 0x00000000c9300000, 0x00000000c9300000| Complete 
|1172|0x00000000c9400000, 0x00000000c9500000, 0x00000000c9500000|100%| E|CS|TAMS 0x00000000c9400000, 0x00000000c9400000| Complete 
|1173|0x00000000c9500000, 0x00000000c9600000, 0x00000000c9600000|100%| E|CS|TAMS 0x00000000c9500000, 0x00000000c9500000| Complete 
|1174|0x00000000c9600000, 0x00000000c9700000, 0x00000000c9700000|100%| E|CS|TAMS 0x00000000c9600000, 0x00000000c9600000| Complete 
|1175|0x00000000c9700000, 0x00000000c9800000, 0x00000000c9800000|100%| E|CS|TAMS 0x00000000c9700000, 0x00000000c9700000| Complete 
|1176|0x00000000c9800000, 0x00000000c9900000, 0x00000000c9900000|100%| E|CS|TAMS 0x00000000c9800000, 0x00000000c9800000| Complete 
|1177|0x00000000c9900000, 0x00000000c9a00000, 0x00000000c9a00000|100%| E|CS|TAMS 0x00000000c9900000, 0x00000000c9900000| Complete 
|1178|0x00000000c9a00000, 0x00000000c9b00000, 0x00000000c9b00000|100%| E|CS|TAMS 0x00000000c9a00000, 0x00000000c9a00000| Complete 
|1179|0x00000000c9b00000, 0x00000000c9c00000, 0x00000000c9c00000|100%| E|CS|TAMS 0x00000000c9b00000, 0x00000000c9b00000| Complete 
|1180|0x00000000c9c00000, 0x00000000c9d00000, 0x00000000c9d00000|100%| E|CS|TAMS 0x00000000c9c00000, 0x00000000c9c00000| Complete 
|1181|0x00000000c9d00000, 0x00000000c9e00000, 0x00000000c9e00000|100%| E|CS|TAMS 0x00000000c9d00000, 0x00000000c9d00000| Complete 
|1182|0x00000000c9e00000, 0x00000000c9f00000, 0x00000000c9f00000|100%| E|CS|TAMS 0x00000000c9e00000, 0x00000000c9e00000| Complete 
|1183|0x00000000c9f00000, 0x00000000ca000000, 0x00000000ca000000|100%| E|CS|TAMS 0x00000000c9f00000, 0x00000000c9f00000| Complete 
|1184|0x00000000ca000000, 0x00000000ca100000, 0x00000000ca100000|100%| E|CS|TAMS 0x00000000ca000000, 0x00000000ca000000| Complete 
|1185|0x00000000ca100000, 0x00000000ca200000, 0x00000000ca200000|100%| E|CS|TAMS 0x00000000ca100000, 0x00000000ca100000| Complete 
|1186|0x00000000ca200000, 0x00000000ca300000, 0x00000000ca300000|100%| E|CS|TAMS 0x00000000ca200000, 0x00000000ca200000| Complete 
|1187|0x00000000ca300000, 0x00000000ca400000, 0x00000000ca400000|100%| E|CS|TAMS 0x00000000ca300000, 0x00000000ca300000| Complete 
|1188|0x00000000ca400000, 0x00000000ca500000, 0x00000000ca500000|100%| E|CS|TAMS 0x00000000ca400000, 0x00000000ca400000| Complete 
|1189|0x00000000ca500000, 0x00000000ca600000, 0x00000000ca600000|100%| E|CS|TAMS 0x00000000ca500000, 0x00000000ca500000| Complete 
|1190|0x00000000ca600000, 0x00000000ca700000, 0x00000000ca700000|100%| E|CS|TAMS 0x00000000ca600000, 0x00000000ca600000| Complete 
|1191|0x00000000ca700000, 0x00000000ca800000, 0x00000000ca800000|100%| E|CS|TAMS 0x00000000ca700000, 0x00000000ca700000| Complete 
|1192|0x00000000ca800000, 0x00000000ca900000, 0x00000000ca900000|100%| E|CS|TAMS 0x00000000ca800000, 0x00000000ca800000| Complete 
|1193|0x00000000ca900000, 0x00000000caa00000, 0x00000000caa00000|100%| E|CS|TAMS 0x00000000ca900000, 0x00000000ca900000| Complete 
|1194|0x00000000caa00000, 0x00000000cab00000, 0x00000000cab00000|100%| E|CS|TAMS 0x00000000caa00000, 0x00000000caa00000| Complete 
|1195|0x00000000cab00000, 0x00000000cac00000, 0x00000000cac00000|100%| E|CS|TAMS 0x00000000cab00000, 0x00000000cab00000| Complete 
|1196|0x00000000cac00000, 0x00000000cad00000, 0x00000000cad00000|100%| E|CS|TAMS 0x00000000cac00000, 0x00000000cac00000| Complete 
|1197|0x00000000cad00000, 0x00000000cae00000, 0x00000000cae00000|100%| E|CS|TAMS 0x00000000cad00000, 0x00000000cad00000| Complete 
|1198|0x00000000cae00000, 0x00000000caf00000, 0x00000000caf00000|100%| E|CS|TAMS 0x00000000cae00000, 0x00000000cae00000| Complete 
|1199|0x00000000caf00000, 0x00000000cb000000, 0x00000000cb000000|100%| E|CS|TAMS 0x00000000caf00000, 0x00000000caf00000| Complete 
|1200|0x00000000cb000000, 0x00000000cb100000, 0x00000000cb100000|100%| E|CS|TAMS 0x00000000cb000000, 0x00000000cb000000| Complete 
|1201|0x00000000cb100000, 0x00000000cb200000, 0x00000000cb200000|100%| E|CS|TAMS 0x00000000cb100000, 0x00000000cb100000| Complete 
|1202|0x00000000cb200000, 0x00000000cb300000, 0x00000000cb300000|100%| E|CS|TAMS 0x00000000cb200000, 0x00000000cb200000| Complete 
|1203|0x00000000cb300000, 0x00000000cb400000, 0x00000000cb400000|100%| E|CS|TAMS 0x00000000cb300000, 0x00000000cb300000| Complete 
|1204|0x00000000cb400000, 0x00000000cb500000, 0x00000000cb500000|100%| E|CS|TAMS 0x00000000cb400000, 0x00000000cb400000| Complete 
|1205|0x00000000cb500000, 0x00000000cb600000, 0x00000000cb600000|100%| E|CS|TAMS 0x00000000cb500000, 0x00000000cb500000| Complete 
|1206|0x00000000cb600000, 0x00000000cb700000, 0x00000000cb700000|100%| E|CS|TAMS 0x00000000cb600000, 0x00000000cb600000| Complete 
|1207|0x00000000cb700000, 0x00000000cb800000, 0x00000000cb800000|100%| E|CS|TAMS 0x00000000cb700000, 0x00000000cb700000| Complete 
|1208|0x00000000cb800000, 0x00000000cb900000, 0x00000000cb900000|100%| E|CS|TAMS 0x00000000cb800000, 0x00000000cb800000| Complete 
|1209|0x00000000cb900000, 0x00000000cba00000, 0x00000000cba00000|100%| E|CS|TAMS 0x00000000cb900000, 0x00000000cb900000| Complete 
|1210|0x00000000cba00000, 0x00000000cbb00000, 0x00000000cbb00000|100%| E|CS|TAMS 0x00000000cba00000, 0x00000000cba00000| Complete 
|1211|0x00000000cbb00000, 0x00000000cbc00000, 0x00000000cbc00000|100%| E|CS|TAMS 0x00000000cbb00000, 0x00000000cbb00000| Complete 
|1212|0x00000000cbc00000, 0x00000000cbd00000, 0x00000000cbd00000|100%| E|CS|TAMS 0x00000000cbc00000, 0x00000000cbc00000| Complete 
|1213|0x00000000cbd00000, 0x00000000cbe00000, 0x00000000cbe00000|100%| E|CS|TAMS 0x00000000cbd00000, 0x00000000cbd00000| Complete 
|1214|0x00000000cbe00000, 0x00000000cbf00000, 0x00000000cbf00000|100%| E|CS|TAMS 0x00000000cbe00000, 0x00000000cbe00000| Complete 
|1215|0x00000000cbf00000, 0x00000000cc000000, 0x00000000cc000000|100%| E|CS|TAMS 0x00000000cbf00000, 0x00000000cbf00000| Complete 
|1216|0x00000000cc000000, 0x00000000cc100000, 0x00000000cc100000|100%| E|CS|TAMS 0x00000000cc000000, 0x00000000cc000000| Complete 
|1217|0x00000000cc100000, 0x00000000cc200000, 0x00000000cc200000|100%| E|CS|TAMS 0x00000000cc100000, 0x00000000cc100000| Complete 
|1218|0x00000000cc200000, 0x00000000cc300000, 0x00000000cc300000|100%| E|CS|TAMS 0x00000000cc200000, 0x00000000cc200000| Complete 
|1219|0x00000000cc300000, 0x00000000cc400000, 0x00000000cc400000|100%| E|CS|TAMS 0x00000000cc300000, 0x00000000cc300000| Complete 
|1220|0x00000000cc400000, 0x00000000cc500000, 0x00000000cc500000|100%| E|CS|TAMS 0x00000000cc400000, 0x00000000cc400000| Complete 
|1221|0x00000000cc500000, 0x00000000cc600000, 0x00000000cc600000|100%| E|CS|TAMS 0x00000000cc500000, 0x00000000cc500000| Complete 
|1222|0x00000000cc600000, 0x00000000cc700000, 0x00000000cc700000|100%| E|CS|TAMS 0x00000000cc600000, 0x00000000cc600000| Complete 
|1223|0x00000000cc700000, 0x00000000cc800000, 0x00000000cc800000|100%| E|CS|TAMS 0x00000000cc700000, 0x00000000cc700000| Complete 
|1224|0x00000000cc800000, 0x00000000cc900000, 0x00000000cc900000|100%| E|CS|TAMS 0x00000000cc800000, 0x00000000cc800000| Complete 
|1225|0x00000000cc900000, 0x00000000cca00000, 0x00000000cca00000|100%| E|CS|TAMS 0x00000000cc900000, 0x00000000cc900000| Complete 
|1226|0x00000000cca00000, 0x00000000ccb00000, 0x00000000ccb00000|100%| E|CS|TAMS 0x00000000cca00000, 0x00000000cca00000| Complete 
|1227|0x00000000ccb00000, 0x00000000ccc00000, 0x00000000ccc00000|100%| E|CS|TAMS 0x00000000ccb00000, 0x00000000ccb00000| Complete 
|1228|0x00000000ccc00000, 0x00000000ccd00000, 0x00000000ccd00000|100%| E|CS|TAMS 0x00000000ccc00000, 0x00000000ccc00000| Complete 
|1229|0x00000000ccd00000, 0x00000000cce00000, 0x00000000cce00000|100%| E|CS|TAMS 0x00000000ccd00000, 0x00000000ccd00000| Complete 
|1230|0x00000000cce00000, 0x00000000ccf00000, 0x00000000ccf00000|100%| E|CS|TAMS 0x00000000cce00000, 0x00000000cce00000| Complete 
|1231|0x00000000ccf00000, 0x00000000cd000000, 0x00000000cd000000|100%| E|CS|TAMS 0x00000000ccf00000, 0x00000000ccf00000| Complete 
|1232|0x00000000cd000000, 0x00000000cd100000, 0x00000000cd100000|100%| E|CS|TAMS 0x00000000cd000000, 0x00000000cd000000| Complete 
|1233|0x00000000cd100000, 0x00000000cd200000, 0x00000000cd200000|100%| E|CS|TAMS 0x00000000cd100000, 0x00000000cd100000| Complete 
|1234|0x00000000cd200000, 0x00000000cd300000, 0x00000000cd300000|100%| E|CS|TAMS 0x00000000cd200000, 0x00000000cd200000| Complete 
|1235|0x00000000cd300000, 0x00000000cd400000, 0x00000000cd400000|100%| E|CS|TAMS 0x00000000cd300000, 0x00000000cd300000| Complete 
|1236|0x00000000cd400000, 0x00000000cd500000, 0x00000000cd500000|100%| E|CS|TAMS 0x00000000cd400000, 0x00000000cd400000| Complete 
|1237|0x00000000cd500000, 0x00000000cd600000, 0x00000000cd600000|100%| E|CS|TAMS 0x00000000cd500000, 0x00000000cd500000| Complete 
|1238|0x00000000cd600000, 0x00000000cd700000, 0x00000000cd700000|100%| E|CS|TAMS 0x00000000cd600000, 0x00000000cd600000| Complete 
|1239|0x00000000cd700000, 0x00000000cd800000, 0x00000000cd800000|100%| E|CS|TAMS 0x00000000cd700000, 0x00000000cd700000| Complete 
|1240|0x00000000cd800000, 0x00000000cd900000, 0x00000000cd900000|100%| E|CS|TAMS 0x00000000cd800000, 0x00000000cd800000| Complete 
|1241|0x00000000cd900000, 0x00000000cda00000, 0x00000000cda00000|100%| E|CS|TAMS 0x00000000cd900000, 0x00000000cd900000| Complete 
|1242|0x00000000cda00000, 0x00000000cdb00000, 0x00000000cdb00000|100%| E|CS|TAMS 0x00000000cda00000, 0x00000000cda00000| Complete 
|1243|0x00000000cdb00000, 0x00000000cdc00000, 0x00000000cdc00000|100%| E|CS|TAMS 0x00000000cdb00000, 0x00000000cdb00000| Complete 
|1244|0x00000000cdc00000, 0x00000000cdd00000, 0x00000000cdd00000|100%| E|CS|TAMS 0x00000000cdc00000, 0x00000000cdc00000| Complete 
|1245|0x00000000cdd00000, 0x00000000cde00000, 0x00000000cde00000|100%| E|CS|TAMS 0x00000000cdd00000, 0x00000000cdd00000| Complete 
|1246|0x00000000cde00000, 0x00000000cdf00000, 0x00000000cdf00000|100%| E|CS|TAMS 0x00000000cde00000, 0x00000000cde00000| Complete 
|1247|0x00000000cdf00000, 0x00000000ce000000, 0x00000000ce000000|100%| E|CS|TAMS 0x00000000cdf00000, 0x00000000cdf00000| Complete 
|1248|0x00000000ce000000, 0x00000000ce100000, 0x00000000ce100000|100%| E|CS|TAMS 0x00000000ce000000, 0x00000000ce000000| Complete 
|1249|0x00000000ce100000, 0x00000000ce200000, 0x00000000ce200000|100%| E|CS|TAMS 0x00000000ce100000, 0x00000000ce100000| Complete 
|1250|0x00000000ce200000, 0x00000000ce300000, 0x00000000ce300000|100%| E|CS|TAMS 0x00000000ce200000, 0x00000000ce200000| Complete 
|1251|0x00000000ce300000, 0x00000000ce400000, 0x00000000ce400000|100%| E|CS|TAMS 0x00000000ce300000, 0x00000000ce300000| Complete 
|1252|0x00000000ce400000, 0x00000000ce500000, 0x00000000ce500000|100%| E|CS|TAMS 0x00000000ce400000, 0x00000000ce400000| Complete 
|1253|0x00000000ce500000, 0x00000000ce600000, 0x00000000ce600000|100%| E|CS|TAMS 0x00000000ce500000, 0x00000000ce500000| Complete 
|1254|0x00000000ce600000, 0x00000000ce700000, 0x00000000ce700000|100%| E|CS|TAMS 0x00000000ce600000, 0x00000000ce600000| Complete 
|1255|0x00000000ce700000, 0x00000000ce800000, 0x00000000ce800000|100%| E|CS|TAMS 0x00000000ce700000, 0x00000000ce700000| Complete 
|1256|0x00000000ce800000, 0x00000000ce900000, 0x00000000ce900000|100%| E|CS|TAMS 0x00000000ce800000, 0x00000000ce800000| Complete 
|1257|0x00000000ce900000, 0x00000000cea00000, 0x00000000cea00000|100%| E|CS|TAMS 0x00000000ce900000, 0x00000000ce900000| Complete 
|1258|0x00000000cea00000, 0x00000000ceb00000, 0x00000000ceb00000|100%| E|CS|TAMS 0x00000000cea00000, 0x00000000cea00000| Complete 
|1259|0x00000000ceb00000, 0x00000000cec00000, 0x00000000cec00000|100%| E|CS|TAMS 0x00000000ceb00000, 0x00000000ceb00000| Complete 
|1260|0x00000000cec00000, 0x00000000ced00000, 0x00000000ced00000|100%| E|CS|TAMS 0x00000000cec00000, 0x00000000cec00000| Complete 
|1261|0x00000000ced00000, 0x00000000cee00000, 0x00000000cee00000|100%| E|CS|TAMS 0x00000000ced00000, 0x00000000ced00000| Complete 
|1262|0x00000000cee00000, 0x00000000cef00000, 0x00000000cef00000|100%| E|CS|TAMS 0x00000000cee00000, 0x00000000cee00000| Complete 
|1263|0x00000000cef00000, 0x00000000cf000000, 0x00000000cf000000|100%| E|CS|TAMS 0x00000000cef00000, 0x00000000cef00000| Complete 
|1264|0x00000000cf000000, 0x00000000cf100000, 0x00000000cf100000|100%| E|CS|TAMS 0x00000000cf000000, 0x00000000cf000000| Complete 
|1265|0x00000000cf100000, 0x00000000cf200000, 0x00000000cf200000|100%| E|CS|TAMS 0x00000000cf100000, 0x00000000cf100000| Complete 
|1266|0x00000000cf200000, 0x00000000cf300000, 0x00000000cf300000|100%| E|CS|TAMS 0x00000000cf200000, 0x00000000cf200000| Complete 
|1267|0x00000000cf300000, 0x00000000cf400000, 0x00000000cf400000|100%| E|CS|TAMS 0x00000000cf300000, 0x00000000cf300000| Complete 
|1268|0x00000000cf400000, 0x00000000cf500000, 0x00000000cf500000|100%| E|CS|TAMS 0x00000000cf400000, 0x00000000cf400000| Complete 
|1269|0x00000000cf500000, 0x00000000cf600000, 0x00000000cf600000|100%| E|CS|TAMS 0x00000000cf500000, 0x00000000cf500000| Complete 
|1270|0x00000000cf600000, 0x00000000cf700000, 0x00000000cf700000|100%| E|CS|TAMS 0x00000000cf600000, 0x00000000cf600000| Complete 
|1271|0x00000000cf700000, 0x00000000cf800000, 0x00000000cf800000|100%| E|CS|TAMS 0x00000000cf700000, 0x00000000cf700000| Complete 
|1272|0x00000000cf800000, 0x00000000cf900000, 0x00000000cf900000|100%| E|CS|TAMS 0x00000000cf800000, 0x00000000cf800000| Complete 
|1273|0x00000000cf900000, 0x00000000cfa00000, 0x00000000cfa00000|100%| E|CS|TAMS 0x00000000cf900000, 0x00000000cf900000| Complete 
|1274|0x00000000cfa00000, 0x00000000cfb00000, 0x00000000cfb00000|100%| E|CS|TAMS 0x00000000cfa00000, 0x00000000cfa00000| Complete 
|1275|0x00000000cfb00000, 0x00000000cfc00000, 0x00000000cfc00000|100%| E|CS|TAMS 0x00000000cfb00000, 0x00000000cfb00000| Complete 
|1276|0x00000000cfc00000, 0x00000000cfd00000, 0x00000000cfd00000|100%| E|CS|TAMS 0x00000000cfc00000, 0x00000000cfc00000| Complete 
|1277|0x00000000cfd00000, 0x00000000cfe00000, 0x00000000cfe00000|100%| E|CS|TAMS 0x00000000cfd00000, 0x00000000cfd00000| Complete 
|1278|0x00000000cfe00000, 0x00000000cff00000, 0x00000000cff00000|100%| E|CS|TAMS 0x00000000cfe00000, 0x00000000cfe00000| Complete 
|1279|0x00000000cff00000, 0x00000000d0000000, 0x00000000d0000000|100%| E|CS|TAMS 0x00000000cff00000, 0x00000000cff00000| Complete 
|1280|0x00000000d0000000, 0x00000000d0100000, 0x00000000d0100000|100%| E|CS|TAMS 0x00000000d0000000, 0x00000000d0000000| Complete 
|1281|0x00000000d0100000, 0x00000000d0200000, 0x00000000d0200000|100%| E|CS|TAMS 0x00000000d0100000, 0x00000000d0100000| Complete 
|1282|0x00000000d0200000, 0x00000000d0300000, 0x00000000d0300000|100%| E|CS|TAMS 0x00000000d0200000, 0x00000000d0200000| Complete 
|1283|0x00000000d0300000, 0x00000000d0400000, 0x00000000d0400000|100%| E|CS|TAMS 0x00000000d0300000, 0x00000000d0300000| Complete 
|1284|0x00000000d0400000, 0x00000000d0500000, 0x00000000d0500000|100%| E|CS|TAMS 0x00000000d0400000, 0x00000000d0400000| Complete 
|1285|0x00000000d0500000, 0x00000000d0600000, 0x00000000d0600000|100%| E|CS|TAMS 0x00000000d0500000, 0x00000000d0500000| Complete 
|1286|0x00000000d0600000, 0x00000000d0700000, 0x00000000d0700000|100%| E|CS|TAMS 0x00000000d0600000, 0x00000000d0600000| Complete 
|1287|0x00000000d0700000, 0x00000000d0800000, 0x00000000d0800000|100%| E|CS|TAMS 0x00000000d0700000, 0x00000000d0700000| Complete 
|1288|0x00000000d0800000, 0x00000000d0900000, 0x00000000d0900000|100%| E|CS|TAMS 0x00000000d0800000, 0x00000000d0800000| Complete 
|1289|0x00000000d0900000, 0x00000000d0a00000, 0x00000000d0a00000|100%| E|CS|TAMS 0x00000000d0900000, 0x00000000d0900000| Complete 
|1290|0x00000000d0a00000, 0x00000000d0b00000, 0x00000000d0b00000|100%| E|CS|TAMS 0x00000000d0a00000, 0x00000000d0a00000| Complete 
|1291|0x00000000d0b00000, 0x00000000d0c00000, 0x00000000d0c00000|100%| E|CS|TAMS 0x00000000d0b00000, 0x00000000d0b00000| Complete 
|1292|0x00000000d0c00000, 0x00000000d0d00000, 0x00000000d0d00000|100%| E|CS|TAMS 0x00000000d0c00000, 0x00000000d0c00000| Complete 
|1293|0x00000000d0d00000, 0x00000000d0e00000, 0x00000000d0e00000|100%| E|CS|TAMS 0x00000000d0d00000, 0x00000000d0d00000| Complete 
|1294|0x00000000d0e00000, 0x00000000d0f00000, 0x00000000d0f00000|100%| E|CS|TAMS 0x00000000d0e00000, 0x00000000d0e00000| Complete 
|1295|0x00000000d0f00000, 0x00000000d1000000, 0x00000000d1000000|100%| E|CS|TAMS 0x00000000d0f00000, 0x00000000d0f00000| Complete 
|1296|0x00000000d1000000, 0x00000000d1100000, 0x00000000d1100000|100%| E|CS|TAMS 0x00000000d1000000, 0x00000000d1000000| Complete 
|1297|0x00000000d1100000, 0x00000000d1200000, 0x00000000d1200000|100%| E|CS|TAMS 0x00000000d1100000, 0x00000000d1100000| Complete 
|1298|0x00000000d1200000, 0x00000000d1300000, 0x00000000d1300000|100%| E|CS|TAMS 0x00000000d1200000, 0x00000000d1200000| Complete 
|1299|0x00000000d1300000, 0x00000000d1400000, 0x00000000d1400000|100%| E|CS|TAMS 0x00000000d1300000, 0x00000000d1300000| Complete 
|1300|0x00000000d1400000, 0x00000000d1500000, 0x00000000d1500000|100%| E|CS|TAMS 0x00000000d1400000, 0x00000000d1400000| Complete 
|1301|0x00000000d1500000, 0x00000000d1600000, 0x00000000d1600000|100%| E|CS|TAMS 0x00000000d1500000, 0x00000000d1500000| Complete 
|1302|0x00000000d1600000, 0x00000000d1700000, 0x00000000d1700000|100%| E|CS|TAMS 0x00000000d1600000, 0x00000000d1600000| Complete 
|1303|0x00000000d1700000, 0x00000000d1800000, 0x00000000d1800000|100%| E|CS|TAMS 0x00000000d1700000, 0x00000000d1700000| Complete 
|1304|0x00000000d1800000, 0x00000000d1900000, 0x00000000d1900000|100%| E|CS|TAMS 0x00000000d1800000, 0x00000000d1800000| Complete 
|1305|0x00000000d1900000, 0x00000000d1a00000, 0x00000000d1a00000|100%| E|CS|TAMS 0x00000000d1900000, 0x00000000d1900000| Complete 
|1306|0x00000000d1a00000, 0x00000000d1b00000, 0x00000000d1b00000|100%| E|CS|TAMS 0x00000000d1a00000, 0x00000000d1a00000| Complete 
|1307|0x00000000d1b00000, 0x00000000d1c00000, 0x00000000d1c00000|100%| E|CS|TAMS 0x00000000d1b00000, 0x00000000d1b00000| Complete 
|1308|0x00000000d1c00000, 0x00000000d1d00000, 0x00000000d1d00000|100%| E|CS|TAMS 0x00000000d1c00000, 0x00000000d1c00000| Complete 
|1309|0x00000000d1d00000, 0x00000000d1e00000, 0x00000000d1e00000|100%| E|CS|TAMS 0x00000000d1d00000, 0x00000000d1d00000| Complete 
|1310|0x00000000d1e00000, 0x00000000d1f00000, 0x00000000d1f00000|100%| E|CS|TAMS 0x00000000d1e00000, 0x00000000d1e00000| Complete 
|1311|0x00000000d1f00000, 0x00000000d2000000, 0x00000000d2000000|100%| E|CS|TAMS 0x00000000d1f00000, 0x00000000d1f00000| Complete 
|1312|0x00000000d2000000, 0x00000000d2100000, 0x00000000d2100000|100%| E|CS|TAMS 0x00000000d2000000, 0x00000000d2000000| Complete 
|1313|0x00000000d2100000, 0x00000000d2200000, 0x00000000d2200000|100%| E|CS|TAMS 0x00000000d2100000, 0x00000000d2100000| Complete 
|1314|0x00000000d2200000, 0x00000000d2300000, 0x00000000d2300000|100%| E|CS|TAMS 0x00000000d2200000, 0x00000000d2200000| Complete 
|1315|0x00000000d2300000, 0x00000000d2400000, 0x00000000d2400000|100%| E|CS|TAMS 0x00000000d2300000, 0x00000000d2300000| Complete 
|1316|0x00000000d2400000, 0x00000000d2500000, 0x00000000d2500000|100%| E|CS|TAMS 0x00000000d2400000, 0x00000000d2400000| Complete 
|1317|0x00000000d2500000, 0x00000000d2600000, 0x00000000d2600000|100%| E|CS|TAMS 0x00000000d2500000, 0x00000000d2500000| Complete 
|1318|0x00000000d2600000, 0x00000000d2700000, 0x00000000d2700000|100%| E|CS|TAMS 0x00000000d2600000, 0x00000000d2600000| Complete 
|1319|0x00000000d2700000, 0x00000000d2800000, 0x00000000d2800000|100%| E|CS|TAMS 0x00000000d2700000, 0x00000000d2700000| Complete 
|1320|0x00000000d2800000, 0x00000000d2900000, 0x00000000d2900000|100%| E|CS|TAMS 0x00000000d2800000, 0x00000000d2800000| Complete 
|1321|0x00000000d2900000, 0x00000000d2a00000, 0x00000000d2a00000|100%| E|CS|TAMS 0x00000000d2900000, 0x00000000d2900000| Complete 
|1322|0x00000000d2a00000, 0x00000000d2b00000, 0x00000000d2b00000|100%| E|CS|TAMS 0x00000000d2a00000, 0x00000000d2a00000| Complete 
|1323|0x00000000d2b00000, 0x00000000d2c00000, 0x00000000d2c00000|100%| E|CS|TAMS 0x00000000d2b00000, 0x00000000d2b00000| Complete 
|1324|0x00000000d2c00000, 0x00000000d2d00000, 0x00000000d2d00000|100%| E|CS|TAMS 0x00000000d2c00000, 0x00000000d2c00000| Complete 
|1325|0x00000000d2d00000, 0x00000000d2e00000, 0x00000000d2e00000|100%| E|CS|TAMS 0x00000000d2d00000, 0x00000000d2d00000| Complete 
|1326|0x00000000d2e00000, 0x00000000d2f00000, 0x00000000d2f00000|100%| E|CS|TAMS 0x00000000d2e00000, 0x00000000d2e00000| Complete 
|1327|0x00000000d2f00000, 0x00000000d3000000, 0x00000000d3000000|100%| E|CS|TAMS 0x00000000d2f00000, 0x00000000d2f00000| Complete 
|1328|0x00000000d3000000, 0x00000000d3100000, 0x00000000d3100000|100%| E|CS|TAMS 0x00000000d3000000, 0x00000000d3000000| Complete 
|1329|0x00000000d3100000, 0x00000000d3200000, 0x00000000d3200000|100%| E|CS|TAMS 0x00000000d3100000, 0x00000000d3100000| Complete 
|1330|0x00000000d3200000, 0x00000000d3300000, 0x00000000d3300000|100%| E|CS|TAMS 0x00000000d3200000, 0x00000000d3200000| Complete 
|1331|0x00000000d3300000, 0x00000000d3400000, 0x00000000d3400000|100%| E|CS|TAMS 0x00000000d3300000, 0x00000000d3300000| Complete 
|1332|0x00000000d3400000, 0x00000000d3500000, 0x00000000d3500000|100%| E|CS|TAMS 0x00000000d3400000, 0x00000000d3400000| Complete 
|1333|0x00000000d3500000, 0x00000000d3600000, 0x00000000d3600000|100%| E|CS|TAMS 0x00000000d3500000, 0x00000000d3500000| Complete 
|1334|0x00000000d3600000, 0x00000000d3700000, 0x00000000d3700000|100%| E|CS|TAMS 0x00000000d3600000, 0x00000000d3600000| Complete 
|1335|0x00000000d3700000, 0x00000000d3800000, 0x00000000d3800000|100%| E|CS|TAMS 0x00000000d3700000, 0x00000000d3700000| Complete 
|1336|0x00000000d3800000, 0x00000000d3900000, 0x00000000d3900000|100%| E|CS|TAMS 0x00000000d3800000, 0x00000000d3800000| Complete 
|1337|0x00000000d3900000, 0x00000000d3a00000, 0x00000000d3a00000|100%| E|CS|TAMS 0x00000000d3900000, 0x00000000d3900000| Complete 
|1338|0x00000000d3a00000, 0x00000000d3b00000, 0x00000000d3b00000|100%| E|CS|TAMS 0x00000000d3a00000, 0x00000000d3a00000| Complete 
|1339|0x00000000d3b00000, 0x00000000d3c00000, 0x00000000d3c00000|100%| E|CS|TAMS 0x00000000d3b00000, 0x00000000d3b00000| Complete 
|1340|0x00000000d3c00000, 0x00000000d3d00000, 0x00000000d3d00000|100%| E|CS|TAMS 0x00000000d3c00000, 0x00000000d3c00000| Complete 
|1341|0x00000000d3d00000, 0x00000000d3e00000, 0x00000000d3e00000|100%| E|CS|TAMS 0x00000000d3d00000, 0x00000000d3d00000| Complete 
|1342|0x00000000d3e00000, 0x00000000d3f00000, 0x00000000d3f00000|100%| E|CS|TAMS 0x00000000d3e00000, 0x00000000d3e00000| Complete 
|1343|0x00000000d3f00000, 0x00000000d4000000, 0x00000000d4000000|100%| E|CS|TAMS 0x00000000d3f00000, 0x00000000d3f00000| Complete 
|1344|0x00000000d4000000, 0x00000000d4100000, 0x00000000d4100000|100%| E|CS|TAMS 0x00000000d4000000, 0x00000000d4000000| Complete 
|1345|0x00000000d4100000, 0x00000000d4200000, 0x00000000d4200000|100%| E|CS|TAMS 0x00000000d4100000, 0x00000000d4100000| Complete 
|1346|0x00000000d4200000, 0x00000000d4300000, 0x00000000d4300000|100%| E|CS|TAMS 0x00000000d4200000, 0x00000000d4200000| Complete 
|1347|0x00000000d4300000, 0x00000000d4400000, 0x00000000d4400000|100%| E|CS|TAMS 0x00000000d4300000, 0x00000000d4300000| Complete 
|1348|0x00000000d4400000, 0x00000000d4500000, 0x00000000d4500000|100%| E|CS|TAMS 0x00000000d4400000, 0x00000000d4400000| Complete 
|1349|0x00000000d4500000, 0x00000000d4600000, 0x00000000d4600000|100%| E|CS|TAMS 0x00000000d4500000, 0x00000000d4500000| Complete 
|1350|0x00000000d4600000, 0x00000000d4700000, 0x00000000d4700000|100%| E|CS|TAMS 0x00000000d4600000, 0x00000000d4600000| Complete 
|1351|0x00000000d4700000, 0x00000000d4800000, 0x00000000d4800000|100%| E|CS|TAMS 0x00000000d4700000, 0x00000000d4700000| Complete 
|1352|0x00000000d4800000, 0x00000000d4900000, 0x00000000d4900000|100%| E|CS|TAMS 0x00000000d4800000, 0x00000000d4800000| Complete 
|1353|0x00000000d4900000, 0x00000000d4a00000, 0x00000000d4a00000|100%| E|CS|TAMS 0x00000000d4900000, 0x00000000d4900000| Complete 
|1354|0x00000000d4a00000, 0x00000000d4b00000, 0x00000000d4b00000|100%| E|CS|TAMS 0x00000000d4a00000, 0x00000000d4a00000| Complete 
|1355|0x00000000d4b00000, 0x00000000d4c00000, 0x00000000d4c00000|100%| E|CS|TAMS 0x00000000d4b00000, 0x00000000d4b00000| Complete 
|1356|0x00000000d4c00000, 0x00000000d4d00000, 0x00000000d4d00000|100%| E|CS|TAMS 0x00000000d4c00000, 0x00000000d4c00000| Complete 
|1357|0x00000000d4d00000, 0x00000000d4e00000, 0x00000000d4e00000|100%| E|CS|TAMS 0x00000000d4d00000, 0x00000000d4d00000| Complete 
|1358|0x00000000d4e00000, 0x00000000d4f00000, 0x00000000d4f00000|100%| E|CS|TAMS 0x00000000d4e00000, 0x00000000d4e00000| Complete 
|1359|0x00000000d4f00000, 0x00000000d5000000, 0x00000000d5000000|100%| E|CS|TAMS 0x00000000d4f00000, 0x00000000d4f00000| Complete 
|1360|0x00000000d5000000, 0x00000000d5100000, 0x00000000d5100000|100%| E|CS|TAMS 0x00000000d5000000, 0x00000000d5000000| Complete 
|1361|0x00000000d5100000, 0x00000000d5200000, 0x00000000d5200000|100%| E|CS|TAMS 0x00000000d5100000, 0x00000000d5100000| Complete 
|1362|0x00000000d5200000, 0x00000000d5300000, 0x00000000d5300000|100%| E|CS|TAMS 0x00000000d5200000, 0x00000000d5200000| Complete 
|1363|0x00000000d5300000, 0x00000000d5400000, 0x00000000d5400000|100%| E|CS|TAMS 0x00000000d5300000, 0x00000000d5300000| Complete 
|1364|0x00000000d5400000, 0x00000000d5500000, 0x00000000d5500000|100%| E|CS|TAMS 0x00000000d5400000, 0x00000000d5400000| Complete 
|1365|0x00000000d5500000, 0x00000000d5600000, 0x00000000d5600000|100%| E|CS|TAMS 0x00000000d5500000, 0x00000000d5500000| Complete 
|1366|0x00000000d5600000, 0x00000000d5700000, 0x00000000d5700000|100%| E|CS|TAMS 0x00000000d5600000, 0x00000000d5600000| Complete 
|1367|0x00000000d5700000, 0x00000000d5800000, 0x00000000d5800000|100%| E|CS|TAMS 0x00000000d5700000, 0x00000000d5700000| Complete 
|1368|0x00000000d5800000, 0x00000000d5900000, 0x00000000d5900000|100%| E|CS|TAMS 0x00000000d5800000, 0x00000000d5800000| Complete 
|1369|0x00000000d5900000, 0x00000000d5a00000, 0x00000000d5a00000|100%| E|CS|TAMS 0x00000000d5900000, 0x00000000d5900000| Complete 
|1370|0x00000000d5a00000, 0x00000000d5b00000, 0x00000000d5b00000|100%| E|CS|TAMS 0x00000000d5a00000, 0x00000000d5a00000| Complete 
|1371|0x00000000d5b00000, 0x00000000d5c00000, 0x00000000d5c00000|100%| E|CS|TAMS 0x00000000d5b00000, 0x00000000d5b00000| Complete 
|1372|0x00000000d5c00000, 0x00000000d5d00000, 0x00000000d5d00000|100%| E|CS|TAMS 0x00000000d5c00000, 0x00000000d5c00000| Complete 
|1373|0x00000000d5d00000, 0x00000000d5e00000, 0x00000000d5e00000|100%| E|CS|TAMS 0x00000000d5d00000, 0x00000000d5d00000| Complete 
|1374|0x00000000d5e00000, 0x00000000d5f00000, 0x00000000d5f00000|100%| E|CS|TAMS 0x00000000d5e00000, 0x00000000d5e00000| Complete 
|1375|0x00000000d5f00000, 0x00000000d6000000, 0x00000000d6000000|100%| E|CS|TAMS 0x00000000d5f00000, 0x00000000d5f00000| Complete 
|1376|0x00000000d6000000, 0x00000000d6100000, 0x00000000d6100000|100%| E|CS|TAMS 0x00000000d6000000, 0x00000000d6000000| Complete 
|1377|0x00000000d6100000, 0x00000000d6200000, 0x00000000d6200000|100%| E|CS|TAMS 0x00000000d6100000, 0x00000000d6100000| Complete 
|1378|0x00000000d6200000, 0x00000000d6300000, 0x00000000d6300000|100%| E|CS|TAMS 0x00000000d6200000, 0x00000000d6200000| Complete 
|1379|0x00000000d6300000, 0x00000000d6400000, 0x00000000d6400000|100%| E|CS|TAMS 0x00000000d6300000, 0x00000000d6300000| Complete 
|1380|0x00000000d6400000, 0x00000000d6500000, 0x00000000d6500000|100%| E|CS|TAMS 0x00000000d6400000, 0x00000000d6400000| Complete 
|1381|0x00000000d6500000, 0x00000000d6600000, 0x00000000d6600000|100%| E|CS|TAMS 0x00000000d6500000, 0x00000000d6500000| Complete 
|1382|0x00000000d6600000, 0x00000000d6700000, 0x00000000d6700000|100%| E|CS|TAMS 0x00000000d6600000, 0x00000000d6600000| Complete 
|1383|0x00000000d6700000, 0x00000000d6800000, 0x00000000d6800000|100%| E|CS|TAMS 0x00000000d6700000, 0x00000000d6700000| Complete 
|1384|0x00000000d6800000, 0x00000000d6900000, 0x00000000d6900000|100%| E|CS|TAMS 0x00000000d6800000, 0x00000000d6800000| Complete 
|1385|0x00000000d6900000, 0x00000000d6a00000, 0x00000000d6a00000|100%| E|CS|TAMS 0x00000000d6900000, 0x00000000d6900000| Complete 
|1386|0x00000000d6a00000, 0x00000000d6b00000, 0x00000000d6b00000|100%| E|CS|TAMS 0x00000000d6a00000, 0x00000000d6a00000| Complete 
|1387|0x00000000d6b00000, 0x00000000d6c00000, 0x00000000d6c00000|100%| E|CS|TAMS 0x00000000d6b00000, 0x00000000d6b00000| Complete 
|1388|0x00000000d6c00000, 0x00000000d6d00000, 0x00000000d6d00000|100%| E|CS|TAMS 0x00000000d6c00000, 0x00000000d6c00000| Complete 
|1389|0x00000000d6d00000, 0x00000000d6e00000, 0x00000000d6e00000|100%| E|CS|TAMS 0x00000000d6d00000, 0x00000000d6d00000| Complete 
|1390|0x00000000d6e00000, 0x00000000d6f00000, 0x00000000d6f00000|100%| E|CS|TAMS 0x00000000d6e00000, 0x00000000d6e00000| Complete 
|1391|0x00000000d6f00000, 0x00000000d7000000, 0x00000000d7000000|100%| E|CS|TAMS 0x00000000d6f00000, 0x00000000d6f00000| Complete 
|1392|0x00000000d7000000, 0x00000000d7100000, 0x00000000d7100000|100%| E|CS|TAMS 0x00000000d7000000, 0x00000000d7000000| Complete 
|1393|0x00000000d7100000, 0x00000000d7200000, 0x00000000d7200000|100%| E|CS|TAMS 0x00000000d7100000, 0x00000000d7100000| Complete 
|1394|0x00000000d7200000, 0x00000000d7300000, 0x00000000d7300000|100%| E|CS|TAMS 0x00000000d7200000, 0x00000000d7200000| Complete 
|1395|0x00000000d7300000, 0x00000000d7400000, 0x00000000d7400000|100%| E|CS|TAMS 0x00000000d7300000, 0x00000000d7300000| Complete 
|1396|0x00000000d7400000, 0x00000000d7500000, 0x00000000d7500000|100%| E|CS|TAMS 0x00000000d7400000, 0x00000000d7400000| Complete 
|1397|0x00000000d7500000, 0x00000000d7600000, 0x00000000d7600000|100%| E|CS|TAMS 0x00000000d7500000, 0x00000000d7500000| Complete 
|1398|0x00000000d7600000, 0x00000000d7700000, 0x00000000d7700000|100%| E|CS|TAMS 0x00000000d7600000, 0x00000000d7600000| Complete 
|1399|0x00000000d7700000, 0x00000000d7800000, 0x00000000d7800000|100%| E|CS|TAMS 0x00000000d7700000, 0x00000000d7700000| Complete 
|1400|0x00000000d7800000, 0x00000000d7900000, 0x00000000d7900000|100%| E|CS|TAMS 0x00000000d7800000, 0x00000000d7800000| Complete 
|1401|0x00000000d7900000, 0x00000000d7a00000, 0x00000000d7a00000|100%| E|CS|TAMS 0x00000000d7900000, 0x00000000d7900000| Complete 
|1402|0x00000000d7a00000, 0x00000000d7b00000, 0x00000000d7b00000|100%| E|CS|TAMS 0x00000000d7a00000, 0x00000000d7a00000| Complete 
|1403|0x00000000d7b00000, 0x00000000d7c00000, 0x00000000d7c00000|100%| E|CS|TAMS 0x00000000d7b00000, 0x00000000d7b00000| Complete 
|1404|0x00000000d7c00000, 0x00000000d7d00000, 0x00000000d7d00000|100%| E|CS|TAMS 0x00000000d7c00000, 0x00000000d7c00000| Complete 
|1405|0x00000000d7d00000, 0x00000000d7e00000, 0x00000000d7e00000|100%| E|CS|TAMS 0x00000000d7d00000, 0x00000000d7d00000| Complete 
|1406|0x00000000d7e00000, 0x00000000d7f00000, 0x00000000d7f00000|100%| E|CS|TAMS 0x00000000d7e00000, 0x00000000d7e00000| Complete 
|1407|0x00000000d7f00000, 0x00000000d8000000, 0x00000000d8000000|100%| E|CS|TAMS 0x00000000d7f00000, 0x00000000d7f00000| Complete 
|1408|0x00000000d8000000, 0x00000000d8100000, 0x00000000d8100000|100%| E|CS|TAMS 0x00000000d8000000, 0x00000000d8000000| Complete 
|1409|0x00000000d8100000, 0x00000000d8200000, 0x00000000d8200000|100%| E|CS|TAMS 0x00000000d8100000, 0x00000000d8100000| Complete 
|1410|0x00000000d8200000, 0x00000000d8300000, 0x00000000d8300000|100%| E|CS|TAMS 0x00000000d8200000, 0x00000000d8200000| Complete 
|1411|0x00000000d8300000, 0x00000000d8400000, 0x00000000d8400000|100%| E|CS|TAMS 0x00000000d8300000, 0x00000000d8300000| Complete 
|1412|0x00000000d8400000, 0x00000000d8500000, 0x00000000d8500000|100%| E|CS|TAMS 0x00000000d8400000, 0x00000000d8400000| Complete 
|1413|0x00000000d8500000, 0x00000000d8600000, 0x00000000d8600000|100%| E|CS|TAMS 0x00000000d8500000, 0x00000000d8500000| Complete 
|1414|0x00000000d8600000, 0x00000000d8700000, 0x00000000d8700000|100%| E|CS|TAMS 0x00000000d8600000, 0x00000000d8600000| Complete 
|1415|0x00000000d8700000, 0x00000000d8800000, 0x00000000d8800000|100%| E|CS|TAMS 0x00000000d8700000, 0x00000000d8700000| Complete 
|1416|0x00000000d8800000, 0x00000000d8900000, 0x00000000d8900000|100%| E|CS|TAMS 0x00000000d8800000, 0x00000000d8800000| Complete 
|1417|0x00000000d8900000, 0x00000000d8a00000, 0x00000000d8a00000|100%| E|CS|TAMS 0x00000000d8900000, 0x00000000d8900000| Complete 
|1418|0x00000000d8a00000, 0x00000000d8b00000, 0x00000000d8b00000|100%| E|CS|TAMS 0x00000000d8a00000, 0x00000000d8a00000| Complete 
|1419|0x00000000d8b00000, 0x00000000d8c00000, 0x00000000d8c00000|100%| E|CS|TAMS 0x00000000d8b00000, 0x00000000d8b00000| Complete 
|1420|0x00000000d8c00000, 0x00000000d8d00000, 0x00000000d8d00000|100%| E|CS|TAMS 0x00000000d8c00000, 0x00000000d8c00000| Complete 
|1421|0x00000000d8d00000, 0x00000000d8e00000, 0x00000000d8e00000|100%| E|CS|TAMS 0x00000000d8d00000, 0x00000000d8d00000| Complete 
|1422|0x00000000d8e00000, 0x00000000d8f00000, 0x00000000d8f00000|100%| E|CS|TAMS 0x00000000d8e00000, 0x00000000d8e00000| Complete 
|1423|0x00000000d8f00000, 0x00000000d9000000, 0x00000000d9000000|100%| E|CS|TAMS 0x00000000d8f00000, 0x00000000d8f00000| Complete 
|1424|0x00000000d9000000, 0x00000000d9100000, 0x00000000d9100000|100%| E|CS|TAMS 0x00000000d9000000, 0x00000000d9000000| Complete 
|1425|0x00000000d9100000, 0x00000000d9200000, 0x00000000d9200000|100%| E|CS|TAMS 0x00000000d9100000, 0x00000000d9100000| Complete 
|1426|0x00000000d9200000, 0x00000000d9300000, 0x00000000d9300000|100%| E|CS|TAMS 0x00000000d9200000, 0x00000000d9200000| Complete 
|1427|0x00000000d9300000, 0x00000000d9400000, 0x00000000d9400000|100%| E|CS|TAMS 0x00000000d9300000, 0x00000000d9300000| Complete 
|1428|0x00000000d9400000, 0x00000000d9500000, 0x00000000d9500000|100%| E|CS|TAMS 0x00000000d9400000, 0x00000000d9400000| Complete 
|1429|0x00000000d9500000, 0x00000000d9600000, 0x00000000d9600000|100%| E|CS|TAMS 0x00000000d9500000, 0x00000000d9500000| Complete 
|1430|0x00000000d9600000, 0x00000000d9700000, 0x00000000d9700000|100%| E|CS|TAMS 0x00000000d9600000, 0x00000000d9600000| Complete 
|1431|0x00000000d9700000, 0x00000000d9800000, 0x00000000d9800000|100%| E|CS|TAMS 0x00000000d9700000, 0x00000000d9700000| Complete 
|1432|0x00000000d9800000, 0x00000000d9900000, 0x00000000d9900000|100%| E|CS|TAMS 0x00000000d9800000, 0x00000000d9800000| Complete 
|1433|0x00000000d9900000, 0x00000000d9a00000, 0x00000000d9a00000|100%| E|CS|TAMS 0x00000000d9900000, 0x00000000d9900000| Complete 
|1434|0x00000000d9a00000, 0x00000000d9b00000, 0x00000000d9b00000|100%| E|CS|TAMS 0x00000000d9a00000, 0x00000000d9a00000| Complete 
|1435|0x00000000d9b00000, 0x00000000d9c00000, 0x00000000d9c00000|100%| E|CS|TAMS 0x00000000d9b00000, 0x00000000d9b00000| Complete 
|1436|0x00000000d9c00000, 0x00000000d9d00000, 0x00000000d9d00000|100%| E|CS|TAMS 0x00000000d9c00000, 0x00000000d9c00000| Complete 
|1437|0x00000000d9d00000, 0x00000000d9e00000, 0x00000000d9e00000|100%| E|CS|TAMS 0x00000000d9d00000, 0x00000000d9d00000| Complete 
|1438|0x00000000d9e00000, 0x00000000d9f00000, 0x00000000d9f00000|100%| E|CS|TAMS 0x00000000d9e00000, 0x00000000d9e00000| Complete 
|1439|0x00000000d9f00000, 0x00000000da000000, 0x00000000da000000|100%| E|CS|TAMS 0x00000000d9f00000, 0x00000000d9f00000| Complete 
|1440|0x00000000da000000, 0x00000000da100000, 0x00000000da100000|100%| E|CS|TAMS 0x00000000da000000, 0x00000000da000000| Complete 
|1441|0x00000000da100000, 0x00000000da200000, 0x00000000da200000|100%| E|CS|TAMS 0x00000000da100000, 0x00000000da100000| Complete 
|1442|0x00000000da200000, 0x00000000da300000, 0x00000000da300000|100%| E|CS|TAMS 0x00000000da200000, 0x00000000da200000| Complete 
|1443|0x00000000da300000, 0x00000000da400000, 0x00000000da400000|100%| E|CS|TAMS 0x00000000da300000, 0x00000000da300000| Complete 
|1444|0x00000000da400000, 0x00000000da500000, 0x00000000da500000|100%| E|CS|TAMS 0x00000000da400000, 0x00000000da400000| Complete 
|1445|0x00000000da500000, 0x00000000da600000, 0x00000000da600000|100%| E|CS|TAMS 0x00000000da500000, 0x00000000da500000| Complete 
|1446|0x00000000da600000, 0x00000000da700000, 0x00000000da700000|100%| E|CS|TAMS 0x00000000da600000, 0x00000000da600000| Complete 
|1447|0x00000000da700000, 0x00000000da800000, 0x00000000da800000|100%| E|CS|TAMS 0x00000000da700000, 0x00000000da700000| Complete 
|1448|0x00000000da800000, 0x00000000da900000, 0x00000000da900000|100%| E|CS|TAMS 0x00000000da800000, 0x00000000da800000| Complete 
|1449|0x00000000da900000, 0x00000000daa00000, 0x00000000daa00000|100%| E|CS|TAMS 0x00000000da900000, 0x00000000da900000| Complete 
|1450|0x00000000daa00000, 0x00000000dab00000, 0x00000000dab00000|100%| E|CS|TAMS 0x00000000daa00000, 0x00000000daa00000| Complete 
|1451|0x00000000dab00000, 0x00000000dac00000, 0x00000000dac00000|100%| E|CS|TAMS 0x00000000dab00000, 0x00000000dab00000| Complete 
|1452|0x00000000dac00000, 0x00000000dad00000, 0x00000000dad00000|100%| E|CS|TAMS 0x00000000dac00000, 0x00000000dac00000| Complete 
|1453|0x00000000dad00000, 0x00000000dae00000, 0x00000000dae00000|100%| E|CS|TAMS 0x00000000dad00000, 0x00000000dad00000| Complete 
|1454|0x00000000dae00000, 0x00000000daf00000, 0x00000000daf00000|100%| E|CS|TAMS 0x00000000dae00000, 0x00000000dae00000| Complete 
|1455|0x00000000daf00000, 0x00000000db000000, 0x00000000db000000|100%| E|CS|TAMS 0x00000000daf00000, 0x00000000daf00000| Complete 
|1456|0x00000000db000000, 0x00000000db100000, 0x00000000db100000|100%| E|CS|TAMS 0x00000000db000000, 0x00000000db000000| Complete 
|1457|0x00000000db100000, 0x00000000db200000, 0x00000000db200000|100%| E|CS|TAMS 0x00000000db100000, 0x00000000db100000| Complete 
|1458|0x00000000db200000, 0x00000000db300000, 0x00000000db300000|100%| E|CS|TAMS 0x00000000db200000, 0x00000000db200000| Complete 
|1459|0x00000000db300000, 0x00000000db400000, 0x00000000db400000|100%| E|CS|TAMS 0x00000000db300000, 0x00000000db300000| Complete 
|1460|0x00000000db400000, 0x00000000db500000, 0x00000000db500000|100%| E|CS|TAMS 0x00000000db400000, 0x00000000db400000| Complete 
|1461|0x00000000db500000, 0x00000000db600000, 0x00000000db600000|100%| E|CS|TAMS 0x00000000db500000, 0x00000000db500000| Complete 
|1462|0x00000000db600000, 0x00000000db700000, 0x00000000db700000|100%| E|CS|TAMS 0x00000000db600000, 0x00000000db600000| Complete 
|1463|0x00000000db700000, 0x00000000db800000, 0x00000000db800000|100%| E|CS|TAMS 0x00000000db700000, 0x00000000db700000| Complete 
|1464|0x00000000db800000, 0x00000000db900000, 0x00000000db900000|100%| E|CS|TAMS 0x00000000db800000, 0x00000000db800000| Complete 
|1465|0x00000000db900000, 0x00000000dba00000, 0x00000000dba00000|100%| E|CS|TAMS 0x00000000db900000, 0x00000000db900000| Complete 
|1466|0x00000000dba00000, 0x00000000dbb00000, 0x00000000dbb00000|100%| E|CS|TAMS 0x00000000dba00000, 0x00000000dba00000| Complete 
|1467|0x00000000dbb00000, 0x00000000dbc00000, 0x00000000dbc00000|100%| E|CS|TAMS 0x00000000dbb00000, 0x00000000dbb00000| Complete 
|1468|0x00000000dbc00000, 0x00000000dbd00000, 0x00000000dbd00000|100%| E|CS|TAMS 0x00000000dbc00000, 0x00000000dbc00000| Complete 
|1469|0x00000000dbd00000, 0x00000000dbe00000, 0x00000000dbe00000|100%| E|CS|TAMS 0x00000000dbd00000, 0x00000000dbd00000| Complete 
|1470|0x00000000dbe00000, 0x00000000dbf00000, 0x00000000dbf00000|100%| E|CS|TAMS 0x00000000dbe00000, 0x00000000dbe00000| Complete 
|1471|0x00000000dbf00000, 0x00000000dc000000, 0x00000000dc000000|100%| E|CS|TAMS 0x00000000dbf00000, 0x00000000dbf00000| Complete 
|1472|0x00000000dc000000, 0x00000000dc100000, 0x00000000dc100000|100%| E|CS|TAMS 0x00000000dc000000, 0x00000000dc000000| Complete 
|1473|0x00000000dc100000, 0x00000000dc200000, 0x00000000dc200000|100%| E|CS|TAMS 0x00000000dc100000, 0x00000000dc100000| Complete 
|1474|0x00000000dc200000, 0x00000000dc300000, 0x00000000dc300000|100%| E|CS|TAMS 0x00000000dc200000, 0x00000000dc200000| Complete 
|1475|0x00000000dc300000, 0x00000000dc400000, 0x00000000dc400000|100%| E|CS|TAMS 0x00000000dc300000, 0x00000000dc300000| Complete 
|1476|0x00000000dc400000, 0x00000000dc500000, 0x00000000dc500000|100%| E|CS|TAMS 0x00000000dc400000, 0x00000000dc400000| Complete 
|1477|0x00000000dc500000, 0x00000000dc600000, 0x00000000dc600000|100%| E|CS|TAMS 0x00000000dc500000, 0x00000000dc500000| Complete 
|1478|0x00000000dc600000, 0x00000000dc700000, 0x00000000dc700000|100%| E|CS|TAMS 0x00000000dc600000, 0x00000000dc600000| Complete 
|1479|0x00000000dc700000, 0x00000000dc800000, 0x00000000dc800000|100%| E|CS|TAMS 0x00000000dc700000, 0x00000000dc700000| Complete 
|1480|0x00000000dc800000, 0x00000000dc900000, 0x00000000dc900000|100%| E|CS|TAMS 0x00000000dc800000, 0x00000000dc800000| Complete 
|1481|0x00000000dc900000, 0x00000000dca00000, 0x00000000dca00000|100%| E|CS|TAMS 0x00000000dc900000, 0x00000000dc900000| Complete 
|1482|0x00000000dca00000, 0x00000000dcb00000, 0x00000000dcb00000|100%| E|CS|TAMS 0x00000000dca00000, 0x00000000dca00000| Complete 
|1483|0x00000000dcb00000, 0x00000000dcc00000, 0x00000000dcc00000|100%| E|CS|TAMS 0x00000000dcb00000, 0x00000000dcb00000| Complete 
|1484|0x00000000dcc00000, 0x00000000dcd00000, 0x00000000dcd00000|100%| E|CS|TAMS 0x00000000dcc00000, 0x00000000dcc00000| Complete 
|1485|0x00000000dcd00000, 0x00000000dce00000, 0x00000000dce00000|100%| E|CS|TAMS 0x00000000dcd00000, 0x00000000dcd00000| Complete 
|1486|0x00000000dce00000, 0x00000000dcf00000, 0x00000000dcf00000|100%| E|CS|TAMS 0x00000000dce00000, 0x00000000dce00000| Complete 
|1487|0x00000000dcf00000, 0x00000000dd000000, 0x00000000dd000000|100%| E|CS|TAMS 0x00000000dcf00000, 0x00000000dcf00000| Complete 
|1488|0x00000000dd000000, 0x00000000dd100000, 0x00000000dd100000|100%| E|CS|TAMS 0x00000000dd000000, 0x00000000dd000000| Complete 
|1489|0x00000000dd100000, 0x00000000dd200000, 0x00000000dd200000|100%| E|CS|TAMS 0x00000000dd100000, 0x00000000dd100000| Complete 
|1490|0x00000000dd200000, 0x00000000dd300000, 0x00000000dd300000|100%| E|CS|TAMS 0x00000000dd200000, 0x00000000dd200000| Complete 
|1491|0x00000000dd300000, 0x00000000dd400000, 0x00000000dd400000|100%| E|CS|TAMS 0x00000000dd300000, 0x00000000dd300000| Complete 
|1492|0x00000000dd400000, 0x00000000dd500000, 0x00000000dd500000|100%| E|CS|TAMS 0x00000000dd400000, 0x00000000dd400000| Complete 
|1493|0x00000000dd500000, 0x00000000dd600000, 0x00000000dd600000|100%| E|CS|TAMS 0x00000000dd500000, 0x00000000dd500000| Complete 
|1494|0x00000000dd600000, 0x00000000dd700000, 0x00000000dd700000|100%| E|CS|TAMS 0x00000000dd600000, 0x00000000dd600000| Complete 
|1495|0x00000000dd700000, 0x00000000dd800000, 0x00000000dd800000|100%| E|CS|TAMS 0x00000000dd700000, 0x00000000dd700000| Complete 
|1496|0x00000000dd800000, 0x00000000dd900000, 0x00000000dd900000|100%| E|CS|TAMS 0x00000000dd800000, 0x00000000dd800000| Complete 
|1497|0x00000000dd900000, 0x00000000dda00000, 0x00000000dda00000|100%| E|CS|TAMS 0x00000000dd900000, 0x00000000dd900000| Complete 
|1498|0x00000000dda00000, 0x00000000ddb00000, 0x00000000ddb00000|100%| E|CS|TAMS 0x00000000dda00000, 0x00000000dda00000| Complete 
|1499|0x00000000ddb00000, 0x00000000ddc00000, 0x00000000ddc00000|100%| E|CS|TAMS 0x00000000ddb00000, 0x00000000ddb00000| Complete 
|1500|0x00000000ddc00000, 0x00000000ddd00000, 0x00000000ddd00000|100%| E|CS|TAMS 0x00000000ddc00000, 0x00000000ddc00000| Complete 
|1501|0x00000000ddd00000, 0x00000000dde00000, 0x00000000dde00000|100%| E|CS|TAMS 0x00000000ddd00000, 0x00000000ddd00000| Complete 
|1502|0x00000000dde00000, 0x00000000ddf00000, 0x00000000ddf00000|100%| E|CS|TAMS 0x00000000dde00000, 0x00000000dde00000| Complete 
|1503|0x00000000ddf00000, 0x00000000de000000, 0x00000000de000000|100%| E|CS|TAMS 0x00000000ddf00000, 0x00000000ddf00000| Complete 
|1504|0x00000000de000000, 0x00000000de100000, 0x00000000de100000|100%| E|CS|TAMS 0x00000000de000000, 0x00000000de000000| Complete 
|1505|0x00000000de100000, 0x00000000de200000, 0x00000000de200000|100%| E|CS|TAMS 0x00000000de100000, 0x00000000de100000| Complete 
|1506|0x00000000de200000, 0x00000000de300000, 0x00000000de300000|100%| E|CS|TAMS 0x00000000de200000, 0x00000000de200000| Complete 
|1507|0x00000000de300000, 0x00000000de400000, 0x00000000de400000|100%| E|CS|TAMS 0x00000000de300000, 0x00000000de300000| Complete 
|1508|0x00000000de400000, 0x00000000de500000, 0x00000000de500000|100%| E|CS|TAMS 0x00000000de400000, 0x00000000de400000| Complete 
|1509|0x00000000de500000, 0x00000000de600000, 0x00000000de600000|100%| E|CS|TAMS 0x00000000de500000, 0x00000000de500000| Complete 
|1510|0x00000000de600000, 0x00000000de700000, 0x00000000de700000|100%| E|CS|TAMS 0x00000000de600000, 0x00000000de600000| Complete 
|1511|0x00000000de700000, 0x00000000de800000, 0x00000000de800000|100%| E|CS|TAMS 0x00000000de700000, 0x00000000de700000| Complete 
|1512|0x00000000de800000, 0x00000000de900000, 0x00000000de900000|100%| E|CS|TAMS 0x00000000de800000, 0x00000000de800000| Complete 
|1513|0x00000000de900000, 0x00000000dea00000, 0x00000000dea00000|100%| E|CS|TAMS 0x00000000de900000, 0x00000000de900000| Complete 
|1514|0x00000000dea00000, 0x00000000deb00000, 0x00000000deb00000|100%| E|CS|TAMS 0x00000000dea00000, 0x00000000dea00000| Complete 
|1515|0x00000000deb00000, 0x00000000dec00000, 0x00000000dec00000|100%| E|CS|TAMS 0x00000000deb00000, 0x00000000deb00000| Complete 
|1516|0x00000000dec00000, 0x00000000ded00000, 0x00000000ded00000|100%| E|CS|TAMS 0x00000000dec00000, 0x00000000dec00000| Complete 
|1517|0x00000000ded00000, 0x00000000dee00000, 0x00000000dee00000|100%| E|CS|TAMS 0x00000000ded00000, 0x00000000ded00000| Complete 
|1518|0x00000000dee00000, 0x00000000def00000, 0x00000000def00000|100%| E|CS|TAMS 0x00000000dee00000, 0x00000000dee00000| Complete 
|1519|0x00000000def00000, 0x00000000df000000, 0x00000000df000000|100%| E|CS|TAMS 0x00000000def00000, 0x00000000def00000| Complete 
|1520|0x00000000df000000, 0x00000000df100000, 0x00000000df100000|100%| E|CS|TAMS 0x00000000df000000, 0x00000000df000000| Complete 
|1521|0x00000000df100000, 0x00000000df200000, 0x00000000df200000|100%| E|CS|TAMS 0x00000000df100000, 0x00000000df100000| Complete 
|1522|0x00000000df200000, 0x00000000df300000, 0x00000000df300000|100%| E|CS|TAMS 0x00000000df200000, 0x00000000df200000| Complete 
|1523|0x00000000df300000, 0x00000000df400000, 0x00000000df400000|100%| E|CS|TAMS 0x00000000df300000, 0x00000000df300000| Complete 
|1524|0x00000000df400000, 0x00000000df500000, 0x00000000df500000|100%| E|CS|TAMS 0x00000000df400000, 0x00000000df400000| Complete 
|1525|0x00000000df500000, 0x00000000df600000, 0x00000000df600000|100%| E|CS|TAMS 0x00000000df500000, 0x00000000df500000| Complete 
|1526|0x00000000df600000, 0x00000000df700000, 0x00000000df700000|100%| E|CS|TAMS 0x00000000df600000, 0x00000000df600000| Complete 
|1527|0x00000000df700000, 0x00000000df800000, 0x00000000df800000|100%| E|CS|TAMS 0x00000000df700000, 0x00000000df700000| Complete 
|1528|0x00000000df800000, 0x00000000df900000, 0x00000000df900000|100%| E|CS|TAMS 0x00000000df800000, 0x00000000df800000| Complete 
|1529|0x00000000df900000, 0x00000000dfa00000, 0x00000000dfa00000|100%| E|CS|TAMS 0x00000000df900000, 0x00000000df900000| Complete 
|1530|0x00000000dfa00000, 0x00000000dfb00000, 0x00000000dfb00000|100%| E|CS|TAMS 0x00000000dfa00000, 0x00000000dfa00000| Complete 
|1531|0x00000000dfb00000, 0x00000000dfc00000, 0x00000000dfc00000|100%| E|CS|TAMS 0x00000000dfb00000, 0x00000000dfb00000| Complete 
|1532|0x00000000dfc00000, 0x00000000dfd00000, 0x00000000dfd00000|100%| E|CS|TAMS 0x00000000dfc00000, 0x00000000dfc00000| Complete 
|1533|0x00000000dfd00000, 0x00000000dfe00000, 0x00000000dfe00000|100%| E|CS|TAMS 0x00000000dfd00000, 0x00000000dfd00000| Complete 
|1534|0x00000000dfe00000, 0x00000000dff00000, 0x00000000dff00000|100%| E|CS|TAMS 0x00000000dfe00000, 0x00000000dfe00000| Complete 
|1535|0x00000000dff00000, 0x00000000e0000000, 0x00000000e0000000|100%| E|CS|TAMS 0x00000000dff00000, 0x00000000dff00000| Complete 
|1536|0x00000000e0000000, 0x00000000e0100000, 0x00000000e0100000|100%| E|CS|TAMS 0x00000000e0000000, 0x00000000e0000000| Complete 
|1537|0x00000000e0100000, 0x00000000e0200000, 0x00000000e0200000|100%| E|CS|TAMS 0x00000000e0100000, 0x00000000e0100000| Complete 
|1538|0x00000000e0200000, 0x00000000e0300000, 0x00000000e0300000|100%| E|CS|TAMS 0x00000000e0200000, 0x00000000e0200000| Complete 
|1539|0x00000000e0300000, 0x00000000e0400000, 0x00000000e0400000|100%| E|CS|TAMS 0x00000000e0300000, 0x00000000e0300000| Complete 
|1540|0x00000000e0400000, 0x00000000e0500000, 0x00000000e0500000|100%| E|CS|TAMS 0x00000000e0400000, 0x00000000e0400000| Complete 
|1541|0x00000000e0500000, 0x00000000e0600000, 0x00000000e0600000|100%| E|CS|TAMS 0x00000000e0500000, 0x00000000e0500000| Complete 
|1542|0x00000000e0600000, 0x00000000e0700000, 0x00000000e0700000|100%| E|CS|TAMS 0x00000000e0600000, 0x00000000e0600000| Complete 
|1543|0x00000000e0700000, 0x00000000e0800000, 0x00000000e0800000|100%| E|CS|TAMS 0x00000000e0700000, 0x00000000e0700000| Complete 
|1544|0x00000000e0800000, 0x00000000e0900000, 0x00000000e0900000|100%| E|CS|TAMS 0x00000000e0800000, 0x00000000e0800000| Complete 
|1545|0x00000000e0900000, 0x00000000e0a00000, 0x00000000e0a00000|100%| E|CS|TAMS 0x00000000e0900000, 0x00000000e0900000| Complete 
|1546|0x00000000e0a00000, 0x00000000e0b00000, 0x00000000e0b00000|100%| E|CS|TAMS 0x00000000e0a00000, 0x00000000e0a00000| Complete 
|1547|0x00000000e0b00000, 0x00000000e0c00000, 0x00000000e0c00000|100%| E|CS|TAMS 0x00000000e0b00000, 0x00000000e0b00000| Complete 
|1548|0x00000000e0c00000, 0x00000000e0d00000, 0x00000000e0d00000|100%| E|CS|TAMS 0x00000000e0c00000, 0x00000000e0c00000| Complete 
|1549|0x00000000e0d00000, 0x00000000e0e00000, 0x00000000e0e00000|100%| E|CS|TAMS 0x00000000e0d00000, 0x00000000e0d00000| Complete 
|1550|0x00000000e0e00000, 0x00000000e0f00000, 0x00000000e0f00000|100%| E|CS|TAMS 0x00000000e0e00000, 0x00000000e0e00000| Complete 
|1551|0x00000000e0f00000, 0x00000000e1000000, 0x00000000e1000000|100%| E|CS|TAMS 0x00000000e0f00000, 0x00000000e0f00000| Complete 
|1552|0x00000000e1000000, 0x00000000e1100000, 0x00000000e1100000|100%| E|CS|TAMS 0x00000000e1000000, 0x00000000e1000000| Complete 
|1553|0x00000000e1100000, 0x00000000e1200000, 0x00000000e1200000|100%| E|CS|TAMS 0x00000000e1100000, 0x00000000e1100000| Complete 
|1554|0x00000000e1200000, 0x00000000e1300000, 0x00000000e1300000|100%| E|CS|TAMS 0x00000000e1200000, 0x00000000e1200000| Complete 
|1555|0x00000000e1300000, 0x00000000e1400000, 0x00000000e1400000|100%| E|CS|TAMS 0x00000000e1300000, 0x00000000e1300000| Complete 
|1556|0x00000000e1400000, 0x00000000e1500000, 0x00000000e1500000|100%| E|CS|TAMS 0x00000000e1400000, 0x00000000e1400000| Complete 
|1557|0x00000000e1500000, 0x00000000e1600000, 0x00000000e1600000|100%| E|CS|TAMS 0x00000000e1500000, 0x00000000e1500000| Complete 
|1558|0x00000000e1600000, 0x00000000e1700000, 0x00000000e1700000|100%| E|CS|TAMS 0x00000000e1600000, 0x00000000e1600000| Complete 
|1559|0x00000000e1700000, 0x00000000e1800000, 0x00000000e1800000|100%| E|CS|TAMS 0x00000000e1700000, 0x00000000e1700000| Complete 
|1560|0x00000000e1800000, 0x00000000e1900000, 0x00000000e1900000|100%| E|CS|TAMS 0x00000000e1800000, 0x00000000e1800000| Complete 
|1561|0x00000000e1900000, 0x00000000e1a00000, 0x00000000e1a00000|100%| E|CS|TAMS 0x00000000e1900000, 0x00000000e1900000| Complete 
|1562|0x00000000e1a00000, 0x00000000e1b00000, 0x00000000e1b00000|100%| E|CS|TAMS 0x00000000e1a00000, 0x00000000e1a00000| Complete 
|1563|0x00000000e1b00000, 0x00000000e1c00000, 0x00000000e1c00000|100%| E|CS|TAMS 0x00000000e1b00000, 0x00000000e1b00000| Complete 
|1564|0x00000000e1c00000, 0x00000000e1d00000, 0x00000000e1d00000|100%| E|CS|TAMS 0x00000000e1c00000, 0x00000000e1c00000| Complete 
|1565|0x00000000e1d00000, 0x00000000e1e00000, 0x00000000e1e00000|100%| E|CS|TAMS 0x00000000e1d00000, 0x00000000e1d00000| Complete 
|1566|0x00000000e1e00000, 0x00000000e1f00000, 0x00000000e1f00000|100%| E|CS|TAMS 0x00000000e1e00000, 0x00000000e1e00000| Complete 
|1567|0x00000000e1f00000, 0x00000000e2000000, 0x00000000e2000000|100%| E|CS|TAMS 0x00000000e1f00000, 0x00000000e1f00000| Complete 
|1568|0x00000000e2000000, 0x00000000e2100000, 0x00000000e2100000|100%| E|CS|TAMS 0x00000000e2000000, 0x00000000e2000000| Complete 
|1569|0x00000000e2100000, 0x00000000e2200000, 0x00000000e2200000|100%| E|CS|TAMS 0x00000000e2100000, 0x00000000e2100000| Complete 
|1570|0x00000000e2200000, 0x00000000e2300000, 0x00000000e2300000|100%| E|CS|TAMS 0x00000000e2200000, 0x00000000e2200000| Complete 
|1571|0x00000000e2300000, 0x00000000e2400000, 0x00000000e2400000|100%| E|CS|TAMS 0x00000000e2300000, 0x00000000e2300000| Complete 
|1572|0x00000000e2400000, 0x00000000e2500000, 0x00000000e2500000|100%| E|CS|TAMS 0x00000000e2400000, 0x00000000e2400000| Complete 
|1573|0x00000000e2500000, 0x00000000e2600000, 0x00000000e2600000|100%| E|CS|TAMS 0x00000000e2500000, 0x00000000e2500000| Complete 
|1574|0x00000000e2600000, 0x00000000e2700000, 0x00000000e2700000|100%| E|CS|TAMS 0x00000000e2600000, 0x00000000e2600000| Complete 
|1575|0x00000000e2700000, 0x00000000e2800000, 0x00000000e2800000|100%| E|CS|TAMS 0x00000000e2700000, 0x00000000e2700000| Complete 
|1576|0x00000000e2800000, 0x00000000e2900000, 0x00000000e2900000|100%| E|CS|TAMS 0x00000000e2800000, 0x00000000e2800000| Complete 
|1577|0x00000000e2900000, 0x00000000e2a00000, 0x00000000e2a00000|100%| E|CS|TAMS 0x00000000e2900000, 0x00000000e2900000| Complete 
|1578|0x00000000e2a00000, 0x00000000e2b00000, 0x00000000e2b00000|100%| E|CS|TAMS 0x00000000e2a00000, 0x00000000e2a00000| Complete 
|1579|0x00000000e2b00000, 0x00000000e2c00000, 0x00000000e2c00000|100%| E|CS|TAMS 0x00000000e2b00000, 0x00000000e2b00000| Complete 
|1580|0x00000000e2c00000, 0x00000000e2d00000, 0x00000000e2d00000|100%| E|CS|TAMS 0x00000000e2c00000, 0x00000000e2c00000| Complete 
|1581|0x00000000e2d00000, 0x00000000e2e00000, 0x00000000e2e00000|100%| E|CS|TAMS 0x00000000e2d00000, 0x00000000e2d00000| Complete 
|1582|0x00000000e2e00000, 0x00000000e2f00000, 0x00000000e2f00000|100%| E|CS|TAMS 0x00000000e2e00000, 0x00000000e2e00000| Complete 
|1583|0x00000000e2f00000, 0x00000000e3000000, 0x00000000e3000000|100%| E|CS|TAMS 0x00000000e2f00000, 0x00000000e2f00000| Complete 
|1584|0x00000000e3000000, 0x00000000e3100000, 0x00000000e3100000|100%| E|CS|TAMS 0x00000000e3000000, 0x00000000e3000000| Complete 
|1585|0x00000000e3100000, 0x00000000e3200000, 0x00000000e3200000|100%| E|CS|TAMS 0x00000000e3100000, 0x00000000e3100000| Complete 
|1586|0x00000000e3200000, 0x00000000e3300000, 0x00000000e3300000|100%| E|CS|TAMS 0x00000000e3200000, 0x00000000e3200000| Complete 
|1587|0x00000000e3300000, 0x00000000e3400000, 0x00000000e3400000|100%| E|CS|TAMS 0x00000000e3300000, 0x00000000e3300000| Complete 
|1588|0x00000000e3400000, 0x00000000e3500000, 0x00000000e3500000|100%| E|CS|TAMS 0x00000000e3400000, 0x00000000e3400000| Complete 
|1589|0x00000000e3500000, 0x00000000e3600000, 0x00000000e3600000|100%| E|CS|TAMS 0x00000000e3500000, 0x00000000e3500000| Complete 
|1590|0x00000000e3600000, 0x00000000e3700000, 0x00000000e3700000|100%| E|CS|TAMS 0x00000000e3600000, 0x00000000e3600000| Complete 
|1591|0x00000000e3700000, 0x00000000e3800000, 0x00000000e3800000|100%| E|CS|TAMS 0x00000000e3700000, 0x00000000e3700000| Complete 
|1592|0x00000000e3800000, 0x00000000e3900000, 0x00000000e3900000|100%| E|CS|TAMS 0x00000000e3800000, 0x00000000e3800000| Complete 
|1593|0x00000000e3900000, 0x00000000e3a00000, 0x00000000e3a00000|100%| E|CS|TAMS 0x00000000e3900000, 0x00000000e3900000| Complete 
|1594|0x00000000e3a00000, 0x00000000e3b00000, 0x00000000e3b00000|100%| E|CS|TAMS 0x00000000e3a00000, 0x00000000e3a00000| Complete 
|1595|0x00000000e3b00000, 0x00000000e3c00000, 0x00000000e3c00000|100%| E|CS|TAMS 0x00000000e3b00000, 0x00000000e3b00000| Complete 
|1596|0x00000000e3c00000, 0x00000000e3d00000, 0x00000000e3d00000|100%| E|CS|TAMS 0x00000000e3c00000, 0x00000000e3c00000| Complete 
|1597|0x00000000e3d00000, 0x00000000e3e00000, 0x00000000e3e00000|100%| E|CS|TAMS 0x00000000e3d00000, 0x00000000e3d00000| Complete 
|1598|0x00000000e3e00000, 0x00000000e3f00000, 0x00000000e3f00000|100%| E|CS|TAMS 0x00000000e3e00000, 0x00000000e3e00000| Complete 
|1599|0x00000000e3f00000, 0x00000000e4000000, 0x00000000e4000000|100%| E|CS|TAMS 0x00000000e3f00000, 0x00000000e3f00000| Complete 
|1600|0x00000000e4000000, 0x00000000e4100000, 0x00000000e4100000|100%| E|CS|TAMS 0x00000000e4000000, 0x00000000e4000000| Complete 
|1601|0x00000000e4100000, 0x00000000e4200000, 0x00000000e4200000|100%| E|CS|TAMS 0x00000000e4100000, 0x00000000e4100000| Complete 
|1602|0x00000000e4200000, 0x00000000e4300000, 0x00000000e4300000|100%| E|CS|TAMS 0x00000000e4200000, 0x00000000e4200000| Complete 
|1603|0x00000000e4300000, 0x00000000e4400000, 0x00000000e4400000|100%| E|CS|TAMS 0x00000000e4300000, 0x00000000e4300000| Complete 
|1604|0x00000000e4400000, 0x00000000e4500000, 0x00000000e4500000|100%| E|CS|TAMS 0x00000000e4400000, 0x00000000e4400000| Complete 
|1605|0x00000000e4500000, 0x00000000e4600000, 0x00000000e4600000|100%| E|CS|TAMS 0x00000000e4500000, 0x00000000e4500000| Complete 
|1606|0x00000000e4600000, 0x00000000e4700000, 0x00000000e4700000|100%| E|CS|TAMS 0x00000000e4600000, 0x00000000e4600000| Complete 
|1607|0x00000000e4700000, 0x00000000e4800000, 0x00000000e4800000|100%| E|CS|TAMS 0x00000000e4700000, 0x00000000e4700000| Complete 
|1608|0x00000000e4800000, 0x00000000e4900000, 0x00000000e4900000|100%| E|CS|TAMS 0x00000000e4800000, 0x00000000e4800000| Complete 
|1609|0x00000000e4900000, 0x00000000e4a00000, 0x00000000e4a00000|100%| E|CS|TAMS 0x00000000e4900000, 0x00000000e4900000| Complete 
|1610|0x00000000e4a00000, 0x00000000e4b00000, 0x00000000e4b00000|100%| E|CS|TAMS 0x00000000e4a00000, 0x00000000e4a00000| Complete 
|1611|0x00000000e4b00000, 0x00000000e4c00000, 0x00000000e4c00000|100%| E|CS|TAMS 0x00000000e4b00000, 0x00000000e4b00000| Complete 
|1612|0x00000000e4c00000, 0x00000000e4d00000, 0x00000000e4d00000|100%| E|CS|TAMS 0x00000000e4c00000, 0x00000000e4c00000| Complete 
|1613|0x00000000e4d00000, 0x00000000e4e00000, 0x00000000e4e00000|100%| E|CS|TAMS 0x00000000e4d00000, 0x00000000e4d00000| Complete 
|1614|0x00000000e4e00000, 0x00000000e4f00000, 0x00000000e4f00000|100%| E|CS|TAMS 0x00000000e4e00000, 0x00000000e4e00000| Complete 
|1615|0x00000000e4f00000, 0x00000000e5000000, 0x00000000e5000000|100%| E|CS|TAMS 0x00000000e4f00000, 0x00000000e4f00000| Complete 
|1616|0x00000000e5000000, 0x00000000e5100000, 0x00000000e5100000|100%| E|CS|TAMS 0x00000000e5000000, 0x00000000e5000000| Complete 
|1617|0x00000000e5100000, 0x00000000e5200000, 0x00000000e5200000|100%| E|CS|TAMS 0x00000000e5100000, 0x00000000e5100000| Complete 
|1618|0x00000000e5200000, 0x00000000e5300000, 0x00000000e5300000|100%| E|CS|TAMS 0x00000000e5200000, 0x00000000e5200000| Complete 
|1619|0x00000000e5300000, 0x00000000e5400000, 0x00000000e5400000|100%| E|CS|TAMS 0x00000000e5300000, 0x00000000e5300000| Complete 
|1620|0x00000000e5400000, 0x00000000e5500000, 0x00000000e5500000|100%| E|CS|TAMS 0x00000000e5400000, 0x00000000e5400000| Complete 
|1621|0x00000000e5500000, 0x00000000e5600000, 0x00000000e5600000|100%| E|CS|TAMS 0x00000000e5500000, 0x00000000e5500000| Complete 
|1622|0x00000000e5600000, 0x00000000e5700000, 0x00000000e5700000|100%| E|CS|TAMS 0x00000000e5600000, 0x00000000e5600000| Complete 
|1623|0x00000000e5700000, 0x00000000e5800000, 0x00000000e5800000|100%| E|CS|TAMS 0x00000000e5700000, 0x00000000e5700000| Complete 
|1624|0x00000000e5800000, 0x00000000e5900000, 0x00000000e5900000|100%| E|CS|TAMS 0x00000000e5800000, 0x00000000e5800000| Complete 
|1625|0x00000000e5900000, 0x00000000e5a00000, 0x00000000e5a00000|100%| E|CS|TAMS 0x00000000e5900000, 0x00000000e5900000| Complete 
|1626|0x00000000e5a00000, 0x00000000e5b00000, 0x00000000e5b00000|100%| E|CS|TAMS 0x00000000e5a00000, 0x00000000e5a00000| Complete 
|1627|0x00000000e5b00000, 0x00000000e5c00000, 0x00000000e5c00000|100%| E|CS|TAMS 0x00000000e5b00000, 0x00000000e5b00000| Complete 
|1628|0x00000000e5c00000, 0x00000000e5d00000, 0x00000000e5d00000|100%| E|CS|TAMS 0x00000000e5c00000, 0x00000000e5c00000| Complete 
|1629|0x00000000e5d00000, 0x00000000e5e00000, 0x00000000e5e00000|100%| E|CS|TAMS 0x00000000e5d00000, 0x00000000e5d00000| Complete 
|1630|0x00000000e5e00000, 0x00000000e5f00000, 0x00000000e5f00000|100%| E|CS|TAMS 0x00000000e5e00000, 0x00000000e5e00000| Complete 
|1631|0x00000000e5f00000, 0x00000000e6000000, 0x00000000e6000000|100%| E|CS|TAMS 0x00000000e5f00000, 0x00000000e5f00000| Complete 
|1632|0x00000000e6000000, 0x00000000e6100000, 0x00000000e6100000|100%| E|CS|TAMS 0x00000000e6000000, 0x00000000e6000000| Complete 
|1633|0x00000000e6100000, 0x00000000e6200000, 0x00000000e6200000|100%| E|CS|TAMS 0x00000000e6100000, 0x00000000e6100000| Complete 
|1634|0x00000000e6200000, 0x00000000e6300000, 0x00000000e6300000|100%| E|CS|TAMS 0x00000000e6200000, 0x00000000e6200000| Complete 
|1635|0x00000000e6300000, 0x00000000e6400000, 0x00000000e6400000|100%| E|CS|TAMS 0x00000000e6300000, 0x00000000e6300000| Complete 
|1636|0x00000000e6400000, 0x00000000e6500000, 0x00000000e6500000|100%| E|CS|TAMS 0x00000000e6400000, 0x00000000e6400000| Complete 
|1637|0x00000000e6500000, 0x00000000e6600000, 0x00000000e6600000|100%| E|CS|TAMS 0x00000000e6500000, 0x00000000e6500000| Complete 
|1638|0x00000000e6600000, 0x00000000e6700000, 0x00000000e6700000|100%| E|CS|TAMS 0x00000000e6600000, 0x00000000e6600000| Complete 
|1639|0x00000000e6700000, 0x00000000e6800000, 0x00000000e6800000|100%| E|CS|TAMS 0x00000000e6700000, 0x00000000e6700000| Complete 
|1640|0x00000000e6800000, 0x00000000e6900000, 0x00000000e6900000|100%| E|CS|TAMS 0x00000000e6800000, 0x00000000e6800000| Complete 
|1641|0x00000000e6900000, 0x00000000e6a00000, 0x00000000e6a00000|100%| E|CS|TAMS 0x00000000e6900000, 0x00000000e6900000| Complete 
|1642|0x00000000e6a00000, 0x00000000e6b00000, 0x00000000e6b00000|100%| E|CS|TAMS 0x00000000e6a00000, 0x00000000e6a00000| Complete 
|1643|0x00000000e6b00000, 0x00000000e6c00000, 0x00000000e6c00000|100%| E|CS|TAMS 0x00000000e6b00000, 0x00000000e6b00000| Complete 
|1644|0x00000000e6c00000, 0x00000000e6d00000, 0x00000000e6d00000|100%| E|CS|TAMS 0x00000000e6c00000, 0x00000000e6c00000| Complete 
|1645|0x00000000e6d00000, 0x00000000e6e00000, 0x00000000e6e00000|100%| E|CS|TAMS 0x00000000e6d00000, 0x00000000e6d00000| Complete 
|1646|0x00000000e6e00000, 0x00000000e6f00000, 0x00000000e6f00000|100%| E|CS|TAMS 0x00000000e6e00000, 0x00000000e6e00000| Complete 
|1647|0x00000000e6f00000, 0x00000000e7000000, 0x00000000e7000000|100%| E|CS|TAMS 0x00000000e6f00000, 0x00000000e6f00000| Complete 
|1648|0x00000000e7000000, 0x00000000e7100000, 0x00000000e7100000|100%| E|CS|TAMS 0x00000000e7000000, 0x00000000e7000000| Complete 
|1649|0x00000000e7100000, 0x00000000e7200000, 0x00000000e7200000|100%| E|CS|TAMS 0x00000000e7100000, 0x00000000e7100000| Complete 
|1650|0x00000000e7200000, 0x00000000e7300000, 0x00000000e7300000|100%| E|CS|TAMS 0x00000000e7200000, 0x00000000e7200000| Complete 
|1651|0x00000000e7300000, 0x00000000e7400000, 0x00000000e7400000|100%| E|CS|TAMS 0x00000000e7300000, 0x00000000e7300000| Complete 
|1652|0x00000000e7400000, 0x00000000e7500000, 0x00000000e7500000|100%| E|CS|TAMS 0x00000000e7400000, 0x00000000e7400000| Complete 
|1653|0x00000000e7500000, 0x00000000e7600000, 0x00000000e7600000|100%| E|CS|TAMS 0x00000000e7500000, 0x00000000e7500000| Complete 
|1654|0x00000000e7600000, 0x00000000e7700000, 0x00000000e7700000|100%| E|CS|TAMS 0x00000000e7600000, 0x00000000e7600000| Complete 
|1655|0x00000000e7700000, 0x00000000e7800000, 0x00000000e7800000|100%| E|CS|TAMS 0x00000000e7700000, 0x00000000e7700000| Complete 
|1656|0x00000000e7800000, 0x00000000e7900000, 0x00000000e7900000|100%| E|CS|TAMS 0x00000000e7800000, 0x00000000e7800000| Complete 
|1657|0x00000000e7900000, 0x00000000e7a00000, 0x00000000e7a00000|100%| E|CS|TAMS 0x00000000e7900000, 0x00000000e7900000| Complete 
|1658|0x00000000e7a00000, 0x00000000e7b00000, 0x00000000e7b00000|100%| E|CS|TAMS 0x00000000e7a00000, 0x00000000e7a00000| Complete 
|1659|0x00000000e7b00000, 0x00000000e7c00000, 0x00000000e7c00000|100%| E|CS|TAMS 0x00000000e7b00000, 0x00000000e7b00000| Complete 
|1660|0x00000000e7c00000, 0x00000000e7d00000, 0x00000000e7d00000|100%| E|CS|TAMS 0x00000000e7c00000, 0x00000000e7c00000| Complete 
|1661|0x00000000e7d00000, 0x00000000e7e00000, 0x00000000e7e00000|100%| E|CS|TAMS 0x00000000e7d00000, 0x00000000e7d00000| Complete 
|1662|0x00000000e7e00000, 0x00000000e7f00000, 0x00000000e7f00000|100%| E|CS|TAMS 0x00000000e7e00000, 0x00000000e7e00000| Complete 
|1663|0x00000000e7f00000, 0x00000000e8000000, 0x00000000e8000000|100%| E|CS|TAMS 0x00000000e7f00000, 0x00000000e7f00000| Complete 
|1664|0x00000000e8000000, 0x00000000e8100000, 0x00000000e8100000|100%| E|CS|TAMS 0x00000000e8000000, 0x00000000e8000000| Complete 
|1665|0x00000000e8100000, 0x00000000e8200000, 0x00000000e8200000|100%| E|CS|TAMS 0x00000000e8100000, 0x00000000e8100000| Complete 
|1666|0x00000000e8200000, 0x00000000e8300000, 0x00000000e8300000|100%| E|CS|TAMS 0x00000000e8200000, 0x00000000e8200000| Complete 
|1667|0x00000000e8300000, 0x00000000e8400000, 0x00000000e8400000|100%| E|CS|TAMS 0x00000000e8300000, 0x00000000e8300000| Complete 
|1668|0x00000000e8400000, 0x00000000e8500000, 0x00000000e8500000|100%| E|CS|TAMS 0x00000000e8400000, 0x00000000e8400000| Complete 
|1669|0x00000000e8500000, 0x00000000e8600000, 0x00000000e8600000|100%| E|CS|TAMS 0x00000000e8500000, 0x00000000e8500000| Complete 
|1670|0x00000000e8600000, 0x00000000e8700000, 0x00000000e8700000|100%| E|CS|TAMS 0x00000000e8600000, 0x00000000e8600000| Complete 
|1671|0x00000000e8700000, 0x00000000e8800000, 0x00000000e8800000|100%| E|CS|TAMS 0x00000000e8700000, 0x00000000e8700000| Complete 
|1672|0x00000000e8800000, 0x00000000e8900000, 0x00000000e8900000|100%| E|CS|TAMS 0x00000000e8800000, 0x00000000e8800000| Complete 
|1673|0x00000000e8900000, 0x00000000e8a00000, 0x00000000e8a00000|100%| E|CS|TAMS 0x00000000e8900000, 0x00000000e8900000| Complete 
|1674|0x00000000e8a00000, 0x00000000e8b00000, 0x00000000e8b00000|100%| E|CS|TAMS 0x00000000e8a00000, 0x00000000e8a00000| Complete 
|1675|0x00000000e8b00000, 0x00000000e8c00000, 0x00000000e8c00000|100%| E|CS|TAMS 0x00000000e8b00000, 0x00000000e8b00000| Complete 
|1676|0x00000000e8c00000, 0x00000000e8d00000, 0x00000000e8d00000|100%| E|CS|TAMS 0x00000000e8c00000, 0x00000000e8c00000| Complete 
|1677|0x00000000e8d00000, 0x00000000e8e00000, 0x00000000e8e00000|100%| E|CS|TAMS 0x00000000e8d00000, 0x00000000e8d00000| Complete 
|1678|0x00000000e8e00000, 0x00000000e8f00000, 0x00000000e8f00000|100%| E|CS|TAMS 0x00000000e8e00000, 0x00000000e8e00000| Complete 
|1679|0x00000000e8f00000, 0x00000000e9000000, 0x00000000e9000000|100%| E|CS|TAMS 0x00000000e8f00000, 0x00000000e8f00000| Complete 
|1680|0x00000000e9000000, 0x00000000e9100000, 0x00000000e9100000|100%| E|CS|TAMS 0x00000000e9000000, 0x00000000e9000000| Complete 
|1681|0x00000000e9100000, 0x00000000e9200000, 0x00000000e9200000|100%| E|CS|TAMS 0x00000000e9100000, 0x00000000e9100000| Complete 
|1682|0x00000000e9200000, 0x00000000e9300000, 0x00000000e9300000|100%| E|CS|TAMS 0x00000000e9200000, 0x00000000e9200000| Complete 
|1683|0x00000000e9300000, 0x00000000e9400000, 0x00000000e9400000|100%| E|CS|TAMS 0x00000000e9300000, 0x00000000e9300000| Complete 
|1684|0x00000000e9400000, 0x00000000e9500000, 0x00000000e9500000|100%| E|CS|TAMS 0x00000000e9400000, 0x00000000e9400000| Complete 
|1685|0x00000000e9500000, 0x00000000e9600000, 0x00000000e9600000|100%| E|CS|TAMS 0x00000000e9500000, 0x00000000e9500000| Complete 
|1686|0x00000000e9600000, 0x00000000e9700000, 0x00000000e9700000|100%| E|CS|TAMS 0x00000000e9600000, 0x00000000e9600000| Complete 
|1687|0x00000000e9700000, 0x00000000e9800000, 0x00000000e9800000|100%| E|CS|TAMS 0x00000000e9700000, 0x00000000e9700000| Complete 
|1688|0x00000000e9800000, 0x00000000e9900000, 0x00000000e9900000|100%| E|CS|TAMS 0x00000000e9800000, 0x00000000e9800000| Complete 
|1689|0x00000000e9900000, 0x00000000e9a00000, 0x00000000e9a00000|100%| E|CS|TAMS 0x00000000e9900000, 0x00000000e9900000| Complete 
|1690|0x00000000e9a00000, 0x00000000e9b00000, 0x00000000e9b00000|100%| E|CS|TAMS 0x00000000e9a00000, 0x00000000e9a00000| Complete 
|1691|0x00000000e9b00000, 0x00000000e9c00000, 0x00000000e9c00000|100%| E|CS|TAMS 0x00000000e9b00000, 0x00000000e9b00000| Complete 
|1692|0x00000000e9c00000, 0x00000000e9d00000, 0x00000000e9d00000|100%| E|CS|TAMS 0x00000000e9c00000, 0x00000000e9c00000| Complete 
|1693|0x00000000e9d00000, 0x00000000e9e00000, 0x00000000e9e00000|100%| E|CS|TAMS 0x00000000e9d00000, 0x00000000e9d00000| Complete 
|1694|0x00000000e9e00000, 0x00000000e9f00000, 0x00000000e9f00000|100%| E|CS|TAMS 0x00000000e9e00000, 0x00000000e9e00000| Complete 
|1695|0x00000000e9f00000, 0x00000000ea000000, 0x00000000ea000000|100%| E|CS|TAMS 0x00000000e9f00000, 0x00000000e9f00000| Complete 
|1696|0x00000000ea000000, 0x00000000ea100000, 0x00000000ea100000|100%| E|CS|TAMS 0x00000000ea000000, 0x00000000ea000000| Complete 
|1697|0x00000000ea100000, 0x00000000ea200000, 0x00000000ea200000|100%| E|CS|TAMS 0x00000000ea100000, 0x00000000ea100000| Complete 
|1698|0x00000000ea200000, 0x00000000ea300000, 0x00000000ea300000|100%| E|CS|TAMS 0x00000000ea200000, 0x00000000ea200000| Complete 
|1699|0x00000000ea300000, 0x00000000ea400000, 0x00000000ea400000|100%| E|CS|TAMS 0x00000000ea300000, 0x00000000ea300000| Complete 
|1700|0x00000000ea400000, 0x00000000ea500000, 0x00000000ea500000|100%| E|CS|TAMS 0x00000000ea400000, 0x00000000ea400000| Complete 
|1701|0x00000000ea500000, 0x00000000ea600000, 0x00000000ea600000|100%| E|CS|TAMS 0x00000000ea500000, 0x00000000ea500000| Complete 
|1702|0x00000000ea600000, 0x00000000ea700000, 0x00000000ea700000|100%| E|CS|TAMS 0x00000000ea600000, 0x00000000ea600000| Complete 
|1703|0x00000000ea700000, 0x00000000ea800000, 0x00000000ea800000|100%| E|CS|TAMS 0x00000000ea700000, 0x00000000ea700000| Complete 
|1704|0x00000000ea800000, 0x00000000ea900000, 0x00000000ea900000|100%| E|CS|TAMS 0x00000000ea800000, 0x00000000ea800000| Complete 
|1705|0x00000000ea900000, 0x00000000eaa00000, 0x00000000eaa00000|100%| E|CS|TAMS 0x00000000ea900000, 0x00000000ea900000| Complete 
|1706|0x00000000eaa00000, 0x00000000eab00000, 0x00000000eab00000|100%| E|CS|TAMS 0x00000000eaa00000, 0x00000000eaa00000| Complete 
|1707|0x00000000eab00000, 0x00000000eac00000, 0x00000000eac00000|100%| E|CS|TAMS 0x00000000eab00000, 0x00000000eab00000| Complete 
|1708|0x00000000eac00000, 0x00000000ead00000, 0x00000000ead00000|100%| E|CS|TAMS 0x00000000eac00000, 0x00000000eac00000| Complete 
|1709|0x00000000ead00000, 0x00000000eae00000, 0x00000000eae00000|100%| E|CS|TAMS 0x00000000ead00000, 0x00000000ead00000| Complete 
|1710|0x00000000eae00000, 0x00000000eaf00000, 0x00000000eaf00000|100%| E|CS|TAMS 0x00000000eae00000, 0x00000000eae00000| Complete 
|1711|0x00000000eaf00000, 0x00000000eb000000, 0x00000000eb000000|100%| E|CS|TAMS 0x00000000eaf00000, 0x00000000eaf00000| Complete 
|1712|0x00000000eb000000, 0x00000000eb100000, 0x00000000eb100000|100%| E|CS|TAMS 0x00000000eb000000, 0x00000000eb000000| Complete 
|1713|0x00000000eb100000, 0x00000000eb200000, 0x00000000eb200000|100%| E|CS|TAMS 0x00000000eb100000, 0x00000000eb100000| Complete 
|1714|0x00000000eb200000, 0x00000000eb300000, 0x00000000eb300000|100%| E|CS|TAMS 0x00000000eb200000, 0x00000000eb200000| Complete 
|1715|0x00000000eb300000, 0x00000000eb400000, 0x00000000eb400000|100%| E|CS|TAMS 0x00000000eb300000, 0x00000000eb300000| Complete 
|1716|0x00000000eb400000, 0x00000000eb500000, 0x00000000eb500000|100%| E|CS|TAMS 0x00000000eb400000, 0x00000000eb400000| Complete 
|1717|0x00000000eb500000, 0x00000000eb600000, 0x00000000eb600000|100%| E|CS|TAMS 0x00000000eb500000, 0x00000000eb500000| Complete 
|1718|0x00000000eb600000, 0x00000000eb700000, 0x00000000eb700000|100%| E|CS|TAMS 0x00000000eb600000, 0x00000000eb600000| Complete 
|1719|0x00000000eb700000, 0x00000000eb800000, 0x00000000eb800000|100%| E|CS|TAMS 0x00000000eb700000, 0x00000000eb700000| Complete 
|1720|0x00000000eb800000, 0x00000000eb900000, 0x00000000eb900000|100%| E|CS|TAMS 0x00000000eb800000, 0x00000000eb800000| Complete 
|1721|0x00000000eb900000, 0x00000000eba00000, 0x00000000eba00000|100%| E|CS|TAMS 0x00000000eb900000, 0x00000000eb900000| Complete 
|1722|0x00000000eba00000, 0x00000000ebb00000, 0x00000000ebb00000|100%| E|CS|TAMS 0x00000000eba00000, 0x00000000eba00000| Complete 
|1723|0x00000000ebb00000, 0x00000000ebc00000, 0x00000000ebc00000|100%| E|CS|TAMS 0x00000000ebb00000, 0x00000000ebb00000| Complete 
|1724|0x00000000ebc00000, 0x00000000ebd00000, 0x00000000ebd00000|100%| E|CS|TAMS 0x00000000ebc00000, 0x00000000ebc00000| Complete 
|1725|0x00000000ebd00000, 0x00000000ebe00000, 0x00000000ebe00000|100%| E|CS|TAMS 0x00000000ebd00000, 0x00000000ebd00000| Complete 
|1726|0x00000000ebe00000, 0x00000000ebf00000, 0x00000000ebf00000|100%| E|CS|TAMS 0x00000000ebe00000, 0x00000000ebe00000| Complete 
|1727|0x00000000ebf00000, 0x00000000ec000000, 0x00000000ec000000|100%| E|CS|TAMS 0x00000000ebf00000, 0x00000000ebf00000| Complete 
|1728|0x00000000ec000000, 0x00000000ec100000, 0x00000000ec100000|100%| E|CS|TAMS 0x00000000ec000000, 0x00000000ec000000| Complete 
|1729|0x00000000ec100000, 0x00000000ec200000, 0x00000000ec200000|100%| E|CS|TAMS 0x00000000ec100000, 0x00000000ec100000| Complete 
|1730|0x00000000ec200000, 0x00000000ec300000, 0x00000000ec300000|100%| E|CS|TAMS 0x00000000ec200000, 0x00000000ec200000| Complete 
|1731|0x00000000ec300000, 0x00000000ec400000, 0x00000000ec400000|100%| E|CS|TAMS 0x00000000ec300000, 0x00000000ec300000| Complete 
|1732|0x00000000ec400000, 0x00000000ec500000, 0x00000000ec500000|100%| E|CS|TAMS 0x00000000ec400000, 0x00000000ec400000| Complete 
|1733|0x00000000ec500000, 0x00000000ec600000, 0x00000000ec600000|100%| E|CS|TAMS 0x00000000ec500000, 0x00000000ec500000| Complete 
|1734|0x00000000ec600000, 0x00000000ec700000, 0x00000000ec700000|100%| E|CS|TAMS 0x00000000ec600000, 0x00000000ec600000| Complete 
|1735|0x00000000ec700000, 0x00000000ec800000, 0x00000000ec800000|100%| E|CS|TAMS 0x00000000ec700000, 0x00000000ec700000| Complete 
|1736|0x00000000ec800000, 0x00000000ec900000, 0x00000000ec900000|100%| E|CS|TAMS 0x00000000ec800000, 0x00000000ec800000| Complete 
|1737|0x00000000ec900000, 0x00000000eca00000, 0x00000000eca00000|100%| E|CS|TAMS 0x00000000ec900000, 0x00000000ec900000| Complete 
|1738|0x00000000eca00000, 0x00000000ecb00000, 0x00000000ecb00000|100%| E|CS|TAMS 0x00000000eca00000, 0x00000000eca00000| Complete 
|1739|0x00000000ecb00000, 0x00000000ecc00000, 0x00000000ecc00000|100%| E|CS|TAMS 0x00000000ecb00000, 0x00000000ecb00000| Complete 
|1740|0x00000000ecc00000, 0x00000000ecd00000, 0x00000000ecd00000|100%| E|CS|TAMS 0x00000000ecc00000, 0x00000000ecc00000| Complete 
|1741|0x00000000ecd00000, 0x00000000ece00000, 0x00000000ece00000|100%| E|CS|TAMS 0x00000000ecd00000, 0x00000000ecd00000| Complete 
|1742|0x00000000ece00000, 0x00000000ecf00000, 0x00000000ecf00000|100%| E|CS|TAMS 0x00000000ece00000, 0x00000000ece00000| Complete 
|1743|0x00000000ecf00000, 0x00000000ed000000, 0x00000000ed000000|100%| E|CS|TAMS 0x00000000ecf00000, 0x00000000ecf00000| Complete 
|1744|0x00000000ed000000, 0x00000000ed100000, 0x00000000ed100000|100%| E|CS|TAMS 0x00000000ed000000, 0x00000000ed000000| Complete 
|1745|0x00000000ed100000, 0x00000000ed200000, 0x00000000ed200000|100%| E|CS|TAMS 0x00000000ed100000, 0x00000000ed100000| Complete 
|1746|0x00000000ed200000, 0x00000000ed300000, 0x00000000ed300000|100%| E|CS|TAMS 0x00000000ed200000, 0x00000000ed200000| Complete 
|1747|0x00000000ed300000, 0x00000000ed400000, 0x00000000ed400000|100%| E|CS|TAMS 0x00000000ed300000, 0x00000000ed300000| Complete 
|1748|0x00000000ed400000, 0x00000000ed500000, 0x00000000ed500000|100%| E|CS|TAMS 0x00000000ed400000, 0x00000000ed400000| Complete 
|1749|0x00000000ed500000, 0x00000000ed600000, 0x00000000ed600000|100%| E|CS|TAMS 0x00000000ed500000, 0x00000000ed500000| Complete 
|1750|0x00000000ed600000, 0x00000000ed700000, 0x00000000ed700000|100%| E|CS|TAMS 0x00000000ed600000, 0x00000000ed600000| Complete 
|1751|0x00000000ed700000, 0x00000000ed800000, 0x00000000ed800000|100%| E|CS|TAMS 0x00000000ed700000, 0x00000000ed700000| Complete 
|1752|0x00000000ed800000, 0x00000000ed900000, 0x00000000ed900000|100%| E|CS|TAMS 0x00000000ed800000, 0x00000000ed800000| Complete 
|1753|0x00000000ed900000, 0x00000000eda00000, 0x00000000eda00000|100%| E|CS|TAMS 0x00000000ed900000, 0x00000000ed900000| Complete 
|1754|0x00000000eda00000, 0x00000000edb00000, 0x00000000edb00000|100%| E|CS|TAMS 0x00000000eda00000, 0x00000000eda00000| Complete 
|1755|0x00000000edb00000, 0x00000000edc00000, 0x00000000edc00000|100%| E|CS|TAMS 0x00000000edb00000, 0x00000000edb00000| Complete 
|1756|0x00000000edc00000, 0x00000000edd00000, 0x00000000edd00000|100%| E|CS|TAMS 0x00000000edc00000, 0x00000000edc00000| Complete 
|1757|0x00000000edd00000, 0x00000000ede00000, 0x00000000ede00000|100%| E|CS|TAMS 0x00000000edd00000, 0x00000000edd00000| Complete 
|1758|0x00000000ede00000, 0x00000000edf00000, 0x00000000edf00000|100%| E|CS|TAMS 0x00000000ede00000, 0x00000000ede00000| Complete 
|1759|0x00000000edf00000, 0x00000000ee000000, 0x00000000ee000000|100%| E|CS|TAMS 0x00000000edf00000, 0x00000000edf00000| Complete 
|1760|0x00000000ee000000, 0x00000000ee100000, 0x00000000ee100000|100%| E|CS|TAMS 0x00000000ee000000, 0x00000000ee000000| Complete 
|1761|0x00000000ee100000, 0x00000000ee200000, 0x00000000ee200000|100%| E|CS|TAMS 0x00000000ee100000, 0x00000000ee100000| Complete 
|1762|0x00000000ee200000, 0x00000000ee300000, 0x00000000ee300000|100%| E|CS|TAMS 0x00000000ee200000, 0x00000000ee200000| Complete 
|1763|0x00000000ee300000, 0x00000000ee400000, 0x00000000ee400000|100%| E|CS|TAMS 0x00000000ee300000, 0x00000000ee300000| Complete 
|1764|0x00000000ee400000, 0x00000000ee500000, 0x00000000ee500000|100%| E|CS|TAMS 0x00000000ee400000, 0x00000000ee400000| Complete 
|1765|0x00000000ee500000, 0x00000000ee600000, 0x00000000ee600000|100%| E|CS|TAMS 0x00000000ee500000, 0x00000000ee500000| Complete 
|1766|0x00000000ee600000, 0x00000000ee700000, 0x00000000ee700000|100%| E|CS|TAMS 0x00000000ee600000, 0x00000000ee600000| Complete 
|1767|0x00000000ee700000, 0x00000000ee800000, 0x00000000ee800000|100%| E|CS|TAMS 0x00000000ee700000, 0x00000000ee700000| Complete 
|1768|0x00000000ee800000, 0x00000000ee900000, 0x00000000ee900000|100%| E|CS|TAMS 0x00000000ee800000, 0x00000000ee800000| Complete 
|1769|0x00000000ee900000, 0x00000000eea00000, 0x00000000eea00000|100%| E|CS|TAMS 0x00000000ee900000, 0x00000000ee900000| Complete 
|1770|0x00000000eea00000, 0x00000000eeb00000, 0x00000000eeb00000|100%| E|CS|TAMS 0x00000000eea00000, 0x00000000eea00000| Complete 
|1771|0x00000000eeb00000, 0x00000000eec00000, 0x00000000eec00000|100%| E|CS|TAMS 0x00000000eeb00000, 0x00000000eeb00000| Complete 
|1772|0x00000000eec00000, 0x00000000eed00000, 0x00000000eed00000|100%| E|CS|TAMS 0x00000000eec00000, 0x00000000eec00000| Complete 
|1773|0x00000000eed00000, 0x00000000eee00000, 0x00000000eee00000|100%| E|CS|TAMS 0x00000000eed00000, 0x00000000eed00000| Complete 
|1774|0x00000000eee00000, 0x00000000eef00000, 0x00000000eef00000|100%| E|CS|TAMS 0x00000000eee00000, 0x00000000eee00000| Complete 
|1775|0x00000000eef00000, 0x00000000ef000000, 0x00000000ef000000|100%| E|CS|TAMS 0x00000000eef00000, 0x00000000eef00000| Complete 
|1776|0x00000000ef000000, 0x00000000ef100000, 0x00000000ef100000|100%| E|CS|TAMS 0x00000000ef000000, 0x00000000ef000000| Complete 
|1777|0x00000000ef100000, 0x00000000ef200000, 0x00000000ef200000|100%| E|CS|TAMS 0x00000000ef100000, 0x00000000ef100000| Complete 
|1778|0x00000000ef200000, 0x00000000ef300000, 0x00000000ef300000|100%| E|CS|TAMS 0x00000000ef200000, 0x00000000ef200000| Complete 
|1779|0x00000000ef300000, 0x00000000ef400000, 0x00000000ef400000|100%| E|CS|TAMS 0x00000000ef300000, 0x00000000ef300000| Complete 
|1780|0x00000000ef400000, 0x00000000ef500000, 0x00000000ef500000|100%| E|CS|TAMS 0x00000000ef400000, 0x00000000ef400000| Complete 
|1781|0x00000000ef500000, 0x00000000ef600000, 0x00000000ef600000|100%| E|CS|TAMS 0x00000000ef500000, 0x00000000ef500000| Complete 
|1782|0x00000000ef600000, 0x00000000ef700000, 0x00000000ef700000|100%| E|CS|TAMS 0x00000000ef600000, 0x00000000ef600000| Complete 
|1783|0x00000000ef700000, 0x00000000ef800000, 0x00000000ef800000|100%| E|CS|TAMS 0x00000000ef700000, 0x00000000ef700000| Complete 
|1784|0x00000000ef800000, 0x00000000ef900000, 0x00000000ef900000|100%| E|CS|TAMS 0x00000000ef800000, 0x00000000ef800000| Complete 
|1785|0x00000000ef900000, 0x00000000efa00000, 0x00000000efa00000|100%| E|CS|TAMS 0x00000000ef900000, 0x00000000ef900000| Complete 
|1786|0x00000000efa00000, 0x00000000efb00000, 0x00000000efb00000|100%| E|CS|TAMS 0x00000000efa00000, 0x00000000efa00000| Complete 
|1787|0x00000000efb00000, 0x00000000efc00000, 0x00000000efc00000|100%| E|CS|TAMS 0x00000000efb00000, 0x00000000efb00000| Complete 
|1788|0x00000000efc00000, 0x00000000efd00000, 0x00000000efd00000|100%| E|CS|TAMS 0x00000000efc00000, 0x00000000efc00000| Complete 
|1789|0x00000000efd00000, 0x00000000efe00000, 0x00000000efe00000|100%| E|CS|TAMS 0x00000000efd00000, 0x00000000efd00000| Complete 
|1790|0x00000000efe00000, 0x00000000eff00000, 0x00000000eff00000|100%| E|CS|TAMS 0x00000000efe00000, 0x00000000efe00000| Complete 
|1791|0x00000000eff00000, 0x00000000f0000000, 0x00000000f0000000|100%| E|CS|TAMS 0x00000000eff00000, 0x00000000eff00000| Complete 
|1792|0x00000000f0000000, 0x00000000f0100000, 0x00000000f0100000|100%| E|CS|TAMS 0x00000000f0000000, 0x00000000f0000000| Complete 
|1793|0x00000000f0100000, 0x00000000f0200000, 0x00000000f0200000|100%| E|CS|TAMS 0x00000000f0100000, 0x00000000f0100000| Complete 
|1794|0x00000000f0200000, 0x00000000f0300000, 0x00000000f0300000|100%| E|CS|TAMS 0x00000000f0200000, 0x00000000f0200000| Complete 
|1795|0x00000000f0300000, 0x00000000f0400000, 0x00000000f0400000|100%| E|CS|TAMS 0x00000000f0300000, 0x00000000f0300000| Complete 
|1796|0x00000000f0400000, 0x00000000f0500000, 0x00000000f0500000|100%| E|CS|TAMS 0x00000000f0400000, 0x00000000f0400000| Complete 
|1797|0x00000000f0500000, 0x00000000f0600000, 0x00000000f0600000|100%| E|CS|TAMS 0x00000000f0500000, 0x00000000f0500000| Complete 
|1798|0x00000000f0600000, 0x00000000f0700000, 0x00000000f0700000|100%| E|CS|TAMS 0x00000000f0600000, 0x00000000f0600000| Complete 
|1799|0x00000000f0700000, 0x00000000f0800000, 0x00000000f0800000|100%| E|CS|TAMS 0x00000000f0700000, 0x00000000f0700000| Complete 
|1800|0x00000000f0800000, 0x00000000f0900000, 0x00000000f0900000|100%| E|CS|TAMS 0x00000000f0800000, 0x00000000f0800000| Complete 
|1801|0x00000000f0900000, 0x00000000f0a00000, 0x00000000f0a00000|100%| E|CS|TAMS 0x00000000f0900000, 0x00000000f0900000| Complete 
|1802|0x00000000f0a00000, 0x00000000f0b00000, 0x00000000f0b00000|100%| E|CS|TAMS 0x00000000f0a00000, 0x00000000f0a00000| Complete 
|1803|0x00000000f0b00000, 0x00000000f0c00000, 0x00000000f0c00000|100%| E|CS|TAMS 0x00000000f0b00000, 0x00000000f0b00000| Complete 
|1804|0x00000000f0c00000, 0x00000000f0d00000, 0x00000000f0d00000|100%| E|CS|TAMS 0x00000000f0c00000, 0x00000000f0c00000| Complete 
|1805|0x00000000f0d00000, 0x00000000f0e00000, 0x00000000f0e00000|100%| E|CS|TAMS 0x00000000f0d00000, 0x00000000f0d00000| Complete 
|1806|0x00000000f0e00000, 0x00000000f0f00000, 0x00000000f0f00000|100%| E|CS|TAMS 0x00000000f0e00000, 0x00000000f0e00000| Complete 
|1807|0x00000000f0f00000, 0x00000000f1000000, 0x00000000f1000000|100%| E|CS|TAMS 0x00000000f0f00000, 0x00000000f0f00000| Complete 
|1808|0x00000000f1000000, 0x00000000f1100000, 0x00000000f1100000|100%| E|CS|TAMS 0x00000000f1000000, 0x00000000f1000000| Complete 
|1809|0x00000000f1100000, 0x00000000f1200000, 0x00000000f1200000|100%| E|CS|TAMS 0x00000000f1100000, 0x00000000f1100000| Complete 
|1810|0x00000000f1200000, 0x00000000f1300000, 0x00000000f1300000|100%| E|CS|TAMS 0x00000000f1200000, 0x00000000f1200000| Complete 
|1811|0x00000000f1300000, 0x00000000f1400000, 0x00000000f1400000|100%| E|CS|TAMS 0x00000000f1300000, 0x00000000f1300000| Complete 
|1812|0x00000000f1400000, 0x00000000f1500000, 0x00000000f1500000|100%| E|CS|TAMS 0x00000000f1400000, 0x00000000f1400000| Complete 
|1813|0x00000000f1500000, 0x00000000f1600000, 0x00000000f1600000|100%| E|CS|TAMS 0x00000000f1500000, 0x00000000f1500000| Complete 
|1814|0x00000000f1600000, 0x00000000f1700000, 0x00000000f1700000|100%| E|CS|TAMS 0x00000000f1600000, 0x00000000f1600000| Complete 
|1815|0x00000000f1700000, 0x00000000f1800000, 0x00000000f1800000|100%| E|CS|TAMS 0x00000000f1700000, 0x00000000f1700000| Complete 
|1816|0x00000000f1800000, 0x00000000f1900000, 0x00000000f1900000|100%| E|CS|TAMS 0x00000000f1800000, 0x00000000f1800000| Complete 
|1817|0x00000000f1900000, 0x00000000f1a00000, 0x00000000f1a00000|100%| E|CS|TAMS 0x00000000f1900000, 0x00000000f1900000| Complete 
|1818|0x00000000f1a00000, 0x00000000f1b00000, 0x00000000f1b00000|100%| E|CS|TAMS 0x00000000f1a00000, 0x00000000f1a00000| Complete 
|1819|0x00000000f1b00000, 0x00000000f1c00000, 0x00000000f1c00000|100%| E|CS|TAMS 0x00000000f1b00000, 0x00000000f1b00000| Complete 
|1820|0x00000000f1c00000, 0x00000000f1d00000, 0x00000000f1d00000|100%| E|CS|TAMS 0x00000000f1c00000, 0x00000000f1c00000| Complete 
|1821|0x00000000f1d00000, 0x00000000f1e00000, 0x00000000f1e00000|100%| E|CS|TAMS 0x00000000f1d00000, 0x00000000f1d00000| Complete 
|1822|0x00000000f1e00000, 0x00000000f1f00000, 0x00000000f1f00000|100%| E|CS|TAMS 0x00000000f1e00000, 0x00000000f1e00000| Complete 
|1823|0x00000000f1f00000, 0x00000000f2000000, 0x00000000f2000000|100%| E|CS|TAMS 0x00000000f1f00000, 0x00000000f1f00000| Complete 
|1824|0x00000000f2000000, 0x00000000f2100000, 0x00000000f2100000|100%| E|CS|TAMS 0x00000000f2000000, 0x00000000f2000000| Complete 
|1825|0x00000000f2100000, 0x00000000f2200000, 0x00000000f2200000|100%| E|CS|TAMS 0x00000000f2100000, 0x00000000f2100000| Complete 
|1826|0x00000000f2200000, 0x00000000f2300000, 0x00000000f2300000|100%| E|CS|TAMS 0x00000000f2200000, 0x00000000f2200000| Complete 
|1827|0x00000000f2300000, 0x00000000f2400000, 0x00000000f2400000|100%| E|CS|TAMS 0x00000000f2300000, 0x00000000f2300000| Complete 
|1828|0x00000000f2400000, 0x00000000f2500000, 0x00000000f2500000|100%| E|CS|TAMS 0x00000000f2400000, 0x00000000f2400000| Complete 
|1829|0x00000000f2500000, 0x00000000f2600000, 0x00000000f2600000|100%| E|CS|TAMS 0x00000000f2500000, 0x00000000f2500000| Complete 
|1830|0x00000000f2600000, 0x00000000f2700000, 0x00000000f2700000|100%| E|CS|TAMS 0x00000000f2600000, 0x00000000f2600000| Complete 
|1947|0x00000000f9b00000, 0x00000000f9c00000, 0x00000000f9c00000|100%| E|CS|TAMS 0x00000000f9b00000, 0x00000000f9b00000| Complete 
|1948|0x00000000f9c00000, 0x00000000f9d00000, 0x00000000f9d00000|100%| E|CS|TAMS 0x00000000f9c00000, 0x00000000f9c00000| Complete 
|1949|0x00000000f9d00000, 0x00000000f9e00000, 0x00000000f9e00000|100%| E|CS|TAMS 0x00000000f9d00000, 0x00000000f9d00000| Complete 
|1950|0x00000000f9e00000, 0x00000000f9f00000, 0x00000000f9f00000|100%| E|CS|TAMS 0x00000000f9e00000, 0x00000000f9e00000| Complete 
|1951|0x00000000f9f00000, 0x00000000fa000000, 0x00000000fa000000|100%| E|CS|TAMS 0x00000000f9f00000, 0x00000000f9f00000| Complete 
|1952|0x00000000fa000000, 0x00000000fa100000, 0x00000000fa100000|100%| E|CS|TAMS 0x00000000fa000000, 0x00000000fa000000| Complete 
|1953|0x00000000fa100000, 0x00000000fa200000, 0x00000000fa200000|100%| E|CS|TAMS 0x00000000fa100000, 0x00000000fa100000| Complete 
|1954|0x00000000fa200000, 0x00000000fa300000, 0x00000000fa300000|100%| E|CS|TAMS 0x00000000fa200000, 0x00000000fa200000| Complete 
|1955|0x00000000fa300000, 0x00000000fa400000, 0x00000000fa400000|100%| E|CS|TAMS 0x00000000fa300000, 0x00000000fa300000| Complete 
|1956|0x00000000fa400000, 0x00000000fa500000, 0x00000000fa500000|100%| E|CS|TAMS 0x00000000fa400000, 0x00000000fa400000| Complete 
|1957|0x00000000fa500000, 0x00000000fa600000, 0x00000000fa600000|100%| E|CS|TAMS 0x00000000fa500000, 0x00000000fa500000| Complete 
|1958|0x00000000fa600000, 0x00000000fa700000, 0x00000000fa700000|100%| E|CS|TAMS 0x00000000fa600000, 0x00000000fa600000| Complete 
|1959|0x00000000fa700000, 0x00000000fa800000, 0x00000000fa800000|100%| E|CS|TAMS 0x00000000fa700000, 0x00000000fa700000| Complete 
|1960|0x00000000fa800000, 0x00000000fa900000, 0x00000000fa900000|100%| E|CS|TAMS 0x00000000fa800000, 0x00000000fa800000| Complete 
|1961|0x00000000fa900000, 0x00000000faa00000, 0x00000000faa00000|100%| E|CS|TAMS 0x00000000fa900000, 0x00000000fa900000| Complete 
|1962|0x00000000faa00000, 0x00000000fab00000, 0x00000000fab00000|100%| E|CS|TAMS 0x00000000faa00000, 0x00000000faa00000| Complete 
|1963|0x00000000fab00000, 0x00000000fac00000, 0x00000000fac00000|100%| E|CS|TAMS 0x00000000fab00000, 0x00000000fab00000| Complete 
|1964|0x00000000fac00000, 0x00000000fad00000, 0x00000000fad00000|100%| E|CS|TAMS 0x00000000fac00000, 0x00000000fac00000| Complete 
|1965|0x00000000fad00000, 0x00000000fae00000, 0x00000000fae00000|100%| E|CS|TAMS 0x00000000fad00000, 0x00000000fad00000| Complete 
|1966|0x00000000fae00000, 0x00000000faf00000, 0x00000000faf00000|100%| E|CS|TAMS 0x00000000fae00000, 0x00000000fae00000| Complete 
|1967|0x00000000faf00000, 0x00000000fb000000, 0x00000000fb000000|100%| E|CS|TAMS 0x00000000faf00000, 0x00000000faf00000| Complete 
|1968|0x00000000fb000000, 0x00000000fb100000, 0x00000000fb100000|100%| E|CS|TAMS 0x00000000fb000000, 0x00000000fb000000| Complete 
|1969|0x00000000fb100000, 0x00000000fb200000, 0x00000000fb200000|100%| E|CS|TAMS 0x00000000fb100000, 0x00000000fb100000| Complete 
|1970|0x00000000fb200000, 0x00000000fb300000, 0x00000000fb300000|100%| E|CS|TAMS 0x00000000fb200000, 0x00000000fb200000| Complete 
|1971|0x00000000fb300000, 0x00000000fb400000, 0x00000000fb400000|100%| E|CS|TAMS 0x00000000fb300000, 0x00000000fb300000| Complete 
|1972|0x00000000fb400000, 0x00000000fb500000, 0x00000000fb500000|100%| E|CS|TAMS 0x00000000fb400000, 0x00000000fb400000| Complete 
|1973|0x00000000fb500000, 0x00000000fb600000, 0x00000000fb600000|100%| E|CS|TAMS 0x00000000fb500000, 0x00000000fb500000| Complete 
|1974|0x00000000fb600000, 0x00000000fb700000, 0x00000000fb700000|100%| E|CS|TAMS 0x00000000fb600000, 0x00000000fb600000| Complete 
|1975|0x00000000fb700000, 0x00000000fb800000, 0x00000000fb800000|100%| E|CS|TAMS 0x00000000fb700000, 0x00000000fb700000| Complete 
|1976|0x00000000fb800000, 0x00000000fb900000, 0x00000000fb900000|100%| E|CS|TAMS 0x00000000fb800000, 0x00000000fb800000| Complete 
|1977|0x00000000fb900000, 0x00000000fba00000, 0x00000000fba00000|100%| E|CS|TAMS 0x00000000fb900000, 0x00000000fb900000| Complete 
|1978|0x00000000fba00000, 0x00000000fbb00000, 0x00000000fbb00000|100%| E|CS|TAMS 0x00000000fba00000, 0x00000000fba00000| Complete 
|2030|0x00000000fee00000, 0x00000000fef00000, 0x00000000fef00000|100%| E|CS|TAMS 0x00000000fee00000, 0x00000000fee00000| Complete 
|2031|0x00000000fef00000, 0x00000000ff000000, 0x00000000ff000000|100%| E|CS|TAMS 0x00000000fef00000, 0x00000000fef00000| Complete 
|2032|0x00000000ff000000, 0x00000000ff100000, 0x00000000ff100000|100%| E|CS|TAMS 0x00000000ff000000, 0x00000000ff000000| Complete 
|2033|0x00000000ff100000, 0x00000000ff200000, 0x00000000ff200000|100%| E|CS|TAMS 0x00000000ff100000, 0x00000000ff100000| Complete 
|2034|0x00000000ff200000, 0x00000000ff300000, 0x00000000ff300000|100%| E|CS|TAMS 0x00000000ff200000, 0x00000000ff200000| Complete 
|2035|0x00000000ff300000, 0x00000000ff400000, 0x00000000ff400000|100%| E|CS|TAMS 0x00000000ff300000, 0x00000000ff300000| Complete 
|2036|0x00000000ff400000, 0x00000000ff500000, 0x00000000ff500000|100%| E|CS|TAMS 0x00000000ff400000, 0x00000000ff400000| Complete 
|2037|0x00000000ff500000, 0x00000000ff600000, 0x00000000ff600000|100%| E|CS|TAMS 0x00000000ff500000, 0x00000000ff500000| Complete 
|2038|0x00000000ff600000, 0x00000000ff700000, 0x00000000ff700000|100%| E|CS|TAMS 0x00000000ff600000, 0x00000000ff600000| Complete 
|2039|0x00000000ff700000, 0x00000000ff800000, 0x00000000ff800000|100%| E|CS|TAMS 0x00000000ff700000, 0x00000000ff700000| Complete 
|2040|0x00000000ff800000, 0x00000000ff900000, 0x00000000ff900000|100%| E|CS|TAMS 0x00000000ff800000, 0x00000000ff800000| Complete 
|2041|0x00000000ff900000, 0x00000000ffa00000, 0x00000000ffa00000|100%| E|CS|TAMS 0x00000000ff900000, 0x00000000ff900000| Complete 
|2042|0x00000000ffa00000, 0x00000000ffb00000, 0x00000000ffb00000|100%| E|CS|TAMS 0x00000000ffa00000, 0x00000000ffa00000| Complete 
|2043|0x00000000ffb00000, 0x00000000ffc00000, 0x00000000ffc00000|100%| E|CS|TAMS 0x00000000ffb00000, 0x00000000ffb00000| Complete 
|2044|0x00000000ffc00000, 0x00000000ffd00000, 0x00000000ffd00000|100%| E|CS|TAMS 0x00000000ffc00000, 0x00000000ffc00000| Complete 
|2045|0x00000000ffd00000, 0x00000000ffe00000, 0x00000000ffe00000|100%| E|CS|TAMS 0x00000000ffd00000, 0x00000000ffd00000| Complete 
|2046|0x00000000ffe00000, 0x00000000fff00000, 0x00000000fff00000|100%| E|CS|TAMS 0x00000000ffe00000, 0x00000000ffe00000| Complete 
|2047|0x00000000fff00000, 0x0000000100000000, 0x0000000100000000|100%| O|  |TAMS 0x0000000100000000, 0x00000000fff00000| Untracked 

Card table byte_map: [0x00000190ed720000,0x00000190edb20000] _byte_map_base: 0x00000190ed320000

Marking Bits (Prev, Next): (CMBitMap*) 0x00000190d49ddc80, (CMBitMap*) 0x00000190d49ddcc0
 Prev Bits: [0x00000190edf20000, 0x00000190eff20000)
 Next Bits: [0x00000190eff20000, 0x00000190f1f20000)

Polling page: 0x00000190d4760000

Metaspace:

Usage:
  Non-class:    188.21 MB used.
      Class:     26.85 MB used.
       Both:    215.07 MB used.

Virtual space:
  Non-class space:      192.00 MB reserved,     189.19 MB ( 99%) committed,  3 nodes.
      Class space:        1.00 GB reserved,      27.81 MB (  3%) committed,  1 nodes.
             Both:        1.19 GB reserved,     217.00 MB ( 18%) committed. 

Chunk freelists:
   Non-Class:  2.53 MB
       Class:  4.03 MB
        Both:  6.56 MB

MaxMetaspaceSize: unlimited
CompressedClassSpaceSize: 1.00 GB
Initial GC threshold: 21.00 MB
Current GC threshold: 361.50 MB
CDS: on
MetaspaceReclaimPolicy: balanced
 - commit_granule_bytes: 65536.
 - commit_granule_words: 8192.
 - virtual_space_node_default_size: 8388608.
 - enlarge_chunks_in_place: 1.
 - new_chunks_are_fully_committed: 0.
 - uncommit_free_chunks: 1.
 - use_allocation_guard: 0.
 - handle_deallocations: 1.


Internal statistics:

num_allocs_failed_limit: 12.
num_arena_births: 4514.
num_arena_deaths: 808.
num_vsnodes_births: 4.
num_vsnodes_deaths: 0.
num_space_committed: 3476.
num_space_uncommitted: 8.
num_chunks_returned_to_freelist: 1107.
num_chunks_taken_from_freelist: 14135.
num_chunk_merges: 462.
num_chunk_splits: 9086.
num_chunks_enlarged: 5694.
num_inconsistent_stats: 0.

CodeHeap 'non-profiled nmethods': size=120000Kb used=49627Kb max_used=49627Kb free=70372Kb
 bounds [0x00000190e57d0000, 0x00000190e8850000, 0x00000190ecd00000]
CodeHeap 'profiled nmethods': size=120000Kb used=72438Kb max_used=74996Kb free=47561Kb
 bounds [0x00000190ddd00000, 0x00000190e26a0000, 0x00000190e5230000]
CodeHeap 'non-nmethods': size=5760Kb used=2019Kb max_used=2115Kb free=3740Kb
 bounds [0x00000190e5230000, 0x00000190e54a0000, 0x00000190e57d0000]
 total_blobs=39033 nmethods=37883 adapters=1057
 compilation: enabled
              stopped_count=0, restarted_count=0
 full_count=0

Compilation events (20 events):
Event: 3878.781 Thread 0x00000190f44f82e0 nmethod 54021 0x00000190e7821210 code [0x00000190e78213c0, 0x00000190e78217b8]
Event: 3878.781 Thread 0x00000190f44f82e0 54023       4       com.android.tools.r8.ir.optimize.k0::hashCode (34 bytes)
Event: 3878.786 Thread 0x00000190f44f82e0 nmethod 54023 0x00000190e8691f90 code [0x00000190e8692120, 0x00000190e86922d8]
Event: 3878.786 Thread 0x00000190f44f82e0 54014       4       com.android.tools.r8.internal.v3::equals (46 bytes)
Event: 3878.788 Thread 0x00000190f44f82e0 nmethod 54014 0x00000190e8691a90 code [0x00000190e8691c20, 0x00000190e8691cf8]
Event: 3878.788 Thread 0x00000190f44f82e0 54010       4       com.android.tools.r8.internal.u0::a (173 bytes)
Event: 3878.840 Thread 0x00000190f44f82e0 nmethod 54010 0x00000190e6e13710 code [0x00000190e6e13940, 0x00000190e6e149f0]
Event: 3878.863 Thread 0x00000190f44f82e0 54032       4       com.android.tools.r8.internal.k20$$Lambda$2810/0x00000190827a6100::get (4 bytes)
Event: 3878.876 Thread 0x00000190f44f82e0 nmethod 54032 0x00000190e76ae610 code [0x00000190e76ae7c0, 0x00000190e76aed58]
Event: 3878.876 Thread 0x00000190f44f82e0 54033   !   4       com.android.tools.r8.internal.yY::a (437 bytes)
Event: 3878.897 Thread 0x00000190f4500cb0 54037       3       com.android.tools.r8.internal.Ir::a (38 bytes)
Event: 3878.897 Thread 0x00000190f4500cb0 nmethod 54037 0x00000190e0bb6310 code [0x00000190e0bb64c0, 0x00000190e0bb67e8]
Event: 3879.041 Thread 0x00000190d289b5a0 nmethod 54020 0x00000190e8820c90 code [0x00000190e8821360, 0x00000190e8826d10]
Event: 3879.042 Thread 0x00000190d289b5a0 54036       4       com.android.tools.r8.internal.QG::b (1824 bytes)
Event: 3879.059 Thread 0x00000190f4500cb0 54040       3       com.android.tools.r8.ir.optimize.n0::equals (42 bytes)
Event: 3879.059 Thread 0x00000190f4500cb0 nmethod 54040 0x00000190df563e90 code [0x00000190df564040, 0x00000190df564438]
Event: 3879.066 Thread 0x00000190f4500cb0 54043       3       com.android.tools.r8.internal.qX::a (11 bytes)
Event: 3879.066 Thread 0x00000190f4500cb0 nmethod 54043 0x00000190e25cb810 code [0x00000190e25cb9c0, 0x00000190e25cbb08]
Event: 3879.102 Thread 0x00000190f4500cb0 54044       3       com.android.tools.r8.internal.M7::a (12 bytes)
Event: 3879.103 Thread 0x00000190f4500cb0 nmethod 54044 0x00000190e25ccb90 code [0x00000190e25ccda0, 0x00000190e25cd498]

GC Heap History (20 events):
Event: 3844.001 GC heap before
{Heap before GC invocations=295 (full 0):
 garbage-first heap   total 1830912K, used 1308754K [0x0000000080000000, 0x0000000100000000)
  region size 1024K, 731 young (748544K), 3 survivors (3072K)
 Metaspace       used 219927K, committed 221952K, reserved 1245184K
  class space    used 27454K, committed 28480K, reserved 1048576K
}
Event: 3844.151 GC heap after
{Heap after GC invocations=296 (full 0):
 garbage-first heap   total 1830912K, used 607826K [0x0000000080000000, 0x0000000100000000)
  region size 1024K, 46 young (47104K), 46 survivors (47104K)
 Metaspace       used 219927K, committed 221952K, reserved 1245184K
  class space    used 27454K, committed 28480K, reserved 1048576K
}
Event: 3848.604 GC heap before
{Heap before GC invocations=297 (full 0):
 garbage-first heap   total 1830912K, used 1217106K [0x0000000080000000, 0x0000000100000000)
  region size 1024K, 641 young (656384K), 46 survivors (47104K)
 Metaspace       used 219939K, committed 221952K, reserved 1245184K
  class space    used 27455K, committed 28480K, reserved 1048576K
}
Event: 3848.802 GC heap after
{Heap after GC invocations=298 (full 0):
 garbage-first heap   total 1830912K, used 647139K [0x0000000080000000, 0x0000000100000000)
  region size 1024K, 38 young (38912K), 38 survivors (38912K)
 Metaspace       used 219939K, committed 221952K, reserved 1245184K
  class space    used 27455K, committed 28480K, reserved 1048576K
}
Event: 3848.995 GC heap before
{Heap before GC invocations=298 (full 0):
 garbage-first heap   total 1830912K, used 698339K [0x0000000080000000, 0x0000000100000000)
  region size 1024K, 89 young (91136K), 38 survivors (38912K)
 Metaspace       used 219939K, committed 221952K, reserved 1245184K
  class space    used 27455K, committed 28480K, reserved 1048576K
}
Event: 3849.096 GC heap after
{Heap after GC invocations=299 (full 0):
 garbage-first heap   total 1830912K, used 634851K [0x0000000080000000, 0x0000000100000000)
  region size 1024K, 5 young (5120K), 5 survivors (5120K)
 Metaspace       used 219939K, committed 221952K, reserved 1245184K
  class space    used 27455K, committed 28480K, reserved 1048576K
}
Event: 3851.679 GC heap before
{Heap before GC invocations=299 (full 0):
 garbage-first heap   total 1830912K, used 973795K [0x0000000080000000, 0x0000000100000000)
  region size 1024K, 337 young (345088K), 5 survivors (5120K)
 Metaspace       used 219962K, committed 221952K, reserved 1245184K
  class space    used 27456K, committed 28480K, reserved 1048576K
}
Event: 3851.744 GC heap after
{Heap after GC invocations=300 (full 0):
 garbage-first heap   total 1926144K, used 656931K [0x0000000080000000, 0x0000000100000000)
  region size 1024K, 27 young (27648K), 27 survivors (27648K)
 Metaspace       used 219962K, committed 221952K, reserved 1245184K
  class space    used 27456K, committed 28480K, reserved 1048576K
}
Event: 3858.999 GC heap before
{Heap before GC invocations=301 (full 0):
 garbage-first heap   total 1926144K, used 1495587K [0x0000000080000000, 0x0000000100000000)
  region size 1024K, 840 young (860160K), 27 survivors (27648K)
 Metaspace       used 220016K, committed 222016K, reserved 1245184K
  class space    used 27461K, committed 28480K, reserved 1048576K
}
Event: 3859.217 GC heap after
{Heap after GC invocations=302 (full 0):
 garbage-first heap   total 1926144K, used 716003K [0x0000000080000000, 0x0000000100000000)
  region size 1024K, 84 young (86016K), 84 survivors (86016K)
 Metaspace       used 220016K, committed 222016K, reserved 1245184K
  class space    used 27461K, committed 28480K, reserved 1048576K
}
Event: 3859.267 GC heap before
{Heap before GC invocations=302 (full 0):
 garbage-first heap   total 1926144K, used 726243K [0x0000000080000000, 0x0000000100000000)
  region size 1024K, 94 young (96256K), 84 survivors (86016K)
 Metaspace       used 220016K, committed 222016K, reserved 1245184K
  class space    used 27461K, committed 28480K, reserved 1048576K
}
Event: 3859.455 GC heap after
{Heap after GC invocations=303 (full 0):
 garbage-first heap   total 1926144K, used 703087K [0x0000000080000000, 0x0000000100000000)
  region size 1024K, 2 young (2048K), 2 survivors (2048K)
 Metaspace       used 220016K, committed 222016K, reserved 1245184K
  class space    used 27461K, committed 28480K, reserved 1048576K
}
Event: 3863.425 GC heap before
{Heap before GC invocations=303 (full 0):
 garbage-first heap   total 1926144K, used 1535599K [0x0000000080000000, 0x0000000100000000)
  region size 1024K, 815 young (834560K), 2 survivors (2048K)
 Metaspace       used 220068K, committed 222080K, reserved 1245184K
  class space    used 27470K, committed 28480K, reserved 1048576K
}
Event: 3863.486 GC heap after
{Heap after GC invocations=304 (full 0):
 garbage-first heap   total 1926144K, used 726127K [0x0000000080000000, 0x0000000100000000)
  region size 1024K, 25 young (25600K), 25 survivors (25600K)
 Metaspace       used 220068K, committed 222080K, reserved 1245184K
  class space    used 27470K, committed 28480K, reserved 1048576K
}
Event: 3869.131 GC heap before
{Heap before GC invocations=305 (full 0):
 garbage-first heap   total 1926144K, used 1556591K [0x0000000080000000, 0x0000000100000000)
  region size 1024K, 838 young (858112K), 25 survivors (25600K)
 Metaspace       used 220091K, committed 222080K, reserved 1245184K
  class space    used 27470K, committed 28480K, reserved 1048576K
}
Event: 3869.217 GC heap after
{Heap after GC invocations=306 (full 0):
 garbage-first heap   total 1926144K, used 731759K [0x0000000080000000, 0x0000000100000000)
  region size 1024K, 34 young (34816K), 34 survivors (34816K)
 Metaspace       used 220091K, committed 222080K, reserved 1245184K
  class space    used 27470K, committed 28480K, reserved 1048576K
}
Event: 3869.474 GC heap before
{Heap before GC invocations=306 (full 0):
 garbage-first heap   total 1926144K, used 793199K [0x0000000080000000, 0x0000000100000000)
  region size 1024K, 94 young (96256K), 34 survivors (34816K)
 Metaspace       used 220100K, committed 222080K, reserved 1245184K
  class space    used 27472K, committed 28480K, reserved 1048576K
}
Event: 3869.553 GC heap after
{Heap after GC invocations=307 (full 0):
 garbage-first heap   total 1926144K, used 714560K [0x0000000080000000, 0x0000000100000000)
  region size 1024K, 8 young (8192K), 8 survivors (8192K)
 Metaspace       used 220100K, committed 222080K, reserved 1245184K
  class space    used 27472K, committed 28480K, reserved 1048576K
}
Event: 3873.349 GC heap before
{Heap before GC invocations=307 (full 0):
 garbage-first heap   total 1926144K, used 1577792K [0x0000000080000000, 0x0000000100000000)
  region size 1024K, 851 young (871424K), 8 survivors (8192K)
 Metaspace       used 220211K, committed 222208K, reserved 1245184K
  class space    used 27491K, committed 28480K, reserved 1048576K
}
Event: 3873.435 GC heap after
{Heap after GC invocations=308 (full 0):
 garbage-first heap   total 1926144K, used 737088K [0x0000000080000000, 0x0000000100000000)
  region size 1024K, 30 young (30720K), 30 survivors (30720K)
 Metaspace       used 220211K, committed 222208K, reserved 1245184K
  class space    used 27491K, committed 28480K, reserved 1048576K
}

Dll operation events (17 events):
Event: 0.012 Loaded shared library C:\Program Files\Eclipse Adoptium\jdk-17.0.16.8-hotspot\bin\java.dll
Event: 0.037 Loaded shared library C:\Program Files\Eclipse Adoptium\jdk-17.0.16.8-hotspot\bin\jsvml.dll
Event: 0.116 Loaded shared library C:\Program Files\Eclipse Adoptium\jdk-17.0.16.8-hotspot\bin\zip.dll
Event: 0.120 Loaded shared library C:\Program Files\Eclipse Adoptium\jdk-17.0.16.8-hotspot\bin\instrument.dll
Event: 0.128 Loaded shared library C:\Program Files\Eclipse Adoptium\jdk-17.0.16.8-hotspot\bin\net.dll
Event: 0.130 Loaded shared library C:\Program Files\Eclipse Adoptium\jdk-17.0.16.8-hotspot\bin\nio.dll
Event: 0.134 Loaded shared library C:\Program Files\Eclipse Adoptium\jdk-17.0.16.8-hotspot\bin\zip.dll
Event: 0.556 Loaded shared library C:\Program Files\Eclipse Adoptium\jdk-17.0.16.8-hotspot\bin\jimage.dll
Event: 0.919 Loaded shared library C:\Program Files\Eclipse Adoptium\jdk-17.0.16.8-hotspot\bin\verify.dll
Event: 1.223 Loaded shared library C:\Users\ssaha\.gradle\native\c067742578af261105cb4f569cf0c3c89f3d7b1fecec35dd04571415982c5e48\windows-amd64\native-platform.dll
Event: 1.232 Loaded shared library C:\Users\ssaha\.gradle\native\100fb08df4bc3b14c8652ba06237920a3bd2aa13389f12d3474272988ae205f9\windows-amd64\native-platform-file-events.dll
Event: 3.152 Loaded shared library C:\Program Files\Eclipse Adoptium\jdk-17.0.16.8-hotspot\bin\management.dll
Event: 3.157 Loaded shared library C:\Program Files\Eclipse Adoptium\jdk-17.0.16.8-hotspot\bin\management_ext.dll
Event: 3.476 Loaded shared library C:\Program Files\Eclipse Adoptium\jdk-17.0.16.8-hotspot\bin\extnet.dll
Event: 3.867 Loaded shared library C:\Program Files\Eclipse Adoptium\jdk-17.0.16.8-hotspot\bin\sunmscapi.dll
Event: 726.559 Loaded shared library C:\Users\ssaha\AppData\Local\Temp\native-platform10601707569170317402dir\native-platform.dll
Event: 728.405 Loaded shared library C:\Program Files\Eclipse Adoptium\jdk-17.0.16.8-hotspot\bin\rmi.dll

Deoptimization events (20 events):
Event: 3878.677 Thread 0x00000190fc08b6a0 Uncommon trap: trap_request=0xffffff45 fr.pc=0x00000190e6c1100c relative=0x000000000000102c
Event: 3878.677 Thread 0x00000190fc08b6a0 Uncommon trap: reason=unstable_if action=reinterpret pc=0x00000190e6c1100c method=com.android.tools.r8.internal.YX.a(Lcom/android/tools/r8/internal/UX;Lcom/android/tools/r8/internal/UX;Lcom/android/tools/r8/internal/ZX;)Z @ 298 c2
Event: 3878.677 Thread 0x00000190fc08b6a0 DEOPT PACKING pc=0x00000190e6c1100c sp=0x0000007c8a4fa9f0
Event: 3878.677 Thread 0x00000190fc08b6a0 DEOPT UNPACKING pc=0x00000190e52869a3 sp=0x0000007c8a4fa9b0 mode 2
Event: 3878.677 Thread 0x00000190fc08b6a0 Uncommon trap: trap_request=0xffffffc6 fr.pc=0x00000190e859b640 relative=0x0000000000003ca0
Event: 3878.677 Thread 0x00000190fc08b6a0 Uncommon trap: reason=bimorphic_or_optimized_type_check action=maybe_recompile pc=0x00000190e859b640 method=com.android.tools.r8.internal.AX.b(Lcom/android/tools/r8/internal/Nl;)Lcom/android/tools/r8/internal/Lb; @ 225 c2
Event: 3878.677 Thread 0x00000190fc08b6a0 DEOPT PACKING pc=0x00000190e859b640 sp=0x0000007c8a4faba0
Event: 3878.677 Thread 0x00000190fc08b6a0 DEOPT UNPACKING pc=0x00000190e52869a3 sp=0x0000007c8a4fab90 mode 2
Event: 3878.761 Thread 0x00000190fc08b6a0 Uncommon trap: trap_request=0xffffff76 fr.pc=0x00000190e87b0e24 relative=0x0000000000005684
Event: 3878.761 Thread 0x00000190fc08b6a0 Uncommon trap: reason=predicate action=maybe_recompile pc=0x00000190e87b0e24 method=com.android.tools.r8.internal.QG.b(Lcom/android/tools/r8/internal/Nl;)Lcom/android/tools/r8/internal/Lb; @ 1230 c2
Event: 3878.761 Thread 0x00000190fc08b6a0 DEOPT PACKING pc=0x00000190e87b0e24 sp=0x0000007c8a4fabc0
Event: 3878.761 Thread 0x00000190fc08b6a0 DEOPT UNPACKING pc=0x00000190e52869a3 sp=0x0000007c8a4fabb8 mode 2
Event: 3879.127 Thread 0x00000190fc08b6a0 Uncommon trap: trap_request=0xfffffff4 fr.pc=0x00000190e6d119d8 relative=0x00000000000048b8
Event: 3879.127 Thread 0x00000190fc08b6a0 Uncommon trap: reason=null_check action=make_not_entrant pc=0x00000190e6d119d8 method=com.android.tools.r8.graph.j3.a(Lcom/android/tools/r8/graph/h1;)Lcom/android/tools/r8/graph/c1; @ 13 c2
Event: 3879.127 Thread 0x00000190fc08b6a0 DEOPT PACKING pc=0x00000190e6d119d8 sp=0x0000007c8a4fac00
Event: 3879.127 Thread 0x00000190fc08b6a0 DEOPT UNPACKING pc=0x00000190e52869a3 sp=0x0000007c8a4fa918 mode 2
Event: 3879.142 Thread 0x00000190d37c0bc0 Uncommon trap: trap_request=0xffffff45 fr.pc=0x00000190e7002f24 relative=0x00000000000032e4
Event: 3879.142 Thread 0x00000190d37c0bc0 Uncommon trap: reason=unstable_if action=reinterpret pc=0x00000190e7002f24 method=com.android.tools.r8.graph.Q0.a(ILcom/android/tools/r8/internal/vM;ILcom/android/tools/r8/internal/vM;Ljava/util/List;Lcom/android/tools/r8/graph/y1;Z)V @ 212 c2
Event: 3879.142 Thread 0x00000190d37c0bc0 DEOPT PACKING pc=0x00000190e7002f24 sp=0x0000007c88af7b90
Event: 3879.142 Thread 0x00000190d37c0bc0 DEOPT UNPACKING pc=0x00000190e52869a3 sp=0x0000007c88af7b68 mode 2

Classes loaded (20 events):
Event: 2398.391 Loading class java/security/KeyStore$PrivateKeyEntry
Event: 2398.391 Loading class java/security/KeyStore$Entry
Event: 2398.391 Loading class java/security/KeyStore$Entry done
Event: 2398.392 Loading class java/security/KeyStore$PrivateKeyEntry done
Event: 2398.392 Loading class java/security/PKCS12Attribute
Event: 2398.392 Loading class java/security/KeyStore$Entry$Attribute
Event: 2398.392 Loading class java/security/KeyStore$Entry$Attribute done
Event: 2398.392 Loading class java/security/PKCS12Attribute done
Event: 2398.592 Loading class java/security/cert/CertificateEncodingException
Event: 2398.595 Loading class java/security/cert/CertificateEncodingException done
Event: 2400.548 Loading class java/nio/BufferOverflowException
Event: 2400.548 Loading class java/nio/BufferOverflowException done
Event: 2400.553 Loading class java/security/DigestException
Event: 2400.553 Loading class java/security/DigestException done
Event: 2400.699 Loading class sun/security/rsa/RSACore$BlindingParameters
Event: 2400.700 Loading class sun/security/rsa/RSACore$BlindingParameters done
Event: 2400.709 Loading class sun/security/rsa/RSACore$BlindingRandomPair
Event: 2400.710 Loading class sun/security/rsa/RSACore$BlindingRandomPair done
Event: 3766.836 Loading class java/lang/annotation/IncompleteAnnotationException
Event: 3766.836 Loading class java/lang/annotation/IncompleteAnnotationException done

Classes unloaded (20 events):
Event: 3803.689 Thread 0x00000190f44d0c20 Unloading class 0x0000019081d22c00 'jdk/internal/reflect/GeneratedSerializationConstructorAccessor75'
Event: 3803.689 Thread 0x00000190f44d0c20 Unloading class 0x0000019081d22800 'jdk/internal/reflect/GeneratedSerializationConstructorAccessor74'
Event: 3803.689 Thread 0x00000190f44d0c20 Unloading class 0x0000019081d22400 'jdk/internal/reflect/GeneratedSerializationConstructorAccessor73'
Event: 3803.689 Thread 0x00000190f44d0c20 Unloading class 0x0000019081d22000 'jdk/internal/reflect/GeneratedSerializationConstructorAccessor72'
Event: 3803.689 Thread 0x00000190f44d0c20 Unloading class 0x0000019081d21c00 'jdk/internal/reflect/GeneratedSerializationConstructorAccessor71'
Event: 3803.689 Thread 0x00000190f44d0c20 Unloading class 0x0000019081d21800 'jdk/internal/reflect/GeneratedSerializationConstructorAccessor70'
Event: 3803.689 Thread 0x00000190f44d0c20 Unloading class 0x0000019081d21400 'jdk/internal/reflect/GeneratedSerializationConstructorAccessor69'
Event: 3803.689 Thread 0x00000190f44d0c20 Unloading class 0x0000019081d20c00 'jdk/internal/reflect/GeneratedSerializationConstructorAccessor68'
Event: 3803.689 Thread 0x00000190f44d0c20 Unloading class 0x0000019081d20800 'jdk/internal/reflect/GeneratedSerializationConstructorAccessor67'
Event: 3803.689 Thread 0x00000190f44d0c20 Unloading class 0x0000019081d20400 'jdk/internal/reflect/GeneratedSerializationConstructorAccessor66'
Event: 3803.689 Thread 0x00000190f44d0c20 Unloading class 0x0000019081d1c800 'jdk/internal/reflect/GeneratedSerializationConstructorAccessor63'
Event: 3803.689 Thread 0x00000190f44d0c20 Unloading class 0x0000019081d1c400 'jdk/internal/reflect/GeneratedSerializationConstructorAccessor62'
Event: 3803.689 Thread 0x00000190f44d0c20 Unloading class 0x0000019081cc8000 'jdk/internal/reflect/GeneratedSerializationConstructorAccessor61'
Event: 3803.689 Thread 0x00000190f44d0c20 Unloading class 0x0000019081b99c00 'java/lang/invoke/LambdaForm$MH+0x0000019081b99c00'
Event: 3803.689 Thread 0x00000190f44d0c20 Unloading class 0x0000019081b99800 'java/lang/invoke/LambdaForm$MH+0x0000019081b99800'
Event: 3803.689 Thread 0x00000190f44d0c20 Unloading class 0x0000019081b99400 'java/lang/invoke/LambdaForm$MH+0x0000019081b99400'
Event: 3803.689 Thread 0x00000190f44d0c20 Unloading class 0x0000019081b99000 'java/lang/invoke/LambdaForm$MH+0x0000019081b99000'
Event: 3803.689 Thread 0x00000190f44d0c20 Unloading class 0x0000019081b98c00 'java/lang/invoke/LambdaForm$MH+0x0000019081b98c00'
Event: 3803.689 Thread 0x00000190f44d0c20 Unloading class 0x0000019081b98800 'java/lang/invoke/LambdaForm$MH+0x0000019081b98800'
Event: 3803.689 Thread 0x00000190f44d0c20 Unloading class 0x0000019081b91000 'java/lang/invoke/LambdaForm$MH+0x0000019081b91000'

Classes redefined (0 events):
No events

Internal exceptions (20 events):
Event: 3860.066 Thread 0x00000190fa84c8a0 Implicit null exception at 0x00000190e6051a4f to 0x00000190e6051b8c
Event: 3860.152 Thread 0x00000190fa84c8a0 Exception <a 'sun/nio/fs/WindowsException'{0x00000000edfc0b58}> (0x00000000edfc0b58) 
thrown [s\src\hotspot\share\prims\jni.cpp, line 516]
Event: 3860.328 Thread 0x00000190fa84c8a0 Exception <a 'sun/nio/fs/WindowsException'{0x00000000eb2d8f58}> (0x00000000eb2d8f58) 
thrown [s\src\hotspot\share\prims\jni.cpp, line 516]
Event: 3860.562 Thread 0x00000190fa84c8a0 Exception <a 'sun/nio/fs/WindowsException'{0x00000000e81722c8}> (0x00000000e81722c8) 
thrown [s\src\hotspot\share\prims\jni.cpp, line 516]
Event: 3860.907 Thread 0x00000190fa84c8a0 Exception <a 'sun/nio/fs/WindowsException'{0x00000000e32d4f18}> (0x00000000e32d4f18) 
thrown [s\src\hotspot\share\prims\jni.cpp, line 516]
Event: 3861.450 Thread 0x00000190fa84c8a0 Exception <a 'sun/nio/fs/WindowsException'{0x00000000de3e4d58}> (0x00000000de3e4d58) 
thrown [s\src\hotspot\share\prims\jni.cpp, line 516]
Event: 3861.963 Thread 0x00000190fa84c8a0 Exception <a 'sun/nio/fs/WindowsException'{0x00000000d9f7c1e8}> (0x00000000d9f7c1e8) 
thrown [s\src\hotspot\share\prims\jni.cpp, line 516]
Event: 3864.820 Thread 0x00000190fc08c5d0 Exception <a 'sun/nio/fs/WindowsException'{0x00000000ec37b0d0}> (0x00000000ec37b0d0) 
thrown [s\src\hotspot\share\prims\jni.cpp, line 516]
Event: 3865.242 Thread 0x00000190fc08c5d0 Exception <a 'sun/nio/fs/WindowsException'{0x00000000e987d978}> (0x00000000e987d978) 
thrown [s\src\hotspot\share\prims\jni.cpp, line 516]
Event: 3865.629 Thread 0x00000190fc08c5d0 Exception <a 'sun/nio/fs/WindowsException'{0x00000000e62e4cd0}> (0x00000000e62e4cd0) 
thrown [s\src\hotspot\share\prims\jni.cpp, line 516]
Event: 3866.671 Thread 0x00000190fc08c5d0 Exception <a 'sun/nio/fs/WindowsException'{0x00000000ddb02668}> (0x00000000ddb02668) 
thrown [s\src\hotspot\share\prims\jni.cpp, line 516]
Event: 3867.368 Thread 0x00000190fc08c5d0 Exception <a 'sun/nio/fs/WindowsException'{0x00000000d77e8b78}> (0x00000000d77e8b78) 
thrown [s\src\hotspot\share\prims\jni.cpp, line 516]
Event: 3867.795 Thread 0x00000190fc08c5d0 Exception <a 'sun/nio/fs/WindowsException'{0x00000000d31f0a78}> (0x00000000d31f0a78) 
thrown [s\src\hotspot\share\prims\jni.cpp, line 516]
Event: 3867.997 Thread 0x00000190fc08c5d0 Exception <a 'sun/nio/fs/WindowsException'{0x00000000d135d788}> (0x00000000d135d788) 
thrown [s\src\hotspot\share\prims\jni.cpp, line 516]
Event: 3868.738 Thread 0x00000190fc08b6a0 Exception <a 'sun/nio/fs/WindowsException'{0x00000000c7d2deb8}> (0x00000000c7d2deb8) 
thrown [s\src\hotspot\share\prims\jni.cpp, line 516]
Event: 3870.865 Thread 0x00000190fc08b6a0 Exception <a 'java/lang/IncompatibleClassChangeError'{0x00000000e1ef0538}: Found class java.lang.Object, but interface was expected> (0x00000000e1ef0538) 
thrown [s\src\hotspot\share\interpreter\linkResolver.cpp, line 826]
Event: 3874.804 Thread 0x00000190fc08b6a0 Exception <a 'sun/nio/fs/WindowsException'{0x00000000ee54ebc0}> (0x00000000ee54ebc0) 
thrown [s\src\hotspot\share\prims\jni.cpp, line 516]
Event: 3875.769 Thread 0x00000190fc08b6a0 Exception <a 'sun/nio/fs/WindowsException'{0x00000000e8e15778}> (0x00000000e8e15778) 
thrown [s\src\hotspot\share\prims\jni.cpp, line 516]
Event: 3875.965 Thread 0x00000190fc08b6a0 Exception <a 'sun/nio/fs/WindowsException'{0x00000000e7cd9ac0}> (0x00000000e7cd9ac0) 
thrown [s\src\hotspot\share\prims\jni.cpp, line 516]
Event: 3879.127 Thread 0x00000190fc08b6a0 Implicit null exception at 0x00000190e6d0f0c3 to 0x00000190e6d119c0

VM Operations (20 events):
Event: 3870.982 Executing VM operation: HandshakeAllThreads
Event: 3870.985 Executing VM operation: HandshakeAllThreads done
Event: 3871.103 Executing VM operation: HandshakeAllThreads
Event: 3871.110 Executing VM operation: HandshakeAllThreads done
Event: 3871.110 Executing VM operation: HandshakeAllThreads
Event: 3871.193 Executing VM operation: HandshakeAllThreads done
Event: 3872.195 Executing VM operation: Cleanup
Event: 3872.196 Executing VM operation: Cleanup done
Event: 3873.196 Executing VM operation: Cleanup
Event: 3873.197 Executing VM operation: Cleanup done
Event: 3873.349 Executing VM operation: G1CollectForAllocation
Event: 3873.435 Executing VM operation: G1CollectForAllocation done
Event: 3875.434 Executing VM operation: Cleanup
Event: 3875.435 Executing VM operation: Cleanup done
Event: 3876.427 Executing VM operation: G1PauseRemark
Event: 3876.474 Executing VM operation: G1PauseRemark done
Event: 3877.476 Executing VM operation: Cleanup
Event: 3877.483 Executing VM operation: Cleanup done
Event: 3878.093 Executing VM operation: G1PauseCleanup
Event: 3878.094 Executing VM operation: G1PauseCleanup done

Memory protections (0 events):
No events

Nmethod flushes (20 events):
Event: 3871.314 Thread 0x00000190f450bda0 flushing osr nmethod 0x00000190e245f910
Event: 3871.314 Thread 0x00000190f450bda0 flushing  nmethod 0x00000190e2509a90
Event: 3871.314 Thread 0x00000190f450bda0 flushing  nmethod 0x00000190e2555590
Event: 3871.314 Thread 0x00000190f450bda0 flushing  nmethod 0x00000190e2590290
Event: 3871.315 Thread 0x00000190f450bda0 flushing  nmethod 0x00000190e25c1890
Event: 3871.315 Thread 0x00000190f450bda0 flushing  nmethod 0x00000190e25c2c90
Event: 3871.315 Thread 0x00000190f450bda0 flushing  nmethod 0x00000190e25c9890
Event: 3871.315 Thread 0x00000190f450bda0 flushing  nmethod 0x00000190e25ca610
Event: 3871.315 Thread 0x00000190f450bda0 flushing  nmethod 0x00000190e25ccb90
Event: 3871.315 Thread 0x00000190f450bda0 flushing  nmethod 0x00000190e25ce510
Event: 3871.315 Thread 0x00000190f450bda0 flushing  nmethod 0x00000190e25cfc90
Event: 3871.315 Thread 0x00000190f450bda0 flushing  nmethod 0x00000190e25d1510
Event: 3871.315 Thread 0x00000190f450bda0 flushing  nmethod 0x00000190e2608310
Event: 3871.315 Thread 0x00000190f450bda0 flushing  nmethod 0x00000190e2613d90
Event: 3871.315 Thread 0x00000190f450bda0 flushing  nmethod 0x00000190e2615c90
Event: 3871.315 Thread 0x00000190f450bda0 flushing  nmethod 0x00000190e261ce90
Event: 3871.315 Thread 0x00000190f450bda0 flushing  nmethod 0x00000190e261f190
Event: 3871.315 Thread 0x00000190f450bda0 flushing  nmethod 0x00000190e261f590
Event: 3871.315 Thread 0x00000190f450bda0 flushing  nmethod 0x00000190e2620d10
Event: 3871.315 Thread 0x00000190f450bda0 flushing  nmethod 0x00000190e263d890

Events (20 events):
Event: 3804.571 Thread 0x00000190d349b8e0 Thread added: 0x00000190fae82690
Event: 3804.571 Thread 0x00000190d349b8e0 Thread added: 0x00000190fa84d7d0
Event: 3804.972 Thread 0x00000190f4500cb0 Thread added: 0x00000190d369dec0
Event: 3806.929 Thread 0x00000190d369dec0 Thread exited: 0x00000190d369dec0
Event: 3810.666 Thread 0x00000190d37c0bc0 Thread added: 0x00000190fa84ec10
Event: 3812.027 Thread 0x00000190d37c0bc0 Thread added: 0x00000190fa84c8a0
Event: 3812.027 Thread 0x00000190d37c0bc0 Thread added: 0x00000190fc08b6a0
Event: 3812.028 Thread 0x00000190d37c0bc0 Thread added: 0x00000190fc08c5d0
Event: 3812.581 Thread 0x00000190f44f82e0 Thread added: 0x0000019100c900c0
Event: 3812.794 Thread 0x0000019100c900c0 Thread exited: 0x0000019100c900c0
Event: 3813.032 Thread 0x0000019100e16e50 Thread exited: 0x0000019100e16e50
Event: 3816.304 Thread 0x00000190fc1614b0 Thread exited: 0x00000190fc1614b0
Event: 3816.304 Thread 0x00000190fc161ed0 Thread exited: 0x00000190fc161ed0
Event: 3816.307 Thread 0x0000019100e187a0 Thread exited: 0x0000019100e187a0
Event: 3816.309 Thread 0x00000190fc15cdd0 Thread exited: 0x00000190fc15cdd0
Event: 3817.481 Thread 0x00000190f44f82e0 Thread added: 0x00000190d289b5a0
Event: 3817.766 Thread 0x00000190d289b5a0 Thread exited: 0x00000190d289b5a0
Event: 3817.939 Thread 0x00000190f4500cb0 Thread added: 0x00000190d289b5a0
Event: 3826.933 Thread 0x00000190fe44bfe0 Thread exited: 0x00000190fe44bfe0
Event: 3843.571 Thread 0x00000190fef2f8e0 Thread exited: 0x00000190fef2f8e0


Dynamic libraries:
0x00007ff6c8920000 - 0x00007ff6c892e000 	C:\Program Files\Eclipse Adoptium\jdk-17.0.16.8-hotspot\bin\java.exe
0x00007ffd0d150000 - 0x00007ffd0d348000 	C:\Windows\SYSTEM32\ntdll.dll
0x00007ffd0b2b0000 - 0x00007ffd0b372000 	C:\Windows\System32\KERNEL32.DLL
0x00007ffd0aa40000 - 0x00007ffd0ad36000 	C:\Windows\System32\KERNELBASE.dll
0x00007ffd0ad70000 - 0x00007ffd0ae70000 	C:\Windows\System32\ucrtbase.dll
0x00007ffcf8800000 - 0x00007ffcf8817000 	C:\Program Files\Eclipse Adoptium\jdk-17.0.16.8-hotspot\bin\jli.dll
0x00007ffcf8880000 - 0x00007ffcf889e000 	C:\Program Files\Eclipse Adoptium\jdk-17.0.16.8-hotspot\bin\VCRUNTIME140.dll
0x00007ffd0cd60000 - 0x00007ffd0cefd000 	C:\Windows\System32\USER32.dll
0x00007ffd09c20000 - 0x00007ffd09ebb000 	C:\Windows\WinSxS\amd64_microsoft.windows.common-controls_6595b64144ccf1df_6.0.19041.6280_none_60bc30a171f2f3f3\COMCTL32.dll
0x00007ffd0ad40000 - 0x00007ffd0ad62000 	C:\Windows\System32\win32u.dll
0x00007ffd0b210000 - 0x00007ffd0b2ae000 	C:\Windows\System32\msvcrt.dll
0x00007ffd0c2c0000 - 0x00007ffd0c2eb000 	C:\Windows\System32\GDI32.dll
0x00007ffd0ae70000 - 0x00007ffd0af89000 	C:\Windows\System32\gdi32full.dll
0x00007ffd0a9a0000 - 0x00007ffd0aa3d000 	C:\Windows\System32\msvcp_win.dll
0x00007ffd0b1e0000 - 0x00007ffd0b20f000 	C:\Windows\System32\IMM32.DLL
0x00007ffd00e80000 - 0x00007ffd00e8c000 	C:\Program Files\Eclipse Adoptium\jdk-17.0.16.8-hotspot\bin\vcruntime140_1.dll
0x00007ffce89d0000 - 0x00007ffce8a5d000 	C:\Program Files\Eclipse Adoptium\jdk-17.0.16.8-hotspot\bin\msvcp140.dll
0x00007ffcba270000 - 0x00007ffcbaedb000 	C:\Program Files\Eclipse Adoptium\jdk-17.0.16.8-hotspot\bin\server\jvm.dll
0x00007ffd0c020000 - 0x00007ffd0c0d1000 	C:\Windows\System32\ADVAPI32.dll
0x00007ffd0c4f0000 - 0x00007ffd0c58f000 	C:\Windows\System32\sechost.dll
0x00007ffd0cab0000 - 0x00007ffd0cbd0000 	C:\Windows\System32\RPCRT4.dll
0x00007ffd0b150000 - 0x00007ffd0b177000 	C:\Windows\System32\bcrypt.dll
0x00007ffd0c240000 - 0x00007ffd0c2ab000 	C:\Windows\System32\WS2_32.dll
0x00007ffd0a650000 - 0x00007ffd0a69b000 	C:\Windows\SYSTEM32\POWRPROF.dll
0x00007ffcfafc0000 - 0x00007ffcfafe7000 	C:\Windows\SYSTEM32\WINMM.dll
0x00007ffcff270000 - 0x00007ffcff27a000 	C:\Windows\SYSTEM32\VERSION.dll
0x00007ffd0a630000 - 0x00007ffd0a642000 	C:\Windows\SYSTEM32\UMPDC.dll
0x00007ffd07940000 - 0x00007ffd07952000 	C:\Windows\SYSTEM32\kernel.appcore.dll
0x00007ffd00d70000 - 0x00007ffd00d7a000 	C:\Program Files\Eclipse Adoptium\jdk-17.0.16.8-hotspot\bin\jimage.dll
0x00007ffd0a0d0000 - 0x00007ffd0a2d1000 	C:\Windows\SYSTEM32\DBGHELP.DLL
0x00007ffd0a090000 - 0x00007ffd0a0c4000 	C:\Windows\SYSTEM32\dbgcore.DLL
0x00007ffd0b0c0000 - 0x00007ffd0b142000 	C:\Windows\System32\bcryptPrimitives.dll
0x00007ffcf8d90000 - 0x00007ffcf8d9e000 	C:\Program Files\Eclipse Adoptium\jdk-17.0.16.8-hotspot\bin\instrument.dll
0x00007ffcf87d0000 - 0x00007ffcf87f5000 	C:\Program Files\Eclipse Adoptium\jdk-17.0.16.8-hotspot\bin\java.dll
0x00007ffce68c0000 - 0x00007ffce6997000 	C:\Program Files\Eclipse Adoptium\jdk-17.0.16.8-hotspot\bin\jsvml.dll
0x00007ffd0b550000 - 0x00007ffd0bcc0000 	C:\Windows\System32\SHELL32.dll
0x00007ffd081d0000 - 0x00007ffd08975000 	C:\Windows\SYSTEM32\windows.storage.dll
0x00007ffd0bcc0000 - 0x00007ffd0c013000 	C:\Windows\System32\combase.dll
0x00007ffd09950000 - 0x00007ffd0997b000 	C:\Windows\SYSTEM32\Wldp.dll
0x00007ffd0c2f0000 - 0x00007ffd0c3bd000 	C:\Windows\System32\OLEAUT32.dll
0x00007ffd0c590000 - 0x00007ffd0c63d000 	C:\Windows\System32\SHCORE.dll
0x00007ffd0d0b0000 - 0x00007ffd0d10b000 	C:\Windows\System32\shlwapi.dll
0x00007ffd0a720000 - 0x00007ffd0a744000 	C:\Windows\SYSTEM32\profapi.dll
0x00007ffcf4100000 - 0x00007ffcf4118000 	C:\Program Files\Eclipse Adoptium\jdk-17.0.16.8-hotspot\bin\zip.dll
0x00007ffcf6960000 - 0x00007ffcf6979000 	C:\Program Files\Eclipse Adoptium\jdk-17.0.16.8-hotspot\bin\net.dll
0x00007ffd01ce0000 - 0x00007ffd01dea000 	C:\Windows\SYSTEM32\WINHTTP.dll
0x00007ffd097c0000 - 0x00007ffd0982a000 	C:\Windows\system32\mswsock.dll
0x00007ffcf4250000 - 0x00007ffcf4266000 	C:\Program Files\Eclipse Adoptium\jdk-17.0.16.8-hotspot\bin\nio.dll
0x00007ffd007c0000 - 0x00007ffd007d0000 	C:\Program Files\Eclipse Adoptium\jdk-17.0.16.8-hotspot\bin\verify.dll
0x00007ffcf3a80000 - 0x00007ffcf3aa7000 	C:\Users\ssaha\.gradle\native\c067742578af261105cb4f569cf0c3c89f3d7b1fecec35dd04571415982c5e48\windows-amd64\native-platform.dll
0x00007ffce5de0000 - 0x00007ffce5f24000 	C:\Users\ssaha\.gradle\native\100fb08df4bc3b14c8652ba06237920a3bd2aa13389f12d3474272988ae205f9\windows-amd64\native-platform-file-events.dll
0x00007ffcfee10000 - 0x00007ffcfee1a000 	C:\Program Files\Eclipse Adoptium\jdk-17.0.16.8-hotspot\bin\management.dll
0x00007ffcf8e50000 - 0x00007ffcf8e5b000 	C:\Program Files\Eclipse Adoptium\jdk-17.0.16.8-hotspot\bin\management_ext.dll
0x00007ffd0cd50000 - 0x00007ffd0cd58000 	C:\Windows\System32\PSAPI.DLL
0x00007ffd0a490000 - 0x00007ffd0a4a8000 	C:\Windows\SYSTEM32\CRYPTSP.dll
0x00007ffd09170000 - 0x00007ffd091a8000 	C:\Windows\system32\rsaenh.dll
0x00007ffd0a6e0000 - 0x00007ffd0a70e000 	C:\Windows\SYSTEM32\USERENV.dll
0x00007ffd09a80000 - 0x00007ffd09a8c000 	C:\Windows\SYSTEM32\CRYPTBASE.dll
0x00007ffd094d0000 - 0x00007ffd0950b000 	C:\Windows\SYSTEM32\IPHLPAPI.DLL
0x00007ffd0c2b0000 - 0x00007ffd0c2b8000 	C:\Windows\System32\NSI.dll
0x00007ffd02420000 - 0x00007ffd02437000 	C:\Windows\SYSTEM32\dhcpcsvc6.DLL
0x00007ffd027c0000 - 0x00007ffd027dd000 	C:\Windows\SYSTEM32\dhcpcsvc.DLL
0x00007ffd09510000 - 0x00007ffd095da000 	C:\Windows\SYSTEM32\DNSAPI.dll
0x00007ffcf8e40000 - 0x00007ffcf8e49000 	C:\Program Files\Eclipse Adoptium\jdk-17.0.16.8-hotspot\bin\extnet.dll
0x00007ffd00db0000 - 0x00007ffd00dbe000 	C:\Program Files\Eclipse Adoptium\jdk-17.0.16.8-hotspot\bin\sunmscapi.dll
0x00007ffd0a840000 - 0x00007ffd0a99d000 	C:\Windows\System32\CRYPT32.dll
0x00007ffd09a50000 - 0x00007ffd09a77000 	C:\Windows\SYSTEM32\ncrypt.dll
0x00007ffd09980000 - 0x00007ffd099bb000 	C:\Windows\SYSTEM32\NTASN1.dll
0x00007ffd00da0000 - 0x00007ffd00da7000 	C:\Windows\system32\wshunix.dll
0x00007ffcf4220000 - 0x00007ffcf4237000 	C:\Windows\system32\napinsp.dll
0x00007ffcf43b0000 - 0x00007ffcf43cb000 	C:\Windows\system32\pnrpnsp.dll
0x00007ffd03740000 - 0x00007ffd0375d000 	C:\Windows\system32\wshbth.dll
0x00007ffd05a50000 - 0x00007ffd05a6d000 	C:\Windows\system32\NLAapi.dll
0x00007ffcf41e0000 - 0x00007ffcf41f2000 	C:\Windows\System32\winrnr.dll
0x00007ffcff260000 - 0x00007ffcff26a000 	C:\Windows\System32\rasadhlp.dll
0x00007ffcfd470000 - 0x00007ffcfd4f0000 	C:\Windows\System32\fwpuclnt.dll
0x00007ffd02910000 - 0x00007ffd0292e000 	C:\Users\ssaha\AppData\Local\Temp\native-platform10601707569170317402dir\native-platform.dll
0x00007ffd02b10000 - 0x00007ffd02b17000 	C:\Program Files\Eclipse Adoptium\jdk-17.0.16.8-hotspot\bin\rmi.dll
0x00007ffd0a360000 - 0x00007ffd0a393000 	C:\Windows\SYSTEM32\ntmarta.dll

dbghelp: loaded successfully - version: 4.0.5 - missing functions: none
symbol engine: initialized successfully - sym options: 0x614 - pdb path: .;C:\Program Files\Eclipse Adoptium\jdk-17.0.16.8-hotspot\bin;C:\Windows\SYSTEM32;C:\Windows\WinSxS\amd64_microsoft.windows.common-controls_6595b64144ccf1df_6.0.19041.6280_none_60bc30a171f2f3f3;C:\Program Files\Eclipse Adoptium\jdk-17.0.16.8-hotspot\bin\server;C:\Users\ssaha\.gradle\native\c067742578af261105cb4f569cf0c3c89f3d7b1fecec35dd04571415982c5e48\windows-amd64;C:\Users\ssaha\.gradle\native\100fb08df4bc3b14c8652ba06237920a3bd2aa13389f12d3474272988ae205f9\windows-amd64;C:\Users\ssaha\AppData\Local\Temp\native-platform10601707569170317402dir

VM Arguments:
jvm_args: --add-opens=java.base/java.util=ALL-UNNAMED --add-opens=java.base/java.lang=ALL-UNNAMED --add-opens=java.base/java.lang.invoke=ALL-UNNAMED --add-opens=java.prefs/java.util.prefs=ALL-UNNAMED --add-exports=jdk.compiler/com.sun.tools.javac.api=ALL-UNNAMED --add-exports=jdk.compiler/com.sun.tools.javac.util=ALL-UNNAMED --add-opens=java.base/java.nio.charset=ALL-UNNAMED --add-opens=java.base/java.net=ALL-UNNAMED --add-opens=java.base/java.util.concurrent.atomic=ALL-UNNAMED -Xmx2g -Dfile.encoding=UTF-8 -Duser.country=US -Duser.language=en -Duser.variant -javaagent:C:\Users\ssaha\.gradle\wrapper\dists\gradle-8.9-bin\90cnw93cvbtalezasaz0blq0a\gradle-8.9\lib\agents\gradle-instrumentation-agent-8.9.jar 
java_command: org.gradle.launcher.daemon.bootstrap.GradleDaemon 8.9
java_class_path (initial): C:\Users\ssaha\.gradle\wrapper\dists\gradle-8.9-bin\90cnw93cvbtalezasaz0blq0a\gradle-8.9\lib\gradle-daemon-main-8.9.jar
Launcher Type: SUN_STANDARD

[Global flags]
     intx CICompilerCount                          = 3                                         {product} {ergonomic}
     uint ConcGCThreads                            = 1                                         {product} {ergonomic}
     uint G1ConcRefinementThreads                  = 4                                         {product} {ergonomic}
   size_t G1HeapRegionSize                         = 1048576                                   {product} {ergonomic}
    uintx GCDrainStackTargetSize                   = 64                                        {product} {ergonomic}
   size_t InitialHeapSize                          = 134217728                                 {product} {ergonomic}
   size_t MarkStackSize                            = 4194304                                   {product} {ergonomic}
   size_t MaxHeapSize                              = 2147483648                                {product} {command line}
   size_t MaxNewSize                               = 1287651328                                {product} {ergonomic}
   size_t MinHeapDeltaBytes                        = 1048576                                   {product} {ergonomic}
   size_t MinHeapSize                              = 8388608                                   {product} {ergonomic}
    uintx NonNMethodCodeHeapSize                   = 5832780                                {pd product} {ergonomic}
    uintx NonProfiledCodeHeapSize                  = 122912730                              {pd product} {ergonomic}
    uintx ProfiledCodeHeapSize                     = 122912730                              {pd product} {ergonomic}
    uintx ReservedCodeCacheSize                    = 251658240                              {pd product} {ergonomic}
     bool SegmentedCodeCache                       = true                                      {product} {ergonomic}
   size_t SoftMaxHeapSize                          = 2147483648                             {manageable} {ergonomic}
     bool UseCompressedClassPointers               = true                           {product lp64_product} {ergonomic}
     bool UseCompressedOops                        = true                           {product lp64_product} {ergonomic}
     bool UseG1GC                                  = true                                      {product} {ergonomic}
     bool UseLargePagesIndividualAllocation        = false                                  {pd product} {ergonomic}

Logging:
Log output configuration:
 #0: stdout all=warning uptime,level,tags
 #1: stderr all=off uptime,level,tags

Environment Variables:
JAVA_HOME=C:\Program Files\Eclipse Adoptium\jdk-17.0.16.8-hotspot
CLASSPATH=C:\Mobile\WordGameMobileApp\\gradle\wrapper\gradle-wrapper.jar
PATH=C:\Windows\system32;C:\Windows;C:\Windows\System32\Wbem;C:\Windows\System32\WindowsPowerShell\v1.0\;C:\Windows\System32\OpenSSH\;C:\Program Files\Eclipse Adoptium\jdk-17.0.16.8-hotspot\bin;C:\ProgramData\ComposerSetup\bin;C:\Program Files\nodejs\;C:\Program Files\Git\cmd;C:\Android\sdk\platform-tools;C:\Android\sdk\emulator;C:\Android\sdk\cmdline-tools\latest\bin;C:\Windows\system32;C:\Windows;C:\Windows\System32\Wbem;C:\Windows\System32\WindowsPowerShell\v1.0\;C:\Windows\System32\OpenSSH\;C:\Program Files\Eclipse Adoptium\jdk-17.0.16.8-hotspot\bin;C:\ProgramData\ComposerSetup\bin;C:\Program Files\nodejs\;C:\Program Files\Git\cmd;C:\Android\sdk\platform-tools;C:\Android\sdk\emulator;C:\Android\sdk\cmdline-tools\latest\bin;;C:\Users\ssaha\AppData\Local\Programs\Microsoft VS Code\bin;C:\Users\ssaha\AppData\Local\Programs\cursor\resources\app\bin;C:\Users\ssaha\AppData\Local\Programs\Qoder\bin
USERNAME=ssaha
LANG=en_US.UTF-8
OS=Windows_NT
PROCESSOR_IDENTIFIER=Intel64 Family 6 Model 61 Stepping 4, GenuineIntel
TMP=C:\Users\ssaha\AppData\Local\Temp
TEMP=C:\Users\ssaha\AppData\Local\Temp



Periodic native trim disabled


---------------  S Y S T E M  ---------------

OS:
 Windows 10 , 64 bit Build 19041 (10.0.19041.5915)
OS uptime: 0 days 23:04 hours
Hyper-V role detected

CPU: total 4 (initial active 4) (2 cores per cpu, 2 threads per core) family 6 model 61 stepping 4 microcode 0x2f, cx8, cmov, fxsr, ht, mmx, 3dnowpref, sse, sse2, sse3, ssse3, sse4.1, sse4.2, popcnt, lzcnt, tsc, tscinvbit, avx, avx2, aes, erms, clmul, bmi1, bmi2, adx, fma, vzeroupper, clflush, hv
Processor Information for all 4 processors :
  Max Mhz: 2000, Current Mhz: 2000, Mhz Limit: 2000

Memory: 4k page, system-wide physical 8101M (871M free)
TotalPageFile size 14501M (AvailPageFile size 4508M)
current process WorkingSet (physical memory assigned to process): 2475M, peak: 2505M
current process commit charge ("private bytes"): 2613M, peak: 2735M

vm_info: OpenJDK 64-Bit Server VM (17.0.16+8) for windows-amd64 JRE (17.0.16+8), built on Jul 16 2025 10:37:56 by "admin" with MS VC++ 17.7 (VS2022)

END.
