#
# A fatal error has been detected by the Java Runtime Environment:
#
#  EXCEPTION_ACCESS_VIOLATION (0xc0000005) at pc=0x00007ffcba27c666, pid=12504, tid=14272
#
# JRE version: OpenJDK Runtime Environment Temurin-17.0.16+8 (17.0.16+8) (build 17.0.16+8)
# Java VM: OpenJDK 64-Bit Server VM Temurin-17.0.16+8 (17.0.16+8, mixed mode, sharing, tiered, compressed oops, compressed class ptrs, g1 gc, windows-amd64)
# Problematic frame:
# V  [jvm.dll+0xc666]
#
# No core dump will be written. Minidumps are not enabled by default on client versions of Windows
#
# If you would like to submit a bug report, please visit:
#   https://github.com/adoptium/adoptium-support/issues
#

---------------  S U M M A R Y ------------

Command Line: --add-opens=java.base/java.util=ALL-UNNAMED --add-opens=java.base/java.lang=ALL-UNNAMED --add-opens=java.base/java.lang.invoke=ALL-UNNAMED --add-opens=java.prefs/java.util.prefs=ALL-UNNAMED --add-exports=jdk.compiler/com.sun.tools.javac.api=ALL-UNNAMED --add-exports=jdk.compiler/com.sun.tools.javac.util=ALL-UNNAMED --add-opens=java.base/java.nio.charset=ALL-UNNAMED --add-opens=java.base/java.net=ALL-UNNAMED --add-opens=java.base/java.util.concurrent.atomic=ALL-UNNAMED -Xmx2g -Dfile.encoding=UTF-8 -Duser.country=US -Duser.language=en -Duser.variant -javaagent:C:\Users\ssaha\.gradle\wrapper\dists\gradle-8.9-bin\90cnw93cvbtalezasaz0blq0a\gradle-8.9\lib\agents\gradle-instrumentation-agent-8.9.jar org.gradle.launcher.daemon.bootstrap.GradleDaemon 8.9

Host: Intel(R) Core(TM) i3-5005U CPU @ 2.00GHz, 4 cores, 7G,  Windows 10 , 64 bit Build 19041 (10.0.19041.5915)
Time: Mon Sep 29 21:52:42 2025 Sri Lanka Standard Time elapsed time: 64.080465 seconds (0d 0h 1m 4s)

---------------  T H R E A D  ---------------

Current thread (0x0000021a7fb1b7a0):  GCTaskThread "GC Thread#0" [stack: 0x00000059d9600000,0x00000059d9700000] [id=14272]

Stack: [0x00000059d9600000,0x00000059d9700000],  sp=0x00000059d96ff8b8,  free space=1022k
Native frames: (J=compiled Java code, j=interpreted, Vv=VM code, C=native code)
V  [jvm.dll+0xc666]


siginfo: EXCEPTION_ACCESS_VIOLATION (0xc0000005), reading address 0x0000021a1eda7d00


Registers:
RAX=0x0000000000000001, RBX=0x0000000000000001, RCX=0x00000000ad1e7880, RDX=0x00000000ad1e7880
RSP=0x00000059d96ff8b8, RBP=0x0000021a1eda7cf8, RSI=0x0000021a65236330, RDI=0x0000021a65236330
R8 =0x00000000ad1e7880, R9 =0x0000021a1eda7cf8, R10=0x00000000ad1e7880, R11=0x00007ffcf88914d3
R12=0x0000000000000003, R13=0x0000021a65236330, R14=0x0000000000000000, R15=0x00000000ad1e7880
RIP=0x00007ffcba27c666, EFLAGS=0x0000000000010202

XMM[0]=0x90ea15d801d46318 0x0000000099e0438b
XMM[1]=0x90ea736090ea4000 0xad1e784890e8af00
XMM[2]=0xad1e5c90ad1e5ca8 0xad1e5cc8ad1e5ce8
XMM[3]=0xad1e5bc0ad1e5bd8 0xad1e5bf0ad1e5c10
XMM[4]=0xad1e5af8ad1e5b10 0xad1e5b28ad1e5b40
XMM[5]=0x90ea44c800000000 0x90ea736090ea4000
XMM[6]=0x0000001dc0c2995c 0x00000000262eccc6
XMM[7]=0x0000000000000000 0x0000000000000000
XMM[8]=0x0000000000000000 0x0000000000000000
XMM[9]=0x0000000000000000 0x0000000000000000
XMM[10]=0x0000000000000000 0x0000000000000000
XMM[11]=0x0000000000000000 0x0000000000000000
XMM[12]=0x0000000000000000 0x0000000000000000
XMM[13]=0x0000000000000000 0x0000000000000000
XMM[14]=0x0000000000000000 0x0000000000000000
XMM[15]=0x0000000000000000 0x0000000000000000
  MXCSR=0x00001fa0


Register to memory mapping:

RIP=0x00007ffcba27c666 jvm.dll
RAX=0x0000000000000001 is an unknown value
RBX=0x0000000000000001 is an unknown value
RCX=
[error occurred during error reporting (printing register info), id 0xc0000005, EXCEPTION_ACCESS_VIOLATION (0xc0000005) at pc=0x00007ffcba5433aa]

Top of Stack: (sp=0x00000059d96ff8b8)
0x00000059d96ff8b8:   00007ffcba5769bc 0000000000000001
0x00000059d96ff8c8:   0000000000000001 0000021a1fd85f60
0x00000059d96ff8d8:   0000021a1fd46318 0000000099e02d84
0x00000059d96ff8e8:   00007ffcba575288 0000000000000009
0x00000059d96ff8f8:   0000021a6d1731c0 0000021a65236330
0x00000059d96ff908:   00007ffcba576d77 0000021a652364b0
0x00000059d96ff918:   0000000000000000 0000000000000000
0x00000059d96ff928:   0000021a65236330 0000000000000003
0x00000059d96ff938:   0000021a65236330 0000000099e04404
0x00000059d96ff948:   00000000000023b3 0000000099e04405
0x00000059d96ff958:   00007ffcba577a72 00000000ad1e0000
0x00000059d96ff968:   0000000000000100 0000021a00000000
0x00000059d96ff978:   0000000000000009 0000021a7fad24e0
0x00000059d96ff988:   0000021a1db84620 00000000000cc639
0x00000059d96ff998:   0000000099cdf8b0 0000021a7fad1790
0x00000059d96ff9a8:   00007ffcba577628 00001e5c000023a5
0x00000059d96ff9b8:   0000021a65236330 0000021a00000000
0x00000059d96ff9c8:   0000000000000009 00000059d96ffa40
0x00000059d96ff9d8:   00007ffcba54b599 0000000099cdf8b1
0x00000059d96ff9e8:   00000059d96ffab0 0000000000000002
0x00000059d96ff9f8:   0000000000000000 00000059d9bfed00
0x00000059d96ffa08:   00007ffcba8ec68f 0000000000000000
0x00000059d96ffa18:   0000000000000000 0000000000000000
0x00000059d96ffa28:   0000000000000000 0000000000000000
0x00000059d96ffa38:   00007ffcbaa67cc7 0000021a7fad24e0
0x00000059d96ffa48:   0000021a1db84620 00000000000003d8
0x00000059d96ffa58:   0000021a7fad28c8 0000000000000002
0x00000059d96ffa68:   00007ffcba54bc4a 0000021a65236330
0x00000059d96ffa78:   0000000000000013 00000059d9bfed00
0x00000059d96ffa88:   0000000000000000 00007ffcbabcf970
0x00000059d96ffa98:   0000000200000001 00000000262eccc6
0x00000059d96ffaa8:   0000001dc0c2995c 00007ffcbabc80b8 

Instructions: (pc=0x00007ffcba27c666)
0x00007ffcba27c566:   cc cc cc cc cc cc cc cc cc cc 4c 8b 01 4c 8b c9
0x00007ffcba27c576:   48 8b 0d 53 f6 b6 00 ba 64 60 08 00 e9 19 f1 ff
0x00007ffcba27c586:   ff cc cc cc cc cc cc cc cc cc 8b 05 72 3d b1 00
0x00007ffcba27c596:   c3 cc cc cc cc cc cc cc cc cc 0f b6 05 01 ff b7
0x00007ffcba27c5a6:   00 48 8b d1 84 c0 74 16 44 8b 41 08 8b 0d 50 3d
0x00007ffcba27c5b6:   b1 00 49 d3 e0 4c 03 05 3e 3d b1 00 eb 04 4c 8b
0x00007ffcba27c5c6:   41 08 45 8b 48 08 45 85 c9 7e 0e 41 f6 c1 01 75
0x00007ffcba27c5d6:   53 41 c1 f9 03 41 8b c1 c3 79 49 84 c0 41 b8 0c
0x00007ffcba27c5e6:   00 00 00 8b 05 55 4c b1 00 b9 10 00 00 00 41 0f
0x00007ffcba27c5f6:   45 c8 ff c8 48 98 48 63 14 11 41 8b c9 83 e1 3f
0x00007ffcba27c606:   48 d3 e2 41 8b c9 48 c1 f9 10 44 0f b6 c1 48 8d
0x00007ffcba27c616:   0c 10 48 f7 d0 4c 03 c1 48 c1 e8 03 49 c1 e8 03
0x00007ffcba27c626:   41 23 c0 c3 49 8b 00 49 8b c8 48 ff a0 00 01 00
0x00007ffcba27c636:   00 cc cc cc cc cc cc cc cc cc 8b 44 24 30 45 03
0x00007ffcba27c646:   c9 44 2b 4c 24 28 83 c0 0b 44 03 ca 45 03 c8 41
0x00007ffcba27c656:   03 c1 c3 cc cc cc cc cc cc cc 4c 8b ca 48 8b d1
0x00007ffcba27c666:   45 8b 41 08 45 85 c0 7e 0e 41 f6 c0 01 75 56 41
0x00007ffcba27c676:   c1 f8 03 41 8b c0 c3 79 4c 80 3d 22 fe b7 00 00
0x00007ffcba27c686:   b8 0c 00 00 00 b9 10 00 00 00 0f 45 c8 8b 05 ab
0x00007ffcba27c696:   4b b1 00 ff c8 48 98 48 63 14 11 41 8b c8 83 e1
0x00007ffcba27c6a6:   3f 48 d3 e2 41 8b c8 48 c1 f9 10 44 0f b6 c1 48
0x00007ffcba27c6b6:   8d 0c 10 48 f7 d0 4c 03 c1 48 c1 e8 03 49 c1 e8
0x00007ffcba27c6c6:   03 41 23 c0 c3 49 8b 01 49 8b c9 48 ff a0 00 01
0x00007ffcba27c6d6:   00 00 cc cc cc cc cc cc cc cc 48 8b 41 08 0f b7
0x00007ffcba27c6e6:   48 2a 0f b7 40 28 83 c0 48 03 c1 c3 cc cc cc cc
0x00007ffcba27c6f6:   cc cc cc cc cc cc cc cc cc cc 48 89 5c 24 08 57
0x00007ffcba27c706:   48 83 ec 20 0f b6 05 5f ea bb 00 48 8b fa 48 8b
0x00007ffcba27c716:   d9 84 c0 74 4f 48 85 15 76 e2 bb 00 74 38 48 8b
0x00007ffcba27c726:   ca e8 04 f1 85 00 48 8b d0 48 85 db 74 25 48 85
0x00007ffcba27c736:   c0 74 20 48 8b c7 f0 48 0f b1 13 74 16 48 85 05
0x00007ffcba27c746:   4e e2 bb 00 74 0d 48 8b c8 f0 48 0f b1 13 48 3b
0x00007ffcba27c756:   c1 75 ea 48 8b fa 48 8b c7 48 8b 5c 24 30 48 83 


Stack slot to memory mapping:
stack at sp + 0 slots: 0x00007ffcba5769bc jvm.dll
stack at sp + 1 slots: 0x0000000000000001 is an unknown value
stack at sp + 2 slots: 0x0000000000000001 is an unknown value
stack at sp + 3 slots: 0x0000021a1fd85f60 is a pointer to class: 
com.android.tools.r8.graph.F0 {0x0000021a1fd85f68}
 - instance size:     7
 - klass size:        171
 - access:            public 
 - state:             fully_initialized
 - name:              'com/android/tools/r8/graph/F0'
 - super:             'com/android/tools/r8/graph/f0'
 - sub:               
 - arrays:            NULL
 - methods:           Array<T>(0x0000021a6a1b06e0)
 - method ordering:   Array<T>(0x0000021a1e90a920)
 - default_methods:   Array<T>(0x0000021a6a1b4668)
 - default vtable indices:   Array<T>(0x0000021a6a1b46e8)
 - local interfaces:  Array<T>(0x0000021a6a1af368)
 - trans. interfaces: Array<T>(0x0000021a6a1b4630)
 - constants:         constant pool [1009]/operands[93] {0x0000021a6a1ad018} for 'com/android/tools/r8/graph/F0' cache=0x0000021a6a348528
 - class loader data:  loader data: 0x0000021a656cea30 for instance a 'org/gradle/internal/classloader/VisitableURLClassLoader$InstrumentingVisitableURLClassLoader'{0x00000000825e9c00}
 - source file:       'R8_8.2.47_115170b0e238ab4c8fd3abe4aa31d20c98f8a77f61775e861794cc2d75fbdf13'
 - class annotations:       Array<T>(0x0000000000000000)
 - class type annotations:  Array<T>(0x0000000000000000)
 - field annotations:       Array<T>(0x0000000000000000)
 - field type annotations:  Array<T>(0x0000000000000000)
 - generic signature: 'Lcom/android/tools/r8/graph/f0;Lcom/android/tools/r8/graph/X2;Lcom/android/tools/r8/utils/structural/x<Lcom/android/tools/r8/graph/F0;>;Lcom/android/tools/r8/graph/V2;'
 - inner classes:     Array<T>(0x0000021a6a1b45b0)
 - nest members:     Array<T>(0x0000021a6a1b4620)
 - permitted subclasses:     Array<T>(0x0000021a1e5ccab0)
 - java mirror:       a 'java/lang/Class'{0x00000000955fc4c0} = 'com/android/tools/r8/graph/F0'
 - vtable length      59  (start addr: 0x0000021a1fd86128)
 - itable length      54 (start addr: 0x0000021a1fd86300)
 - ---- static fields (1 words):
 - public static final synthetic 'o' 'Z' @112 
 - ---- non-static fields (11 words):
 - public volatile 'b' 'I' @12 
 - public final 'e' 'I' @16 
 - public final 'f' 'I' @20 
 - public final 'g' 'I' @24 
 - public final 'h' '[Lcom/android/tools/r8/graph/F0$a;' @28 
 - public final 'i' '[Lcom/android/tools/r8/graph/F0$b;' @32 
 - public final 'j' '[Lcom/android/tools/r8/dex/code/B1;' @36 
 - public 'k' 'Lcom/android/tools/r8/graph/D2;' @40 
 - public 'l' 'Lcom/android/tools/r8/graph/S0;' @44 
 - public 'm' 'Lcom/android/tools/r8/graph/V0;' @48 
 - public final 'n' 'Lcom/android/tools/r8/internal/J6;' @52 
 - non-static oop maps: 28-52 
stack at sp + 4 slots: 0x0000021a1fd46318 is a pointer to class: 
com.android.tools.r8.graph.f1 {0x0000021a1fd46320}
 - instance size:     9
 - klass size:        168
 - access:            public 
 - state:             fully_initialized
 - name:              'com/android/tools/r8/graph/f1'
 - super:             'com/android/tools/r8/graph/d1'
 - sub:               
 - arrays:            'com/android/tools/r8/graph/f1'[]
 - methods:           Array<T>(0x0000021a6a036610)
 - method ordering:   Array<T>(0x0000021a1e90a920)
 - default_methods:   Array<T>(0x0000021a6a03f7a8)
 - default vtable indices:   Array<T>(0x0000021a6a03f828)
 - local interfaces:  Array<T>(0x0000021a6a03a728)
 - trans. interfaces: Array<T>(0x0000021a6a03f780)
 - constants:         constant pool [1244]/operands[187] {0x0000021a6a038008} for 'com/android/tools/r8/graph/f1' cache=0x0000021a6a228150
 - class loader data:  loader data: 0x0000021a656cea30 for instance a 'org/gradle/internal/classloader/VisitableURLClassLoader$InstrumentingVisitableURLClassLoader'{0x00000000825e9c00}
 - source file:       'R8_8.2.47_115170b0e238ab4c8fd3abe4aa31d20c98f8a77f61775e861794cc2d75fbdf13'
 - class annotations:       Array<T>(0x0000000000000000)
 - class type annotations:  Array<T>(0x0000000000000000)
 - field annotations:       Array<T>(0x0000000000000000)
 - field type annotations:  Array<T>(0x0000000000000000)
 - generic signature: 'Lcom/android/tools/r8/graph/d1<Lcom/android/tools/r8/graph/f1;Lcom/android/tools/r8/graph/s2;>;Lcom/android/tools/r8/utils/structural/x<Lcom/android/tools/r8/graph/f1;>;'
 - inner classes:     Array<T>(0x0000021a6a03f720)
 - nest members:     Array<T>(0x0000021a6a03f770)
 - permitted subclasses:     Array<T>(0x0000021a1e5ccab0)
 - java mirror:       a 'java/lang/Class'{0x000000008b2ee640} = 'com/android/tools/r8/graph/f1'
 - vtable length      78  (start addr: 0x0000021a1fd464e0)
 - itable length      31 (start addr: 0x0000021a1fd46750)
 - ---- static fields (2 words):
 - public static final 't' '[Lcom/android/tools/r8/graph/f1;' @112 
 - public static final 'u' 'Lcom/android/tools/r8/graph/f1;' @116 
 - public static final 'v' 'Lcom/android/tools/r8/internal/Oq;' @120 
 - public static final synthetic 'w' 'Z' @124 
 - ---- non-static fields (15 words):
 - public 'b' 'Lcom/android/tools/r8/graph/p0;' @12 
 - public final 'd' 'Z' @16 
 - public 'e' 'Lcom/android/tools/r8/androidapi/f;' @20 
 - public final 'f' 'Lcom/android/tools/r8/graph/n2;' @24 
 - public final 'h' 'Z' @17 
 - public 's' 'Z' @18 
 - public final 'g' 'Lcom/android/tools/r8/graph/B4;' @28 
 - public 'i' 'Lcom/android/tools/r8/graph/s5;' @32 
 - public 'j' 'Lcom/android/tools/r8/graph/f0;' @36 
 - public 'k' 'Lcom/android/tools/r8/graph/g1;' @40 
 - public 'l' 'Lcom/android/tools/r8/ir/optimize/info/g;' @44 
 - public 'm' 'Lcom/android/tools/r8/internal/C9;' @48 
 - public 'n' 'Lcom/android/tools/r8/androidapi/f;' @52 
 - public 'o' 'Lcom/android/tools/r8/internal/wA;' @56 
 - public 'p' 'Lcom/android/tools/r8/graph/x3$g;' @60 
 - public 'q' 'Lcom/android/tools/r8/utils/o2;' @64 
 - public 'r' 'Lcom/android/tools/r8/internal/ar;' @68 
 - non-static oop maps: 12-12 20-68 
stack at sp + 5 slots: 0x0000000099e02d84 is pointing into object: [Lcom.android.tools.r8.dex.code.B1; 
{0x0000000099e02c20} - klass: 'com/android/tools/r8/dex/code/B1'[]
 - length: 86
stack at sp + 6 slots: 0x00007ffcba575288 jvm.dll
stack at sp + 7 slots: 0x0000000000000009 is an unknown value


---------------  P R O C E S S  ---------------

Threads class SMR info:
_java_thread_list=0x0000021a6313fc70, length=98, elements={
0x0000021a7fac1360, 0x0000021a1d752ab0, 0x0000021a1d753fe0, 0x0000021a1d76a140,
0x0000021a1d76ca20, 0x0000021a1d76faa0, 0x0000021a1d771fa0, 0x0000021a1d778ee0,
0x0000021a1d77bc60, 0x0000021a1d772ed0, 0x0000021a1d774310, 0x0000021a1d770b60,
0x0000021a1d7738f0, 0x0000021a1d771580, 0x0000021a1d771070, 0x0000021a1d771a90,
0x0000021a1d7724b0, 0x0000021a1d7729c0, 0x0000021a1d7733e0, 0x0000021a64963780,
0x0000021a649641a0, 0x0000021a649646b0, 0x0000021a64964bc0, 0x0000021a64967e60,
0x0000021a64968d90, 0x0000021a649650d0, 0x0000021a64967950, 0x0000021a649655e0,
0x0000021a649692a0, 0x0000021a64966510, 0x0000021a64968370, 0x0000021a649697b0,
0x0000021a64965af0, 0x0000021a64969cc0, 0x0000021a6496a1d0, 0x0000021a6496a6e0,
0x0000021a6496abf0, 0x0000021a64963c90, 0x0000021a64966a20, 0x0000021a65ff5590,
0x0000021a65ffa690, 0x0000021a65ff8830, 0x0000021a65ff5fb0, 0x0000021a65ff8d40,
0x0000021a65ff5aa0, 0x0000021a65ffb0b0, 0x0000021a65ffa180, 0x0000021a65ff9250,
0x0000021a65ffbad0, 0x0000021a65ffbfe0, 0x0000021a65ff4b70, 0x0000021a65ffc4f0,
0x0000021a65ff5080, 0x0000021a1d773e00, 0x0000021a68a74410, 0x0000021a68a725b0,
0x0000021a68a739f0, 0x0000021a68a76270, 0x0000021a68a72fd0, 0x0000021a68a72ac0,
0x0000021a68a76780, 0x0000021a68a77bc0, 0x0000021a68a79000, 0x0000021a68a74920,
0x0000021a68a734e0, 0x0000021a68a73f00, 0x0000021a68a76c90, 0x0000021a68a74e30,
0x0000021a68a75340, 0x0000021a68a780d0, 0x0000021a68a75d60, 0x0000021a68a75850,
0x0000021a68a771a0, 0x0000021a68a785e0, 0x0000021a68a720a0, 0x0000021a68a79a20,
0x0000021a66d584a0, 0x0000021a66d57570, 0x0000021a66d589b0, 0x0000021a66d57f90,
0x0000021a66d56130, 0x0000021a66d57a80, 0x0000021a66d57060, 0x0000021a66d542d0,
0x0000021a66d59df0, 0x0000021a66d52980, 0x0000021a66d5a300, 0x0000021a66d53dc0,
0x0000021a66d52e90, 0x0000021a66d533a0, 0x0000021a66d56640, 0x0000021a66d55200,
0x0000021a66d547e0, 0x0000021a66d56b50, 0x0000021a66d55710, 0x0000021a65ff73f0,
0x0000021a65ff7900, 0x0000021a66eac5b0
}

Java Threads: ( => current thread )
  0x0000021a7fac1360 JavaThread "main" [_thread_blocked, id=7344, stack(0x00000059d9500000,0x00000059d9600000)]
  0x0000021a1d752ab0 JavaThread "Reference Handler" daemon [_thread_blocked, id=7940, stack(0x00000059d9c00000,0x00000059d9d00000)]
  0x0000021a1d753fe0 JavaThread "Finalizer" daemon [_thread_blocked, id=5216, stack(0x00000059d9d00000,0x00000059d9e00000)]
  0x0000021a1d76a140 JavaThread "Signal Dispatcher" daemon [_thread_blocked, id=14596, stack(0x00000059d9e00000,0x00000059d9f00000)]
  0x0000021a1d76ca20 JavaThread "Attach Listener" daemon [_thread_blocked, id=4756, stack(0x00000059d9f00000,0x00000059da000000)]
  0x0000021a1d76faa0 JavaThread "Service Thread" daemon [_thread_blocked, id=13672, stack(0x00000059da000000,0x00000059da100000)]
  0x0000021a1d771fa0 JavaThread "Monitor Deflation Thread" daemon [_thread_blocked, id=9400, stack(0x00000059da100000,0x00000059da200000)]
  0x0000021a1d778ee0 JavaThread "C2 CompilerThread0" daemon [_thread_in_native, id=3112, stack(0x00000059da200000,0x00000059da300000)]
  0x0000021a1d77bc60 JavaThread "C1 CompilerThread0" daemon [_thread_blocked, id=1244, stack(0x00000059da300000,0x00000059da400000)]
  0x0000021a1d772ed0 JavaThread "Sweeper thread" daemon [_thread_blocked, id=8468, stack(0x00000059da400000,0x00000059da500000)]
  0x0000021a1d774310 JavaThread "Common-Cleaner" daemon [_thread_blocked, id=9220, stack(0x00000059da500000,0x00000059da600000)]
  0x0000021a1d770b60 JavaThread "Notification Thread" daemon [_thread_blocked, id=11752, stack(0x00000059da600000,0x00000059da700000)]
  0x0000021a1d7738f0 JavaThread "Daemon health stats" [_thread_blocked, id=13308, stack(0x00000059dad00000,0x00000059dae00000)]
  0x0000021a1d771580 JavaThread "Incoming local TCP Connector on port 60782" [_thread_in_native, id=12632, stack(0x00000059da800000,0x00000059da900000)]
  0x0000021a1d771070 JavaThread "Daemon periodic checks" [_thread_blocked, id=9844, stack(0x00000059dae00000,0x00000059daf00000)]
  0x0000021a1d771a90 JavaThread "Daemon" [_thread_blocked, id=10444, stack(0x00000059daf00000,0x00000059db000000)]
  0x0000021a1d7724b0 JavaThread "Handler for socket connection from /127.0.0.1:60782 to /127.0.0.1:60783" [_thread_in_native, id=7696, stack(0x00000059db000000,0x00000059db100000)]
  0x0000021a1d7729c0 JavaThread "Cancel handler" [_thread_blocked, id=9052, stack(0x00000059db100000,0x00000059db200000)]
  0x0000021a1d7733e0 JavaThread "Daemon worker" [_thread_blocked, id=8308, stack(0x00000059db200000,0x00000059db300000)]
  0x0000021a64963780 JavaThread "Asynchronous log dispatcher for DefaultDaemonConnection: socket connection from /127.0.0.1:60782 to /127.0.0.1:60783" [_thread_blocked, id=11412, stack(0x00000059db300000,0x00000059db400000)]
  0x0000021a649641a0 JavaThread "Stdin handler" [_thread_blocked, id=13328, stack(0x00000059db400000,0x00000059db500000)]
  0x0000021a649646b0 JavaThread "Daemon client event forwarder" [_thread_blocked, id=9340, stack(0x00000059db500000,0x00000059db600000)]
  0x0000021a64964bc0 JavaThread "Cache worker for journal cache (C:\Users\ssaha\.gradle\caches\journal-1)" [_thread_blocked, id=7224, stack(0x00000059db600000,0x00000059db700000)]
  0x0000021a64967e60 JavaThread "File lock request listener" [_thread_in_native, id=10852, stack(0x00000059db700000,0x00000059db800000)]
  0x0000021a64968d90 JavaThread "Cache worker for file hash cache (C:\Users\ssaha\.gradle\caches\8.9\fileHashes)" [_thread_blocked, id=11920, stack(0x00000059db800000,0x00000059db900000)]
  0x0000021a649650d0 JavaThread "Cache worker for file hash cache (C:\Mobile\WordGameMobileApp\.gradle\8.9\fileHashes)" [_thread_blocked, id=440, stack(0x00000059dba00000,0x00000059dbb00000)]
  0x0000021a64967950 JavaThread "Cache worker for Build Output Cleanup Cache (C:\Mobile\WordGameMobileApp\.gradle\buildOutputCleanup)" [_thread_blocked, id=1396, stack(0x00000059dbb00000,0x00000059dbc00000)]
  0x0000021a649655e0 JavaThread "File watcher server" daemon [_thread_blocked, id=5760, stack(0x00000059dbc00000,0x00000059dbd00000)]
  0x0000021a649692a0 JavaThread "File watcher consumer" daemon [_thread_blocked, id=12548, stack(0x00000059dbd00000,0x00000059dbe00000)]
  0x0000021a64966510 JavaThread "Cache worker for checksums cache (C:\Mobile\WordGameMobileApp\.gradle\8.9\checksums)" [_thread_blocked, id=15316, stack(0x00000059dbe00000,0x00000059dbf00000)]
  0x0000021a64968370 JavaThread "Cache worker for file content cache (C:\Users\ssaha\.gradle\caches\8.9\fileContent)" [_thread_blocked, id=7144, stack(0x00000059dbf00000,0x00000059dc000000)]
  0x0000021a649697b0 JavaThread "Cache worker for cache directory md-rule (C:\Users\ssaha\.gradle\caches\8.9\md-rule)" [_thread_blocked, id=9892, stack(0x00000059dc000000,0x00000059dc100000)]
  0x0000021a64965af0 JavaThread "Cache worker for cache directory md-supplier (C:\Users\ssaha\.gradle\caches\8.9\md-supplier)" [_thread_blocked, id=11916, stack(0x00000059db900000,0x00000059dba00000)]
  0x0000021a64969cc0 JavaThread "Unconstrained build operations" [_thread_blocked, id=3588, stack(0x00000059dc200000,0x00000059dc300000)]
  0x0000021a6496a1d0 JavaThread "Unconstrained build operations Thread 2" [_thread_blocked, id=8536, stack(0x00000059dc300000,0x00000059dc400000)]
  0x0000021a6496a6e0 JavaThread "Unconstrained build operations Thread 3" [_thread_blocked, id=5764, stack(0x00000059dc400000,0x00000059dc500000)]
  0x0000021a6496abf0 JavaThread "Unconstrained build operations Thread 4" [_thread_blocked, id=15280, stack(0x00000059dc500000,0x00000059dc600000)]
  0x0000021a64963c90 JavaThread "Unconstrained build operations Thread 5" [_thread_blocked, id=12852, stack(0x00000059dc600000,0x00000059dc700000)]
  0x0000021a64966a20 JavaThread "Unconstrained build operations Thread 6" [_thread_blocked, id=2196, stack(0x00000059dc700000,0x00000059dc800000)]
  0x0000021a65ff5590 JavaThread "Unconstrained build operations Thread 7" [_thread_blocked, id=14404, stack(0x00000059dc800000,0x00000059dc900000)]
  0x0000021a65ffa690 JavaThread "Unconstrained build operations Thread 8" [_thread_blocked, id=11416, stack(0x00000059dc900000,0x00000059dca00000)]
  0x0000021a65ff8830 JavaThread "Unconstrained build operations Thread 9" [_thread_blocked, id=4952, stack(0x00000059dca00000,0x00000059dcb00000)]
  0x0000021a65ff5fb0 JavaThread "Memory manager" [_thread_blocked, id=3492, stack(0x00000059dcb00000,0x00000059dcc00000)]
  0x0000021a65ff8d40 JavaThread "build event listener" [_thread_blocked, id=14984, stack(0x00000059dcc00000,0x00000059dcd00000)]
  0x0000021a65ff5aa0 JavaThread "ForkJoinPool.commonPool-worker-1" daemon [_thread_blocked, id=14368, stack(0x00000059d9200000,0x00000059d9300000)]
  0x0000021a65ffb0b0 JavaThread "ForkJoinPool.commonPool-worker-2" daemon [_thread_blocked, id=4620, stack(0x00000059dcd00000,0x00000059dce00000)]
  0x0000021a65ffa180 JavaThread "ForkJoinPool.commonPool-worker-3" daemon [_thread_blocked, id=10920, stack(0x00000059dce00000,0x00000059dcf00000)]
  0x0000021a65ff9250 JavaThread "included builds" [_thread_blocked, id=5548, stack(0x00000059dcf00000,0x00000059dd000000)]
  0x0000021a65ffbad0 JavaThread "Execution worker" [_thread_blocked, id=14012, stack(0x00000059dd000000,0x00000059dd100000)]
  0x0000021a65ffbfe0 JavaThread "Execution worker Thread 2" [_thread_blocked, id=836, stack(0x00000059dd100000,0x00000059dd200000)]
  0x0000021a65ff4b70 JavaThread "Execution worker Thread 3" [_thread_blocked, id=2292, stack(0x00000059dd200000,0x00000059dd300000)]
  0x0000021a65ffc4f0 JavaThread "Cache worker for execution history cache (C:\Mobile\WordGameMobileApp\.gradle\8.9\executionHistory)" [_thread_blocked, id=8592, stack(0x00000059dd300000,0x00000059dd400000)]
  0x0000021a65ff5080 JavaThread "Unconstrained build operations Thread 10" [_thread_blocked, id=11208, stack(0x00000059dd600000,0x00000059dd700000)]
  0x0000021a1d773e00 JavaThread "Unconstrained build operations Thread 11" [_thread_blocked, id=3360, stack(0x00000059dd700000,0x00000059dd800000)]
  0x0000021a68a74410 JavaThread "Unconstrained build operations Thread 12" [_thread_blocked, id=10744, stack(0x00000059dd800000,0x00000059dd900000)]
  0x0000021a68a725b0 JavaThread "Unconstrained build operations Thread 13" [_thread_blocked, id=8580, stack(0x00000059dd900000,0x00000059dda00000)]
  0x0000021a68a739f0 JavaThread "Unconstrained build operations Thread 14" [_thread_blocked, id=2416, stack(0x00000059dda00000,0x00000059ddb00000)]
  0x0000021a68a76270 JavaThread "Unconstrained build operations Thread 15" [_thread_blocked, id=10564, stack(0x00000059ddb00000,0x00000059ddc00000)]
  0x0000021a68a72fd0 JavaThread "Unconstrained build operations Thread 16" [_thread_blocked, id=4060, stack(0x00000059ddc00000,0x00000059ddd00000)]
  0x0000021a68a72ac0 JavaThread "Unconstrained build operations Thread 17" [_thread_blocked, id=4556, stack(0x00000059ddd00000,0x00000059dde00000)]
  0x0000021a68a76780 JavaThread "Unconstrained build operations Thread 18" [_thread_blocked, id=128, stack(0x00000059dde00000,0x00000059ddf00000)]
  0x0000021a68a77bc0 JavaThread "Unconstrained build operations Thread 19" [_thread_blocked, id=1036, stack(0x00000059ddf00000,0x00000059de000000)]
  0x0000021a68a79000 JavaThread "Unconstrained build operations Thread 20" [_thread_blocked, id=7860, stack(0x00000059de000000,0x00000059de100000)]
  0x0000021a68a74920 JavaThread "Unconstrained build operations Thread 21" [_thread_blocked, id=12524, stack(0x00000059de100000,0x00000059de200000)]
  0x0000021a68a734e0 JavaThread "Unconstrained build operations Thread 22" [_thread_blocked, id=12544, stack(0x00000059de200000,0x00000059de300000)]
  0x0000021a68a73f00 JavaThread "Unconstrained build operations Thread 23" [_thread_blocked, id=14052, stack(0x00000059de300000,0x00000059de400000)]
  0x0000021a68a76c90 JavaThread "Unconstrained build operations Thread 24" [_thread_blocked, id=7248, stack(0x00000059de400000,0x00000059de500000)]
  0x0000021a68a74e30 JavaThread "Unconstrained build operations Thread 25" [_thread_blocked, id=3920, stack(0x00000059de500000,0x00000059de600000)]
  0x0000021a68a75340 JavaThread "Unconstrained build operations Thread 26" [_thread_blocked, id=8792, stack(0x00000059de600000,0x00000059de700000)]
  0x0000021a68a780d0 JavaThread "Unconstrained build operations Thread 27" [_thread_blocked, id=8004, stack(0x00000059dc100000,0x00000059dc200000)]
  0x0000021a68a75d60 JavaThread "Unconstrained build operations Thread 28" [_thread_blocked, id=12596, stack(0x00000059de700000,0x00000059de800000)]
  0x0000021a68a75850 JavaThread "Unconstrained build operations Thread 29" [_thread_blocked, id=7176, stack(0x00000059de800000,0x00000059de900000)]
  0x0000021a68a771a0 JavaThread "Unconstrained build operations Thread 30" [_thread_blocked, id=13104, stack(0x00000059dea00000,0x00000059deb00000)]
  0x0000021a68a785e0 JavaThread "Unconstrained build operations Thread 31" [_thread_blocked, id=3100, stack(0x00000059deb00000,0x00000059dec00000)]
  0x0000021a68a720a0 JavaThread "Unconstrained build operations Thread 32" [_thread_blocked, id=15052, stack(0x00000059dec00000,0x00000059ded00000)]
  0x0000021a68a79a20 JavaThread "Unconstrained build operations Thread 33" [_thread_blocked, id=7492, stack(0x00000059ded00000,0x00000059dee00000)]
  0x0000021a66d584a0 JavaThread "Unconstrained build operations Thread 34" [_thread_blocked, id=7876, stack(0x00000059dee00000,0x00000059def00000)]
  0x0000021a66d57570 JavaThread "Unconstrained build operations Thread 35" [_thread_blocked, id=15056, stack(0x00000059def00000,0x00000059df000000)]
  0x0000021a66d589b0 JavaThread "Unconstrained build operations Thread 36" [_thread_blocked, id=15260, stack(0x00000059df000000,0x00000059df100000)]
  0x0000021a66d57f90 JavaThread "Unconstrained build operations Thread 37" [_thread_blocked, id=1216, stack(0x00000059df100000,0x00000059df200000)]
  0x0000021a66d56130 JavaThread "Unconstrained build operations Thread 38" [_thread_blocked, id=8016, stack(0x00000059df200000,0x00000059df300000)]
  0x0000021a66d57a80 JavaThread "Unconstrained build operations Thread 39" [_thread_blocked, id=5684, stack(0x00000059df300000,0x00000059df400000)]
  0x0000021a66d57060 JavaThread "Unconstrained build operations Thread 40" [_thread_blocked, id=7724, stack(0x00000059df400000,0x00000059df500000)]
  0x0000021a66d542d0 JavaThread "WorkerExecutor Queue" [_thread_in_native, id=4360, stack(0x00000059df500000,0x00000059df600000)]
  0x0000021a66d59df0 JavaThread "RMI Scheduler(0)" daemon [_thread_blocked, id=6536, stack(0x00000059df600000,0x00000059df700000)]
  0x0000021a66d52980 JavaThread "RMI RenewClean-[127.0.0.1:17964,org.jetbrains.kotlin.daemon.common.LoopbackNetworkInterface$ClientLoopbackSocketFactory@ae57645]" daemon [_thread_blocked, id=14092, stack(0x00000059df700000,0x00000059df800000)]
  0x0000021a66d5a300 JavaThread "RMI GC Daemon" daemon [_thread_blocked, id=9380, stack(0x00000059df800000,0x00000059df900000)]
  0x0000021a66d53dc0 JavaThread "RMI TCP Accept-0" daemon [_thread_in_native, id=15024, stack(0x00000059df900000,0x00000059dfa00000)]
  0x0000021a66d52e90 JavaThread "RMI Reaper" [_thread_blocked, id=12800, stack(0x00000059dfa00000,0x00000059dfb00000)]
  0x0000021a66d533a0 JavaThread "RMI TCP Connection(idle)" daemon [_thread_blocked, id=5480, stack(0x00000059dfb00000,0x00000059dfc00000)]
  0x0000021a66d56640 JavaThread "WorkerExecutor Queue Thread 2" [_thread_blocked, id=8832, stack(0x00000059de900000,0x00000059dea00000)]
  0x0000021a66d55200 JavaThread "WorkerExecutor Queue Thread 3" [_thread_blocked, id=5540, stack(0x00000059dfd00000,0x00000059dfe00000)]
  0x0000021a66d547e0 JavaThread "WorkerExecutor Queue Thread 4" [_thread_blocked, id=10068, stack(0x00000059dfe00000,0x00000059dff00000)]
  0x0000021a66d56b50 JavaThread "ForkJoinPool-1-worker-1" daemon [_thread_blocked, id=12612, stack(0x00000059dfc00000,0x00000059dfd00000)]
  0x0000021a66d55710 JavaThread "ForkJoinPool-1-worker-2" daemon [_thread_blocked, id=14388, stack(0x00000059e0100000,0x00000059e0200000)]
  0x0000021a65ff73f0 JavaThread "ForkJoinPool-1-worker-3" daemon [_thread_blocked, id=8132, stack(0x00000059e0200000,0x00000059e0300000)]
  0x0000021a65ff7900 JavaThread "ForkJoinPool-1-worker-4" daemon [_thread_blocked, id=14416, stack(0x00000059e0300000,0x00000059e0400000)]
  0x0000021a66eac5b0 JavaThread "C2 CompilerThread1" daemon [_thread_blocked, id=5868, stack(0x00000059e0400000,0x00000059e0500000)]

Other Threads:
  0x0000021a1d74d4a0 VMThread "VM Thread" [stack: 0x00000059d9b00000,0x00000059d9c00000] [id=13056]
  0x0000021a1da26490 WatcherThread [stack: 0x00000059da700000,0x00000059da800000] [id=15088]
=>0x0000021a7fb1b7a0 GCTaskThread "GC Thread#0" [stack: 0x00000059d9600000,0x00000059d9700000] [id=14272]
  0x0000021a6307e920 GCTaskThread "GC Thread#1" [stack: 0x00000059da900000,0x00000059daa00000] [id=10576]
  0x0000021a6307ebe0 GCTaskThread "GC Thread#2" [stack: 0x00000059daa00000,0x00000059dab00000] [id=10092]
  0x0000021a1db7e830 GCTaskThread "GC Thread#3" [stack: 0x00000059dab00000,0x00000059dac00000] [id=1212]
  0x0000021a7fb2e610 ConcurrentGCThread "G1 Main Marker" [stack: 0x00000059d9700000,0x00000059d9800000] [id=3768]
  0x0000021a7fb2f6e0 ConcurrentGCThread "G1 Conc#0" [stack: 0x00000059d9800000,0x00000059d9900000] [id=9092]
  0x0000021a7fb7e780 ConcurrentGCThread "G1 Refine#0" [stack: 0x00000059d9900000,0x00000059d9a00000] [id=8356]
  0x0000021a638f7a80 ConcurrentGCThread "G1 Refine#1" [stack: 0x00000059dac00000,0x00000059dad00000] [id=4580]
  0x0000021a6551cc50 ConcurrentGCThread "G1 Refine#2" [stack: 0x00000059dff00000,0x00000059e0000000] [id=13500]
  0x0000021a6551db00 ConcurrentGCThread "G1 Refine#3" [stack: 0x00000059e0000000,0x00000059e0100000] [id=416]
  0x0000021a1d608240 ConcurrentGCThread "G1 Service" [stack: 0x00000059d9a00000,0x00000059d9b00000] [id=3556]

Threads with active compile tasks:
C2 CompilerThread0    64163 14455 %     4       com.android.tools.r8.dex.C::a @ 292 (992 bytes)
C2 CompilerThread1    64164 14514       4       com.android.tools.r8.dex.C::h (860 bytes)

VM state: at safepoint (normal execution)

VM Mutex/Monitor currently owned by a thread:  ([mutex/lock_event])
[0x0000021a7faac400] Threads_lock - owner thread: 0x0000021a1d74d4a0
[0x0000021a7faabb90] Heap_lock - owner thread: 0x0000021a65ff7900

Heap address: 0x0000000080000000, size: 2048 MB, Compressed Oops mode: 32-bit

CDS archive(s) mapped at: [0x0000021a1e000000-0x0000021a1ebb0000-0x0000021a1ebb0000), size 12255232, SharedBaseAddress: 0x0000021a1e000000, ArchiveRelocationMode: 1.
Compressed class space mapped at: 0x0000021a1f000000-0x0000021a5f000000, reserved size: 1073741824
Narrow klass base: 0x0000021a1e000000, Narrow klass shift: 0, Narrow klass range: 0x100000000

GC Precious Log:
 CPUs: 4 total, 4 available
 Memory: 8101M
 Large Page Support: Disabled
 NUMA Support: Disabled
 Compressed Oops: Enabled (32-bit)
 Heap Region Size: 1M
 Heap Min Capacity: 8M
 Heap Initial Capacity: 128M
 Heap Max Capacity: 2G
 Pre-touch: Disabled
 Parallel Workers: 4
 Concurrent Workers: 1
 Concurrent Refinement Workers: 4
 Periodic GC: Disabled

Heap:
 garbage-first heap   total 775168K, used 449024K [0x0000000080000000, 0x0000000100000000)
  region size 1024K, 37 young (37888K), 5 survivors (5120K)
 Metaspace       used 99070K, committed 99840K, reserved 1179648K
  class space    used 13949K, committed 14336K, reserved 1048576K

Heap Regions: E=young(eden), S=young(survivor), O=old, HS=humongous(starts), HC=humongous(continues), CS=collection set, F=free, OA=open archive, CA=closed archive, TAMS=top-at-mark-start (previous, next)
|   0|0x0000000080000000, 0x0000000080100000, 0x0000000080100000|100%|HS|  |TAMS 0x0000000080100000, 0x0000000080000000| Complete 
|   1|0x0000000080100000, 0x0000000080200000, 0x0000000080200000|100%|HC|  |TAMS 0x0000000080200000, 0x0000000080100000| Complete 
|   2|0x0000000080200000, 0x0000000080300000, 0x0000000080300000|100%|HC|  |TAMS 0x0000000080300000, 0x0000000080200000| Complete 
|   3|0x0000000080300000, 0x0000000080400000, 0x0000000080400000|100%|HC|  |TAMS 0x0000000080400000, 0x0000000080300000| Complete 
|   4|0x0000000080400000, 0x0000000080500000, 0x0000000080500000|100%| O|  |TAMS 0x0000000080500000, 0x0000000080400000| Untracked 
|   5|0x0000000080500000, 0x0000000080600000, 0x0000000080600000|100%| O|  |TAMS 0x0000000080600000, 0x0000000080500000| Untracked 
|   6|0x0000000080600000, 0x0000000080700000, 0x0000000080700000|100%| O|  |TAMS 0x0000000080700000, 0x0000000080600000| Untracked 
|   7|0x0000000080700000, 0x0000000080800000, 0x0000000080800000|100%| O|  |TAMS 0x0000000080800000, 0x0000000080700000| Untracked 
|   8|0x0000000080800000, 0x0000000080900000, 0x0000000080900000|100%|HS|  |TAMS 0x0000000080900000, 0x0000000080800000| Complete 
|   9|0x0000000080900000, 0x0000000080a00000, 0x0000000080a00000|100%| O|  |TAMS 0x0000000080a00000, 0x0000000080900000| Untracked 
|  10|0x0000000080a00000, 0x0000000080b00000, 0x0000000080b00000|100%| O|  |TAMS 0x0000000080b00000, 0x0000000080a00000| Untracked 
|  11|0x0000000080b00000, 0x0000000080c00000, 0x0000000080c00000|100%| O|  |TAMS 0x0000000080c00000, 0x0000000080b00000| Untracked 
|  12|0x0000000080c00000, 0x0000000080d00000, 0x0000000080d00000|100%| O|  |TAMS 0x0000000080d00000, 0x0000000080c00000| Untracked 
|  13|0x0000000080d00000, 0x0000000080e00000, 0x0000000080e00000|100%| O|  |TAMS 0x0000000080e00000, 0x0000000080d00000| Untracked 
|  14|0x0000000080e00000, 0x0000000080f00000, 0x0000000080f00000|100%| O|  |TAMS 0x0000000080f00000, 0x0000000080e00000| Untracked 
|  15|0x0000000080f00000, 0x0000000081000000, 0x0000000081000000|100%| O|  |TAMS 0x0000000081000000, 0x0000000080f00000| Untracked 
|  16|0x0000000081000000, 0x0000000081100000, 0x0000000081100000|100%| O|  |TAMS 0x0000000081100000, 0x0000000081000000| Untracked 
|  17|0x0000000081100000, 0x0000000081200000, 0x0000000081200000|100%| O|  |TAMS 0x0000000081200000, 0x0000000081100000| Untracked 
|  18|0x0000000081200000, 0x0000000081300000, 0x0000000081300000|100%| O|  |TAMS 0x0000000081300000, 0x0000000081200000| Untracked 
|  19|0x0000000081300000, 0x0000000081400000, 0x0000000081400000|100%| O|  |TAMS 0x0000000081400000, 0x0000000081300000| Untracked 
|  20|0x0000000081400000, 0x0000000081500000, 0x0000000081500000|100%| O|  |TAMS 0x0000000081500000, 0x0000000081400000| Untracked 
|  21|0x0000000081500000, 0x0000000081600000, 0x0000000081600000|100%| O|  |TAMS 0x0000000081600000, 0x0000000081500000| Untracked 
|  22|0x0000000081600000, 0x0000000081700000, 0x0000000081700000|100%| O|  |TAMS 0x0000000081700000, 0x0000000081600000| Untracked 
|  23|0x0000000081700000, 0x0000000081800000, 0x0000000081800000|100%| O|  |TAMS 0x0000000081800000, 0x0000000081700000| Untracked 
|  24|0x0000000081800000, 0x0000000081900000, 0x0000000081900000|100%| O|  |TAMS 0x0000000081900000, 0x0000000081800000| Untracked 
|  25|0x0000000081900000, 0x0000000081a00000, 0x0000000081a00000|100%| O|  |TAMS 0x0000000081a00000, 0x0000000081900000| Untracked 
|  26|0x0000000081a00000, 0x0000000081b00000, 0x0000000081b00000|100%| O|  |TAMS 0x0000000081b00000, 0x0000000081a00000| Untracked 
|  27|0x0000000081b00000, 0x0000000081c00000, 0x0000000081c00000|100%| O|  |TAMS 0x0000000081c00000, 0x0000000081b00000| Untracked 
|  28|0x0000000081c00000, 0x0000000081d00000, 0x0000000081d00000|100%| O|  |TAMS 0x0000000081d00000, 0x0000000081c00000| Untracked 
|  29|0x0000000081d00000, 0x0000000081e00000, 0x0000000081e00000|100%| O|  |TAMS 0x0000000081e00000, 0x0000000081d00000| Untracked 
|  30|0x0000000081e00000, 0x0000000081f00000, 0x0000000081f00000|100%| O|  |TAMS 0x0000000081f00000, 0x0000000081e00000| Untracked 
|  31|0x0000000081f00000, 0x0000000082000000, 0x0000000082000000|100%| O|  |TAMS 0x0000000082000000, 0x0000000081f00000| Untracked 
|  32|0x0000000082000000, 0x0000000082100000, 0x0000000082100000|100%| O|  |TAMS 0x0000000082100000, 0x0000000082000000| Untracked 
|  33|0x0000000082100000, 0x0000000082200000, 0x0000000082200000|100%| O|  |TAMS 0x0000000082200000, 0x0000000082100000| Untracked 
|  34|0x0000000082200000, 0x0000000082300000, 0x0000000082300000|100%| O|  |TAMS 0x0000000082300000, 0x0000000082200000| Untracked 
|  35|0x0000000082300000, 0x0000000082400000, 0x0000000082400000|100%| O|  |TAMS 0x0000000082400000, 0x0000000082300000| Untracked 
|  36|0x0000000082400000, 0x0000000082500000, 0x0000000082500000|100%| O|  |TAMS 0x0000000082500000, 0x0000000082400000| Untracked 
|  37|0x0000000082500000, 0x0000000082600000, 0x0000000082600000|100%| O|  |TAMS 0x0000000082600000, 0x0000000082500000| Untracked 
|  38|0x0000000082600000, 0x0000000082700000, 0x0000000082700000|100%|HS|  |TAMS 0x0000000082700000, 0x0000000082600000| Complete 
|  39|0x0000000082700000, 0x0000000082800000, 0x0000000082800000|100%|HS|  |TAMS 0x0000000082800000, 0x0000000082700000| Complete 
|  40|0x0000000082800000, 0x0000000082900000, 0x0000000082900000|100%|HS|  |TAMS 0x0000000082900000, 0x0000000082800000| Complete 
|  41|0x0000000082900000, 0x0000000082a00000, 0x0000000082a00000|100%|HC|  |TAMS 0x0000000082a00000, 0x0000000082900000| Complete 
|  42|0x0000000082a00000, 0x0000000082b00000, 0x0000000082b00000|100%|HS|  |TAMS 0x0000000082b00000, 0x0000000082a00000| Complete 
|  43|0x0000000082b00000, 0x0000000082c00000, 0x0000000082c00000|100%|HC|  |TAMS 0x0000000082c00000, 0x0000000082b00000| Complete 
|  44|0x0000000082c00000, 0x0000000082d00000, 0x0000000082d00000|100%|HS|  |TAMS 0x0000000082d00000, 0x0000000082c00000| Complete 
|  45|0x0000000082d00000, 0x0000000082e00000, 0x0000000082e00000|100%|HS|  |TAMS 0x0000000082e00000, 0x0000000082d00000| Complete 
|  46|0x0000000082e00000, 0x0000000082f00000, 0x0000000082f00000|100%|HC|  |TAMS 0x0000000082f00000, 0x0000000082e00000| Complete 
|  47|0x0000000082f00000, 0x0000000083000000, 0x0000000083000000|100%|HC|  |TAMS 0x0000000083000000, 0x0000000082f00000| Complete 
|  48|0x0000000083000000, 0x0000000083100000, 0x0000000083100000|100%|HC|  |TAMS 0x0000000083100000, 0x0000000083000000| Complete 
|  49|0x0000000083100000, 0x0000000083200000, 0x0000000083200000|100%|HS|  |TAMS 0x0000000083200000, 0x0000000083100000| Complete 
|  50|0x0000000083200000, 0x0000000083300000, 0x0000000083300000|100%|HS|  |TAMS 0x0000000083300000, 0x0000000083200000| Complete 
|  51|0x0000000083300000, 0x0000000083400000, 0x0000000083400000|100%| O|  |TAMS 0x0000000083400000, 0x0000000083300000| Untracked 
|  52|0x0000000083400000, 0x0000000083500000, 0x0000000083500000|100%| O|  |TAMS 0x0000000083500000, 0x0000000083400000| Untracked 
|  53|0x0000000083500000, 0x0000000083600000, 0x0000000083600000|100%| O|  |TAMS 0x0000000083600000, 0x0000000083500000| Untracked 
|  54|0x0000000083600000, 0x0000000083700000, 0x0000000083700000|100%| O|  |TAMS 0x0000000083700000, 0x0000000083600000| Untracked 
|  55|0x0000000083700000, 0x0000000083800000, 0x0000000083800000|100%| O|  |TAMS 0x0000000083800000, 0x0000000083700000| Untracked 
|  56|0x0000000083800000, 0x0000000083900000, 0x0000000083900000|100%| O|  |TAMS 0x0000000083900000, 0x0000000083800000| Untracked 
|  57|0x0000000083900000, 0x0000000083a00000, 0x0000000083a00000|100%| O|  |TAMS 0x0000000083a00000, 0x0000000083900000| Untracked 
|  58|0x0000000083a00000, 0x0000000083b00000, 0x0000000083b00000|100%| O|  |TAMS 0x0000000083b00000, 0x0000000083a00000| Untracked 
|  59|0x0000000083b00000, 0x0000000083c00000, 0x0000000083c00000|100%| O|  |TAMS 0x0000000083c00000, 0x0000000083b00000| Untracked 
|  60|0x0000000083c00000, 0x0000000083d00000, 0x0000000083d00000|100%| O|  |TAMS 0x0000000083d00000, 0x0000000083c00000| Untracked 
|  61|0x0000000083d00000, 0x0000000083e00000, 0x0000000083e00000|100%| O|  |TAMS 0x0000000083e00000, 0x0000000083d00000| Untracked 
|  62|0x0000000083e00000, 0x0000000083f00000, 0x0000000083f00000|100%| O|  |TAMS 0x0000000083f00000, 0x0000000083e00000| Untracked 
|  63|0x0000000083f00000, 0x0000000084000000, 0x0000000084000000|100%| O|  |TAMS 0x0000000084000000, 0x0000000083f00000| Untracked 
|  64|0x0000000084000000, 0x0000000084100000, 0x0000000084100000|100%| O|  |TAMS 0x0000000084100000, 0x0000000084000000| Untracked 
|  65|0x0000000084100000, 0x0000000084200000, 0x0000000084200000|100%| O|  |TAMS 0x0000000084200000, 0x0000000084100000| Untracked 
|  66|0x0000000084200000, 0x0000000084300000, 0x0000000084300000|100%| O|  |TAMS 0x0000000084300000, 0x0000000084200000| Untracked 
|  67|0x0000000084300000, 0x0000000084400000, 0x0000000084400000|100%| O|  |TAMS 0x0000000084400000, 0x0000000084300000| Untracked 
|  68|0x0000000084400000, 0x0000000084500000, 0x0000000084500000|100%| O|  |TAMS 0x0000000084500000, 0x0000000084400000| Untracked 
|  69|0x0000000084500000, 0x0000000084600000, 0x0000000084600000|100%|HS|  |TAMS 0x0000000084600000, 0x0000000084500000| Complete 
|  70|0x0000000084600000, 0x0000000084700000, 0x0000000084700000|100%|HC|  |TAMS 0x0000000084700000, 0x0000000084600000| Complete 
|  71|0x0000000084700000, 0x0000000084800000, 0x0000000084800000|100%|HC|  |TAMS 0x0000000084800000, 0x0000000084700000| Complete 
|  72|0x0000000084800000, 0x0000000084900000, 0x0000000084900000|100%|HC|  |TAMS 0x0000000084900000, 0x0000000084800000| Complete 
|  73|0x0000000084900000, 0x0000000084a00000, 0x0000000084a00000|100%| O|  |TAMS 0x0000000084a00000, 0x0000000084900000| Untracked 
|  74|0x0000000084a00000, 0x0000000084b00000, 0x0000000084b00000|100%| O|  |TAMS 0x0000000084b00000, 0x0000000084a00000| Untracked 
|  75|0x0000000084b00000, 0x0000000084c00000, 0x0000000084c00000|100%| O|  |TAMS 0x0000000084c00000, 0x0000000084b00000| Untracked 
|  76|0x0000000084c00000, 0x0000000084d00000, 0x0000000084d00000|100%| O|  |TAMS 0x0000000084d00000, 0x0000000084c00000| Untracked 
|  77|0x0000000084d00000, 0x0000000084e00000, 0x0000000084e00000|100%| O|  |TAMS 0x0000000084e00000, 0x0000000084d00000| Untracked 
|  78|0x0000000084e00000, 0x0000000084f00000, 0x0000000084f00000|100%| O|  |TAMS 0x0000000084f00000, 0x0000000084e00000| Untracked 
|  79|0x0000000084f00000, 0x0000000085000000, 0x0000000085000000|100%| O|  |TAMS 0x0000000085000000, 0x0000000084f00000| Untracked 
|  80|0x0000000085000000, 0x0000000085100000, 0x0000000085100000|100%| O|  |TAMS 0x0000000085100000, 0x0000000085000000| Untracked 
|  81|0x0000000085100000, 0x0000000085200000, 0x0000000085200000|100%| O|  |TAMS 0x0000000085200000, 0x0000000085100000| Untracked 
|  82|0x0000000085200000, 0x0000000085300000, 0x0000000085300000|100%| O|  |TAMS 0x0000000085300000, 0x0000000085200000| Untracked 
|  83|0x0000000085300000, 0x0000000085400000, 0x0000000085400000|100%| O|  |TAMS 0x0000000085400000, 0x0000000085300000| Untracked 
|  84|0x0000000085400000, 0x0000000085500000, 0x0000000085500000|100%| O|  |TAMS 0x0000000085500000, 0x0000000085400000| Untracked 
|  85|0x0000000085500000, 0x0000000085600000, 0x0000000085600000|100%| O|  |TAMS 0x0000000085600000, 0x0000000085500000| Untracked 
|  86|0x0000000085600000, 0x0000000085700000, 0x0000000085700000|100%| O|  |TAMS 0x0000000085700000, 0x0000000085600000| Untracked 
|  87|0x0000000085700000, 0x0000000085800000, 0x0000000085800000|100%| O|  |TAMS 0x0000000085800000, 0x0000000085700000| Untracked 
|  88|0x0000000085800000, 0x0000000085900000, 0x0000000085900000|100%| O|  |TAMS 0x0000000085900000, 0x0000000085800000| Untracked 
|  89|0x0000000085900000, 0x0000000085a00000, 0x0000000085a00000|100%| O|  |TAMS 0x0000000085a00000, 0x0000000085900000| Untracked 
|  90|0x0000000085a00000, 0x0000000085b00000, 0x0000000085b00000|100%| O|  |TAMS 0x0000000085b00000, 0x0000000085a00000| Untracked 
|  91|0x0000000085b00000, 0x0000000085c00000, 0x0000000085c00000|100%| O|  |TAMS 0x0000000085c00000, 0x0000000085b00000| Untracked 
|  92|0x0000000085c00000, 0x0000000085d00000, 0x0000000085d00000|100%| O|  |TAMS 0x0000000085d00000, 0x0000000085c00000| Untracked 
|  93|0x0000000085d00000, 0x0000000085e00000, 0x0000000085e00000|100%|HS|  |TAMS 0x0000000085e00000, 0x0000000085d00000| Complete 
|  94|0x0000000085e00000, 0x0000000085f00000, 0x0000000085f00000|100%| O|  |TAMS 0x0000000085f00000, 0x0000000085e00000| Untracked 
|  95|0x0000000085f00000, 0x0000000086000000, 0x0000000086000000|100%| O|  |TAMS 0x0000000086000000, 0x0000000085f00000| Untracked 
|  96|0x0000000086000000, 0x0000000086100000, 0x0000000086100000|100%| O|  |TAMS 0x0000000086100000, 0x0000000086000000| Untracked 
|  97|0x0000000086100000, 0x0000000086200000, 0x0000000086200000|100%| O|  |TAMS 0x0000000086200000, 0x0000000086100000| Untracked 
|  98|0x0000000086200000, 0x0000000086300000, 0x0000000086300000|100%| O|  |TAMS 0x0000000086300000, 0x0000000086200000| Untracked 
|  99|0x0000000086300000, 0x0000000086400000, 0x0000000086400000|100%| O|  |TAMS 0x0000000086400000, 0x0000000086300000| Untracked 
| 100|0x0000000086400000, 0x0000000086500000, 0x0000000086500000|100%| O|  |TAMS 0x0000000086500000, 0x0000000086400000| Untracked 
| 101|0x0000000086500000, 0x0000000086600000, 0x0000000086600000|100%| O|  |TAMS 0x0000000086600000, 0x0000000086500000| Untracked 
| 102|0x0000000086600000, 0x0000000086700000, 0x0000000086700000|100%| O|  |TAMS 0x0000000086700000, 0x0000000086600000| Untracked 
| 103|0x0000000086700000, 0x0000000086800000, 0x0000000086800000|100%| O|  |TAMS 0x0000000086800000, 0x0000000086700000| Untracked 
| 104|0x0000000086800000, 0x0000000086900000, 0x0000000086900000|100%| O|  |TAMS 0x0000000086900000, 0x0000000086800000| Untracked 
| 105|0x0000000086900000, 0x0000000086a00000, 0x0000000086a00000|100%| O|  |TAMS 0x0000000086a00000, 0x0000000086900000| Untracked 
| 106|0x0000000086a00000, 0x0000000086b00000, 0x0000000086b00000|100%| O|  |TAMS 0x0000000086b00000, 0x0000000086a00000| Untracked 
| 107|0x0000000086b00000, 0x0000000086c00000, 0x0000000086c00000|100%| O|  |TAMS 0x0000000086c00000, 0x0000000086b00000| Untracked 
| 108|0x0000000086c00000, 0x0000000086d00000, 0x0000000086d00000|100%|HS|  |TAMS 0x0000000086d00000, 0x0000000086c00000| Complete 
| 109|0x0000000086d00000, 0x0000000086e00000, 0x0000000086e00000|100%|HC|  |TAMS 0x0000000086e00000, 0x0000000086d00000| Complete 
| 110|0x0000000086e00000, 0x0000000086f00000, 0x0000000086f00000|100%|HS|  |TAMS 0x0000000086f00000, 0x0000000086e00000| Complete 
| 111|0x0000000086f00000, 0x0000000087000000, 0x0000000087000000|100%|HC|  |TAMS 0x0000000087000000, 0x0000000086f00000| Complete 
| 112|0x0000000087000000, 0x0000000087100000, 0x0000000087100000|100%|HC|  |TAMS 0x0000000087100000, 0x0000000087000000| Complete 
| 113|0x0000000087100000, 0x0000000087200000, 0x0000000087200000|100%|HC|  |TAMS 0x0000000087200000, 0x0000000087100000| Complete 
| 114|0x0000000087200000, 0x0000000087300000, 0x0000000087300000|100%|HS|  |TAMS 0x0000000087300000, 0x0000000087200000| Complete 
| 115|0x0000000087300000, 0x0000000087400000, 0x0000000087400000|100%|HC|  |TAMS 0x0000000087400000, 0x0000000087300000| Complete 
| 116|0x0000000087400000, 0x0000000087500000, 0x0000000087500000|100%| O|  |TAMS 0x0000000087500000, 0x0000000087400000| Untracked 
| 117|0x0000000087500000, 0x0000000087600000, 0x0000000087600000|100%| O|  |TAMS 0x0000000087600000, 0x0000000087500000| Untracked 
| 118|0x0000000087600000, 0x0000000087700000, 0x0000000087700000|100%| O|  |TAMS 0x0000000087700000, 0x0000000087600000| Untracked 
| 119|0x0000000087700000, 0x0000000087800000, 0x0000000087800000|100%|HS|  |TAMS 0x0000000087800000, 0x0000000087700000| Complete 
| 120|0x0000000087800000, 0x0000000087900000, 0x0000000087900000|100%|HC|  |TAMS 0x0000000087900000, 0x0000000087800000| Complete 
| 121|0x0000000087900000, 0x0000000087a00000, 0x0000000087a00000|100%|HC|  |TAMS 0x0000000087a00000, 0x0000000087900000| Complete 
| 122|0x0000000087a00000, 0x0000000087b00000, 0x0000000087b00000|100%|HC|  |TAMS 0x0000000087b00000, 0x0000000087a00000| Complete 
| 123|0x0000000087b00000, 0x0000000087c00000, 0x0000000087c00000|100%|HC|  |TAMS 0x0000000087c00000, 0x0000000087b00000| Complete 
| 124|0x0000000087c00000, 0x0000000087d00000, 0x0000000087d00000|100%|HC|  |TAMS 0x0000000087d00000, 0x0000000087c00000| Complete 
| 125|0x0000000087d00000, 0x0000000087e00000, 0x0000000087e00000|100%|HC|  |TAMS 0x0000000087e00000, 0x0000000087d00000| Complete 
| 126|0x0000000087e00000, 0x0000000087f00000, 0x0000000087f00000|100%|HC|  |TAMS 0x0000000087f00000, 0x0000000087e00000| Complete 
| 127|0x0000000087f00000, 0x0000000088000000, 0x0000000088000000|100%|HC|  |TAMS 0x0000000088000000, 0x0000000087f00000| Complete 
| 128|0x0000000088000000, 0x0000000088100000, 0x0000000088100000|100%|HC|  |TAMS 0x0000000088100000, 0x0000000088000000| Complete 
| 129|0x0000000088100000, 0x0000000088200000, 0x0000000088200000|100%|HC|  |TAMS 0x0000000088200000, 0x0000000088100000| Complete 
| 130|0x0000000088200000, 0x0000000088300000, 0x0000000088300000|100%|HC|  |TAMS 0x0000000088300000, 0x0000000088200000| Complete 
| 131|0x0000000088300000, 0x0000000088400000, 0x0000000088400000|100%|HC|  |TAMS 0x0000000088400000, 0x0000000088300000| Complete 
| 132|0x0000000088400000, 0x0000000088500000, 0x0000000088500000|100%|HC|  |TAMS 0x0000000088500000, 0x0000000088400000| Complete 
| 133|0x0000000088500000, 0x0000000088600000, 0x0000000088600000|100%|HC|  |TAMS 0x0000000088600000, 0x0000000088500000| Complete 
| 134|0x0000000088600000, 0x0000000088700000, 0x0000000088700000|100%|HC|  |TAMS 0x0000000088700000, 0x0000000088600000| Complete 
| 135|0x0000000088700000, 0x0000000088800000, 0x0000000088800000|100%|HC|  |TAMS 0x0000000088800000, 0x0000000088700000| Complete 
| 136|0x0000000088800000, 0x0000000088900000, 0x0000000088900000|100%|HC|  |TAMS 0x0000000088900000, 0x0000000088800000| Complete 
| 137|0x0000000088900000, 0x0000000088a00000, 0x0000000088a00000|100%|HC|  |TAMS 0x0000000088a00000, 0x0000000088900000| Complete 
| 138|0x0000000088a00000, 0x0000000088b00000, 0x0000000088b00000|100%|HC|  |TAMS 0x0000000088b00000, 0x0000000088a00000| Complete 
| 139|0x0000000088b00000, 0x0000000088c00000, 0x0000000088c00000|100%|HC|  |TAMS 0x0000000088c00000, 0x0000000088b00000| Complete 
| 140|0x0000000088c00000, 0x0000000088d00000, 0x0000000088d00000|100%|HC|  |TAMS 0x0000000088d00000, 0x0000000088c00000| Complete 
| 141|0x0000000088d00000, 0x0000000088e00000, 0x0000000088e00000|100%|HC|  |TAMS 0x0000000088e00000, 0x0000000088d00000| Complete 
| 142|0x0000000088e00000, 0x0000000088f00000, 0x0000000088f00000|100%|HC|  |TAMS 0x0000000088f00000, 0x0000000088e00000| Complete 
| 143|0x0000000088f00000, 0x0000000089000000, 0x0000000089000000|100%|HC|  |TAMS 0x0000000089000000, 0x0000000088f00000| Complete 
| 144|0x0000000089000000, 0x0000000089100000, 0x0000000089100000|100%|HC|  |TAMS 0x0000000089100000, 0x0000000089000000| Complete 
| 145|0x0000000089100000, 0x0000000089200000, 0x0000000089200000|100%|HC|  |TAMS 0x0000000089200000, 0x0000000089100000| Complete 
| 146|0x0000000089200000, 0x0000000089300000, 0x0000000089300000|100%|HC|  |TAMS 0x0000000089300000, 0x0000000089200000| Complete 
| 147|0x0000000089300000, 0x0000000089400000, 0x0000000089400000|100%|HC|  |TAMS 0x0000000089400000, 0x0000000089300000| Complete 
| 148|0x0000000089400000, 0x0000000089500000, 0x0000000089500000|100%|HC|  |TAMS 0x0000000089500000, 0x0000000089400000| Complete 
| 149|0x0000000089500000, 0x0000000089600000, 0x0000000089600000|100%| O|  |TAMS 0x0000000089600000, 0x0000000089500000| Untracked 
| 150|0x0000000089600000, 0x0000000089700000, 0x0000000089700000|100%| O|  |TAMS 0x0000000089700000, 0x0000000089600000| Untracked 
| 151|0x0000000089700000, 0x0000000089800000, 0x0000000089800000|100%|HS|  |TAMS 0x0000000089800000, 0x0000000089700000| Complete 
| 152|0x0000000089800000, 0x0000000089900000, 0x0000000089900000|100%|HS|  |TAMS 0x0000000089900000, 0x0000000089800000| Complete 
| 153|0x0000000089900000, 0x0000000089a00000, 0x0000000089a00000|100%|HC|  |TAMS 0x0000000089a00000, 0x0000000089900000| Complete 
| 154|0x0000000089a00000, 0x0000000089b00000, 0x0000000089b00000|100%|HC|  |TAMS 0x0000000089b00000, 0x0000000089a00000| Complete 
| 155|0x0000000089b00000, 0x0000000089c00000, 0x0000000089c00000|100%|HS|  |TAMS 0x0000000089c00000, 0x0000000089b00000| Complete 
| 156|0x0000000089c00000, 0x0000000089d00000, 0x0000000089d00000|100%|HS|  |TAMS 0x0000000089d00000, 0x0000000089c00000| Complete 
| 157|0x0000000089d00000, 0x0000000089e00000, 0x0000000089e00000|100%|HC|  |TAMS 0x0000000089e00000, 0x0000000089d00000| Complete 
| 158|0x0000000089e00000, 0x0000000089f00000, 0x0000000089f00000|100%|HC|  |TAMS 0x0000000089f00000, 0x0000000089e00000| Complete 
| 159|0x0000000089f00000, 0x000000008a000000, 0x000000008a000000|100%|HS|  |TAMS 0x000000008a000000, 0x0000000089f00000| Complete 
| 160|0x000000008a000000, 0x000000008a100000, 0x000000008a100000|100%|HC|  |TAMS 0x000000008a100000, 0x000000008a000000| Complete 
| 161|0x000000008a100000, 0x000000008a200000, 0x000000008a200000|100%|HS|  |TAMS 0x000000008a200000, 0x000000008a100000| Complete 
| 162|0x000000008a200000, 0x000000008a300000, 0x000000008a300000|100%|HS|  |TAMS 0x000000008a300000, 0x000000008a200000| Complete 
| 163|0x000000008a300000, 0x000000008a400000, 0x000000008a400000|100%|HC|  |TAMS 0x000000008a400000, 0x000000008a300000| Complete 
| 164|0x000000008a400000, 0x000000008a500000, 0x000000008a500000|100%|HS|  |TAMS 0x000000008a500000, 0x000000008a400000| Complete 
| 165|0x000000008a500000, 0x000000008a600000, 0x000000008a600000|100%|HC|  |TAMS 0x000000008a600000, 0x000000008a500000| Complete 
| 166|0x000000008a600000, 0x000000008a700000, 0x000000008a700000|100%|HS|  |TAMS 0x000000008a700000, 0x000000008a600000| Complete 
| 167|0x000000008a700000, 0x000000008a800000, 0x000000008a800000|100%|HS|  |TAMS 0x000000008a800000, 0x000000008a700000| Complete 
| 168|0x000000008a800000, 0x000000008a900000, 0x000000008a900000|100%|HC|  |TAMS 0x000000008a900000, 0x000000008a800000| Complete 
| 169|0x000000008a900000, 0x000000008aa00000, 0x000000008aa00000|100%|HS|  |TAMS 0x000000008aa00000, 0x000000008a900000| Complete 
| 170|0x000000008aa00000, 0x000000008ab00000, 0x000000008ab00000|100%|HC|  |TAMS 0x000000008ab00000, 0x000000008aa00000| Complete 
| 171|0x000000008ab00000, 0x000000008ac00000, 0x000000008ac00000|100%|HC|  |TAMS 0x000000008ac00000, 0x000000008ab00000| Complete 
| 172|0x000000008ac00000, 0x000000008ad00000, 0x000000008ad00000|100%| O|  |TAMS 0x000000008ac00000, 0x000000008ac00000| Untracked 
| 173|0x000000008ad00000, 0x000000008ae00000, 0x000000008ae00000|100%| O|  |TAMS 0x000000008ae00000, 0x000000008ad00000| Untracked 
| 174|0x000000008ae00000, 0x000000008af00000, 0x000000008af00000|100%| O|  |TAMS 0x000000008af00000, 0x000000008ae00000| Untracked 
| 175|0x000000008af00000, 0x000000008b000000, 0x000000008b000000|100%| O|  |TAMS 0x000000008b000000, 0x000000008af00000| Untracked 
| 176|0x000000008b000000, 0x000000008b100000, 0x000000008b100000|100%| O|  |TAMS 0x000000008b000000, 0x000000008b000000| Untracked 
| 177|0x000000008b100000, 0x000000008b200000, 0x000000008b200000|100%| O|  |TAMS 0x000000008b200000, 0x000000008b100000| Untracked 
| 178|0x000000008b200000, 0x000000008b300000, 0x000000008b300000|100%| O|  |TAMS 0x000000008b300000, 0x000000008b200000| Untracked 
| 179|0x000000008b300000, 0x000000008b400000, 0x000000008b400000|100%| O|  |TAMS 0x000000008b400000, 0x000000008b300000| Untracked 
| 180|0x000000008b400000, 0x000000008b500000, 0x000000008b500000|100%| O|  |TAMS 0x000000008b500000, 0x000000008b400000| Untracked 
| 181|0x000000008b500000, 0x000000008b600000, 0x000000008b600000|100%| O|  |TAMS 0x000000008b600000, 0x000000008b500000| Untracked 
| 182|0x000000008b600000, 0x000000008b700000, 0x000000008b700000|100%| O|  |TAMS 0x000000008b700000, 0x000000008b600000| Untracked 
| 183|0x000000008b700000, 0x000000008b800000, 0x000000008b800000|100%| O|  |TAMS 0x000000008b800000, 0x000000008b700000| Untracked 
| 184|0x000000008b800000, 0x000000008b900000, 0x000000008b900000|100%| O|  |TAMS 0x000000008b900000, 0x000000008b800000| Untracked 
| 185|0x000000008b900000, 0x000000008ba00000, 0x000000008ba00000|100%|HS|  |TAMS 0x000000008ba00000, 0x000000008b900000| Complete 
| 186|0x000000008ba00000, 0x000000008bb00000, 0x000000008bb00000|100%|HC|  |TAMS 0x000000008bb00000, 0x000000008ba00000| Complete 
| 187|0x000000008bb00000, 0x000000008bc00000, 0x000000008bc00000|100%| O|  |TAMS 0x000000008bc00000, 0x000000008bb00000| Untracked 
| 188|0x000000008bc00000, 0x000000008bd00000, 0x000000008bd00000|100%|HS|  |TAMS 0x000000008bd00000, 0x000000008bc00000| Complete 
| 189|0x000000008bd00000, 0x000000008be00000, 0x000000008be00000|100%| O|  |TAMS 0x000000008be00000, 0x000000008bd00000| Untracked 
| 190|0x000000008be00000, 0x000000008bf00000, 0x000000008bf00000|100%| O|  |TAMS 0x000000008bf00000, 0x000000008be00000| Untracked 
| 191|0x000000008bf00000, 0x000000008c000000, 0x000000008c000000|100%| O|  |TAMS 0x000000008c000000, 0x000000008bf00000| Untracked 
| 192|0x000000008c000000, 0x000000008c100000, 0x000000008c100000|100%| O|  |TAMS 0x000000008c100000, 0x000000008c000000| Untracked 
| 193|0x000000008c100000, 0x000000008c200000, 0x000000008c200000|100%| O|  |TAMS 0x000000008c200000, 0x000000008c100000| Untracked 
| 194|0x000000008c200000, 0x000000008c300000, 0x000000008c300000|100%| O|  |TAMS 0x000000008c300000, 0x000000008c200000| Untracked 
| 195|0x000000008c300000, 0x000000008c400000, 0x000000008c400000|100%|HS|  |TAMS 0x000000008c400000, 0x000000008c300000| Complete 
| 196|0x000000008c400000, 0x000000008c500000, 0x000000008c500000|100%|HC|  |TAMS 0x000000008c500000, 0x000000008c400000| Complete 
| 197|0x000000008c500000, 0x000000008c600000, 0x000000008c600000|100%|HC|  |TAMS 0x000000008c600000, 0x000000008c500000| Complete 
| 198|0x000000008c600000, 0x000000008c700000, 0x000000008c700000|100%|HC|  |TAMS 0x000000008c700000, 0x000000008c600000| Complete 
| 199|0x000000008c700000, 0x000000008c800000, 0x000000008c800000|100%|HS|  |TAMS 0x000000008c800000, 0x000000008c700000| Complete 
| 200|0x000000008c800000, 0x000000008c900000, 0x000000008c900000|100%|HC|  |TAMS 0x000000008c900000, 0x000000008c800000| Complete 
| 201|0x000000008c900000, 0x000000008ca00000, 0x000000008ca00000|100%| O|  |TAMS 0x000000008c900000, 0x000000008c900000| Untracked 
| 202|0x000000008ca00000, 0x000000008cb00000, 0x000000008cb00000|100%|HS|  |TAMS 0x000000008cb00000, 0x000000008ca00000| Complete 
| 203|0x000000008cb00000, 0x000000008cc00000, 0x000000008cc00000|100%|HC|  |TAMS 0x000000008cc00000, 0x000000008cb00000| Complete 
| 204|0x000000008cc00000, 0x000000008cd00000, 0x000000008cd00000|100%| O|  |TAMS 0x000000008cc00000, 0x000000008cc00000| Untracked 
| 205|0x000000008cd00000, 0x000000008ce00000, 0x000000008ce00000|100%| O|  |TAMS 0x000000008cd00000, 0x000000008cd00000| Untracked 
| 206|0x000000008ce00000, 0x000000008cf00000, 0x000000008cf00000|100%|HS|  |TAMS 0x000000008cf00000, 0x000000008ce00000| Complete 
| 207|0x000000008cf00000, 0x000000008d000000, 0x000000008d000000|100%| O|  |TAMS 0x000000008cf00000, 0x000000008cf00000| Untracked 
| 208|0x000000008d000000, 0x000000008d100000, 0x000000008d100000|100%| O|  |TAMS 0x000000008d000000, 0x000000008d000000| Untracked 
| 209|0x000000008d100000, 0x000000008d200000, 0x000000008d200000|100%| O|  |TAMS 0x000000008d100000, 0x000000008d100000| Untracked 
| 210|0x000000008d200000, 0x000000008d300000, 0x000000008d300000|100%| O|  |TAMS 0x000000008d200000, 0x000000008d200000| Untracked 
| 211|0x000000008d300000, 0x000000008d400000, 0x000000008d400000|100%|HS|  |TAMS 0x000000008d400000, 0x000000008d300000| Complete 
| 212|0x000000008d400000, 0x000000008d500000, 0x000000008d500000|100%| O|  |TAMS 0x000000008d500000, 0x000000008d400000| Untracked 
| 213|0x000000008d500000, 0x000000008d600000, 0x000000008d600000|100%| O|  |TAMS 0x000000008d600000, 0x000000008d500000| Untracked 
| 214|0x000000008d600000, 0x000000008d700000, 0x000000008d700000|100%| O|  |TAMS 0x000000008d700000, 0x000000008d600000| Untracked 
| 215|0x000000008d700000, 0x000000008d800000, 0x000000008d800000|100%| O|  |TAMS 0x000000008d800000, 0x000000008d700000| Untracked 
| 216|0x000000008d800000, 0x000000008d900000, 0x000000008d900000|100%| O|  |TAMS 0x000000008d900000, 0x000000008d800000| Untracked 
| 217|0x000000008d900000, 0x000000008da00000, 0x000000008da00000|100%| O|  |TAMS 0x000000008da00000, 0x000000008d900000| Untracked 
| 218|0x000000008da00000, 0x000000008db00000, 0x000000008db00000|100%| O|  |TAMS 0x000000008db00000, 0x000000008da00000| Untracked 
| 219|0x000000008db00000, 0x000000008dc00000, 0x000000008dc00000|100%| O|  |TAMS 0x000000008dc00000, 0x000000008db00000| Untracked 
| 220|0x000000008dc00000, 0x000000008dd00000, 0x000000008dd00000|100%| O|  |TAMS 0x000000008dd00000, 0x000000008dc00000| Untracked 
| 221|0x000000008dd00000, 0x000000008de00000, 0x000000008de00000|100%| O|  |TAMS 0x000000008de00000, 0x000000008dd00000| Untracked 
| 222|0x000000008de00000, 0x000000008df00000, 0x000000008df00000|100%| O|  |TAMS 0x000000008df00000, 0x000000008de00000| Untracked 
| 223|0x000000008df00000, 0x000000008e000000, 0x000000008e000000|100%| O|  |TAMS 0x000000008e000000, 0x000000008df00000| Untracked 
| 224|0x000000008e000000, 0x000000008e100000, 0x000000008e100000|100%| O|  |TAMS 0x000000008e000000, 0x000000008e000000| Untracked 
| 225|0x000000008e100000, 0x000000008e200000, 0x000000008e200000|100%| O|  |TAMS 0x000000008e200000, 0x000000008e100000| Untracked 
| 226|0x000000008e200000, 0x000000008e300000, 0x000000008e300000|100%| O|  |TAMS 0x000000008e300000, 0x000000008e200000| Untracked 
| 227|0x000000008e300000, 0x000000008e400000, 0x000000008e400000|100%| O|  |TAMS 0x000000008e400000, 0x000000008e300000| Untracked 
| 228|0x000000008e400000, 0x000000008e500000, 0x000000008e500000|100%| O|  |TAMS 0x000000008e500000, 0x000000008e400000| Untracked 
| 229|0x000000008e500000, 0x000000008e600000, 0x000000008e600000|100%| O|  |TAMS 0x000000008e600000, 0x000000008e500000| Untracked 
| 230|0x000000008e600000, 0x000000008e700000, 0x000000008e700000|100%| O|  |TAMS 0x000000008e700000, 0x000000008e600000| Untracked 
| 231|0x000000008e700000, 0x000000008e800000, 0x000000008e800000|100%| O|  |TAMS 0x000000008e800000, 0x000000008e700000| Untracked 
| 232|0x000000008e800000, 0x000000008e900000, 0x000000008e900000|100%| O|  |TAMS 0x000000008e800000, 0x000000008e800000| Untracked 
| 233|0x000000008e900000, 0x000000008ea00000, 0x000000008ea00000|100%| O|  |TAMS 0x000000008e930e00, 0x000000008e900000| Untracked 
| 234|0x000000008ea00000, 0x000000008eb00000, 0x000000008eb00000|100%| O|  |TAMS 0x000000008ea00000, 0x000000008ea00000| Untracked 
| 235|0x000000008eb00000, 0x000000008ec00000, 0x000000008ec00000|100%| O|  |TAMS 0x000000008eb00000, 0x000000008eb00000| Untracked 
| 236|0x000000008ec00000, 0x000000008ed00000, 0x000000008ed00000|100%| O|  |TAMS 0x000000008ec00000, 0x000000008ec00000| Untracked 
| 237|0x000000008ed00000, 0x000000008ee00000, 0x000000008ee00000|100%| O|  |TAMS 0x000000008ed00000, 0x000000008ed00000| Untracked 
| 238|0x000000008ee00000, 0x000000008ef00000, 0x000000008ef00000|100%| O|  |TAMS 0x000000008ee00000, 0x000000008ee00000| Untracked 
| 239|0x000000008ef00000, 0x000000008f000000, 0x000000008f000000|100%|HS|  |TAMS 0x000000008ef00000, 0x000000008ef00000| Complete 
| 240|0x000000008f000000, 0x000000008f100000, 0x000000008f100000|100%|HS|  |TAMS 0x000000008f000000, 0x000000008f000000| Complete 
| 241|0x000000008f100000, 0x000000008f200000, 0x000000008f200000|100%|HC|  |TAMS 0x000000008f100000, 0x000000008f100000| Complete 
| 242|0x000000008f200000, 0x000000008f300000, 0x000000008f300000|100%|HS|  |TAMS 0x000000008f300000, 0x000000008f200000| Complete 
| 243|0x000000008f300000, 0x000000008f400000, 0x000000008f400000|100%|HS|  |TAMS 0x000000008f300000, 0x000000008f300000| Complete 
| 244|0x000000008f400000, 0x000000008f500000, 0x000000008f500000|100%|HC|  |TAMS 0x000000008f400000, 0x000000008f400000| Complete 
| 245|0x000000008f500000, 0x000000008f600000, 0x000000008f600000|100%|HC|  |TAMS 0x000000008f500000, 0x000000008f500000| Complete 
| 246|0x000000008f600000, 0x000000008f700000, 0x000000008f700000|100%| O|  |TAMS 0x000000008f600000, 0x000000008f600000| Untracked 
| 247|0x000000008f700000, 0x000000008f800000, 0x000000008f800000|100%| O|  |TAMS 0x000000008f700000, 0x000000008f700000| Untracked 
| 248|0x000000008f800000, 0x000000008f900000, 0x000000008f900000|100%| O|  |TAMS 0x000000008f800000, 0x000000008f800000| Untracked 
| 249|0x000000008f900000, 0x000000008fa00000, 0x000000008fa00000|100%|HS|  |TAMS 0x000000008fa00000, 0x000000008f900000| Complete 
| 250|0x000000008fa00000, 0x000000008fb00000, 0x000000008fb00000|100%|HC|  |TAMS 0x000000008fb00000, 0x000000008fa00000| Complete 
| 251|0x000000008fb00000, 0x000000008fc00000, 0x000000008fc00000|100%|HC|  |TAMS 0x000000008fc00000, 0x000000008fb00000| Complete 
| 252|0x000000008fc00000, 0x000000008fd00000, 0x000000008fd00000|100%| O|  |TAMS 0x000000008fc00000, 0x000000008fc00000| Untracked 
| 253|0x000000008fd00000, 0x000000008fe00000, 0x000000008fe00000|100%|HS|  |TAMS 0x000000008fe00000, 0x000000008fd00000| Complete 
| 254|0x000000008fe00000, 0x000000008ff00000, 0x000000008ff00000|100%| O|  |TAMS 0x000000008fe00000, 0x000000008fe00000| Untracked 
| 255|0x000000008ff00000, 0x0000000090000000, 0x0000000090000000|100%| O|  |TAMS 0x000000008ff00000, 0x000000008ff00000| Untracked 
| 256|0x0000000090000000, 0x0000000090100000, 0x0000000090100000|100%| O|  |TAMS 0x0000000090000000, 0x0000000090000000| Untracked 
| 257|0x0000000090100000, 0x0000000090200000, 0x0000000090200000|100%| O|  |TAMS 0x0000000090100000, 0x0000000090100000| Untracked 
| 258|0x0000000090200000, 0x0000000090300000, 0x0000000090300000|100%| O|  |TAMS 0x0000000090200000, 0x0000000090200000| Untracked 
| 259|0x0000000090300000, 0x0000000090400000, 0x0000000090400000|100%| O|  |TAMS 0x0000000090300000, 0x0000000090300000| Untracked 
| 260|0x0000000090400000, 0x0000000090500000, 0x0000000090500000|100%|HS|  |TAMS 0x0000000090500000, 0x0000000090400000| Complete 
| 261|0x0000000090500000, 0x0000000090600000, 0x0000000090600000|100%|HC|  |TAMS 0x0000000090600000, 0x0000000090500000| Complete 
| 262|0x0000000090600000, 0x0000000090700000, 0x0000000090700000|100%|HC|  |TAMS 0x0000000090700000, 0x0000000090600000| Complete 
| 263|0x0000000090700000, 0x0000000090800000, 0x0000000090800000|100%| O|  |TAMS 0x0000000090700000, 0x0000000090700000| Untracked 
| 264|0x0000000090800000, 0x0000000090900000, 0x0000000090900000|100%| O|  |TAMS 0x0000000090800000, 0x0000000090800000| Untracked 
| 265|0x0000000090900000, 0x0000000090a00000, 0x0000000090a00000|100%| O|  |TAMS 0x0000000090900000, 0x0000000090900000| Untracked 
| 266|0x0000000090a00000, 0x0000000090b00000, 0x0000000090b00000|100%| O|  |TAMS 0x0000000090a00000, 0x0000000090a00000| Untracked 
| 267|0x0000000090b00000, 0x0000000090c00000, 0x0000000090c00000|100%| O|  |TAMS 0x0000000090b00000, 0x0000000090b00000| Untracked 
| 268|0x0000000090c00000, 0x0000000090d00000, 0x0000000090d00000|100%| O|  |TAMS 0x0000000090c00000, 0x0000000090c00000| Untracked 
| 269|0x0000000090d00000, 0x0000000090e00000, 0x0000000090e00000|100%| O|  |TAMS 0x0000000090d00000, 0x0000000090d00000| Untracked 
| 270|0x0000000090e00000, 0x0000000090f00000, 0x0000000090f00000|100%| O|  |TAMS 0x0000000090e00000, 0x0000000090e00000| Untracked 
| 271|0x0000000090f00000, 0x0000000091000000, 0x0000000091000000|100%| O|  |TAMS 0x0000000090f00000, 0x0000000090f00000| Untracked 
| 272|0x0000000091000000, 0x0000000091100000, 0x0000000091100000|100%| O|  |TAMS 0x0000000091000000, 0x0000000091000000| Untracked 
| 273|0x0000000091100000, 0x0000000091200000, 0x0000000091200000|100%| O|  |TAMS 0x0000000091100000, 0x0000000091100000| Untracked 
| 274|0x0000000091200000, 0x0000000091300000, 0x0000000091300000|100%|HS|  |TAMS 0x0000000091300000, 0x0000000091200000| Complete 
| 275|0x0000000091300000, 0x0000000091400000, 0x0000000091400000|100%|HC|  |TAMS 0x0000000091400000, 0x0000000091300000| Complete 
| 276|0x0000000091400000, 0x0000000091500000, 0x0000000091500000|100%|HC|  |TAMS 0x0000000091500000, 0x0000000091400000| Complete 
| 277|0x0000000091500000, 0x0000000091600000, 0x0000000091600000|100%|HC|  |TAMS 0x0000000091600000, 0x0000000091500000| Complete 
| 278|0x0000000091600000, 0x0000000091700000, 0x0000000091700000|100%|HC|  |TAMS 0x0000000091700000, 0x0000000091600000| Complete 
| 279|0x0000000091700000, 0x0000000091800000, 0x0000000091800000|100%|HC|  |TAMS 0x0000000091800000, 0x0000000091700000| Complete 
| 280|0x0000000091800000, 0x0000000091900000, 0x0000000091900000|100%|HC|  |TAMS 0x0000000091900000, 0x0000000091800000| Complete 
| 281|0x0000000091900000, 0x0000000091a00000, 0x0000000091a00000|100%|HC|  |TAMS 0x0000000091a00000, 0x0000000091900000| Complete 
| 282|0x0000000091a00000, 0x0000000091b00000, 0x0000000091b00000|100%|HC|  |TAMS 0x0000000091b00000, 0x0000000091a00000| Complete 
| 283|0x0000000091b00000, 0x0000000091c00000, 0x0000000091c00000|100%|HC|  |TAMS 0x0000000091c00000, 0x0000000091b00000| Complete 
| 284|0x0000000091c00000, 0x0000000091d00000, 0x0000000091d00000|100%|HC|  |TAMS 0x0000000091d00000, 0x0000000091c00000| Complete 
| 285|0x0000000091d00000, 0x0000000091e00000, 0x0000000091e00000|100%|HC|  |TAMS 0x0000000091e00000, 0x0000000091d00000| Complete 
| 286|0x0000000091e00000, 0x0000000091f00000, 0x0000000091f00000|100%|HC|  |TAMS 0x0000000091f00000, 0x0000000091e00000| Complete 
| 287|0x0000000091f00000, 0x0000000092000000, 0x0000000092000000|100%|HC|  |TAMS 0x0000000092000000, 0x0000000091f00000| Complete 
| 288|0x0000000092000000, 0x0000000092100000, 0x0000000092100000|100%|HC|  |TAMS 0x0000000092100000, 0x0000000092000000| Complete 
| 289|0x0000000092100000, 0x0000000092200000, 0x0000000092200000|100%|HC|  |TAMS 0x0000000092200000, 0x0000000092100000| Complete 
| 290|0x0000000092200000, 0x0000000092300000, 0x0000000092300000|100%|HC|  |TAMS 0x0000000092300000, 0x0000000092200000| Complete 
| 291|0x0000000092300000, 0x0000000092400000, 0x0000000092400000|100%|HC|  |TAMS 0x0000000092400000, 0x0000000092300000| Complete 
| 292|0x0000000092400000, 0x0000000092500000, 0x0000000092500000|100%|HC|  |TAMS 0x0000000092500000, 0x0000000092400000| Complete 
| 293|0x0000000092500000, 0x0000000092600000, 0x0000000092600000|100%|HC|  |TAMS 0x0000000092600000, 0x0000000092500000| Complete 
| 294|0x0000000092600000, 0x0000000092700000, 0x0000000092700000|100%|HC|  |TAMS 0x0000000092700000, 0x0000000092600000| Complete 
| 295|0x0000000092700000, 0x0000000092800000, 0x0000000092800000|100%|HC|  |TAMS 0x0000000092800000, 0x0000000092700000| Complete 
| 296|0x0000000092800000, 0x0000000092900000, 0x0000000092900000|100%|HC|  |TAMS 0x0000000092900000, 0x0000000092800000| Complete 
| 297|0x0000000092900000, 0x0000000092a00000, 0x0000000092a00000|100%|HC|  |TAMS 0x0000000092a00000, 0x0000000092900000| Complete 
| 298|0x0000000092a00000, 0x0000000092b00000, 0x0000000092b00000|100%|HC|  |TAMS 0x0000000092b00000, 0x0000000092a00000| Complete 
| 299|0x0000000092b00000, 0x0000000092c00000, 0x0000000092c00000|100%|HC|  |TAMS 0x0000000092c00000, 0x0000000092b00000| Complete 
| 300|0x0000000092c00000, 0x0000000092d00000, 0x0000000092d00000|100%|HC|  |TAMS 0x0000000092d00000, 0x0000000092c00000| Complete 
| 301|0x0000000092d00000, 0x0000000092e00000, 0x0000000092e00000|100%|HC|  |TAMS 0x0000000092e00000, 0x0000000092d00000| Complete 
| 302|0x0000000092e00000, 0x0000000092f00000, 0x0000000092f00000|100%|HC|  |TAMS 0x0000000092f00000, 0x0000000092e00000| Complete 
| 303|0x0000000092f00000, 0x0000000093000000, 0x0000000093000000|100%|HC|  |TAMS 0x0000000093000000, 0x0000000092f00000| Complete 
| 304|0x0000000093000000, 0x0000000093100000, 0x0000000093100000|100%| O|  |TAMS 0x0000000093000000, 0x0000000093000000| Untracked 
| 305|0x0000000093100000, 0x0000000093200000, 0x0000000093200000|100%| O|  |TAMS 0x0000000093100000, 0x0000000093100000| Untracked 
| 306|0x0000000093200000, 0x0000000093300000, 0x0000000093300000|100%|HS|  |TAMS 0x0000000093300000, 0x0000000093200000| Complete 
| 307|0x0000000093300000, 0x0000000093400000, 0x0000000093400000|100%|HC|  |TAMS 0x0000000093400000, 0x0000000093300000| Complete 
| 308|0x0000000093400000, 0x0000000093500000, 0x0000000093500000|100%|HS|  |TAMS 0x0000000093500000, 0x0000000093400000| Complete 
| 309|0x0000000093500000, 0x0000000093600000, 0x0000000093600000|100%| O|  |TAMS 0x0000000093500000, 0x0000000093500000| Untracked 
| 310|0x0000000093600000, 0x0000000093700000, 0x0000000093700000|100%| O|  |TAMS 0x0000000093600000, 0x0000000093600000| Untracked 
| 311|0x0000000093700000, 0x0000000093800000, 0x0000000093800000|100%| O|  |TAMS 0x0000000093700000, 0x0000000093700000| Untracked 
| 312|0x0000000093800000, 0x0000000093900000, 0x0000000093900000|100%|HS|  |TAMS 0x0000000093900000, 0x0000000093800000| Complete 
| 313|0x0000000093900000, 0x0000000093a00000, 0x0000000093a00000|100%|HC|  |TAMS 0x0000000093a00000, 0x0000000093900000| Complete 
| 314|0x0000000093a00000, 0x0000000093b00000, 0x0000000093b00000|100%| O|  |TAMS 0x0000000093a00000, 0x0000000093a00000| Untracked 
| 315|0x0000000093b00000, 0x0000000093c00000, 0x0000000093c00000|100%| O|  |TAMS 0x0000000093b00000, 0x0000000093b00000| Untracked 
| 316|0x0000000093c00000, 0x0000000093d00000, 0x0000000093d00000|100%| O|  |TAMS 0x0000000093c00000, 0x0000000093c00000| Untracked 
| 317|0x0000000093d00000, 0x0000000093e00000, 0x0000000093e00000|100%|HS|  |TAMS 0x0000000093e00000, 0x0000000093d00000| Complete 
| 318|0x0000000093e00000, 0x0000000093f00000, 0x0000000093f00000|100%|HC|  |TAMS 0x0000000093f00000, 0x0000000093e00000| Complete 
| 319|0x0000000093f00000, 0x0000000094000000, 0x0000000094000000|100%| O|  |TAMS 0x0000000093f00000, 0x0000000093f00000| Untracked 
| 320|0x0000000094000000, 0x0000000094100000, 0x0000000094100000|100%|HS|  |TAMS 0x0000000094100000, 0x0000000094000000| Complete 
| 321|0x0000000094100000, 0x0000000094200000, 0x0000000094200000|100%| O|  |TAMS 0x0000000094100000, 0x0000000094100000| Untracked 
| 322|0x0000000094200000, 0x0000000094300000, 0x0000000094300000|100%| O|  |TAMS 0x0000000094200000, 0x0000000094200000| Untracked 
| 323|0x0000000094300000, 0x0000000094400000, 0x0000000094400000|100%| O|  |TAMS 0x0000000094300000, 0x0000000094300000| Untracked 
| 324|0x0000000094400000, 0x0000000094500000, 0x0000000094500000|100%|HS|  |TAMS 0x0000000094500000, 0x0000000094400000| Complete 
| 325|0x0000000094500000, 0x0000000094600000, 0x0000000094600000|100%|HC|  |TAMS 0x0000000094600000, 0x0000000094500000| Complete 
| 326|0x0000000094600000, 0x0000000094700000, 0x0000000094700000|100%| O|  |TAMS 0x0000000094600000, 0x0000000094600000| Untracked 
| 327|0x0000000094700000, 0x0000000094800000, 0x0000000094800000|100%| O|  |TAMS 0x0000000094700000, 0x0000000094700000| Untracked 
| 328|0x0000000094800000, 0x0000000094900000, 0x0000000094900000|100%| O|  |TAMS 0x0000000094800000, 0x0000000094800000| Untracked 
| 329|0x0000000094900000, 0x0000000094a00000, 0x0000000094a00000|100%| O|  |TAMS 0x0000000094900000, 0x0000000094900000| Untracked 
| 330|0x0000000094a00000, 0x0000000094b00000, 0x0000000094b00000|100%| O|  |TAMS 0x0000000094a00000, 0x0000000094a00000| Untracked 
| 331|0x0000000094b00000, 0x0000000094c00000, 0x0000000094c00000|100%| O|  |TAMS 0x0000000094b00000, 0x0000000094b00000| Untracked 
| 332|0x0000000094c00000, 0x0000000094d00000, 0x0000000094d00000|100%|HS|  |TAMS 0x0000000094d00000, 0x0000000094c00000| Complete 
| 333|0x0000000094d00000, 0x0000000094e00000, 0x0000000094e00000|100%|HC|  |TAMS 0x0000000094e00000, 0x0000000094d00000| Complete 
| 334|0x0000000094e00000, 0x0000000094f00000, 0x0000000094f00000|100%|HC|  |TAMS 0x0000000094f00000, 0x0000000094e00000| Complete 
| 335|0x0000000094f00000, 0x0000000095000000, 0x0000000095000000|100%| O|  |TAMS 0x0000000095000000, 0x0000000094f00000| Untracked 
| 336|0x0000000095000000, 0x0000000095100000, 0x0000000095100000|100%| O|  |TAMS 0x0000000095100000, 0x0000000095000000| Untracked 
| 337|0x0000000095100000, 0x0000000095200000, 0x0000000095200000|100%| O|  |TAMS 0x0000000095200000, 0x0000000095100000| Untracked 
| 338|0x0000000095200000, 0x0000000095300000, 0x0000000095300000|100%| O|  |TAMS 0x0000000095300000, 0x0000000095200000| Untracked 
| 339|0x0000000095300000, 0x0000000095400000, 0x0000000095400000|100%| O|  |TAMS 0x0000000095400000, 0x0000000095300000| Untracked 
| 340|0x0000000095400000, 0x0000000095500000, 0x0000000095500000|100%| O|  |TAMS 0x0000000095500000, 0x0000000095400000| Untracked 
| 341|0x0000000095500000, 0x0000000095600000, 0x0000000095600000|100%| O|  |TAMS 0x0000000095600000, 0x0000000095500000| Untracked 
| 342|0x0000000095600000, 0x0000000095700000, 0x0000000095700000|100%| O|  |TAMS 0x0000000095600000, 0x0000000095600000| Untracked 
| 343|0x0000000095700000, 0x0000000095800000, 0x0000000095800000|100%| O|  |TAMS 0x0000000095700000, 0x0000000095700000| Untracked 
| 344|0x0000000095800000, 0x0000000095900000, 0x0000000095900000|100%| O|  |TAMS 0x0000000095800000, 0x0000000095800000| Untracked 
| 345|0x0000000095900000, 0x0000000095a00000, 0x0000000095a00000|100%| O|  |TAMS 0x0000000095900000, 0x0000000095900000| Untracked 
| 346|0x0000000095a00000, 0x0000000095b00000, 0x0000000095b00000|100%| O|  |TAMS 0x0000000095a00000, 0x0000000095a00000| Untracked 
| 347|0x0000000095b00000, 0x0000000095c00000, 0x0000000095c00000|100%| O|  |TAMS 0x0000000095b00000, 0x0000000095b00000| Untracked 
| 348|0x0000000095c00000, 0x0000000095d00000, 0x0000000095d00000|100%| O|  |TAMS 0x0000000095c00000, 0x0000000095c00000| Untracked 
| 349|0x0000000095d00000, 0x0000000095e00000, 0x0000000095e00000|100%| O|  |TAMS 0x0000000095d00000, 0x0000000095d00000| Untracked 
| 350|0x0000000095e00000, 0x0000000095f00000, 0x0000000095f00000|100%| O|  |TAMS 0x0000000095e00000, 0x0000000095e00000| Untracked 
| 351|0x0000000095f00000, 0x0000000096000000, 0x0000000096000000|100%| O|  |TAMS 0x0000000095f00000, 0x0000000095f00000| Untracked 
| 352|0x0000000096000000, 0x0000000096100000, 0x0000000096100000|100%| O|  |TAMS 0x0000000096000000, 0x0000000096000000| Untracked 
| 353|0x0000000096100000, 0x0000000096200000, 0x0000000096200000|100%| O|  |TAMS 0x0000000096100000, 0x0000000096100000| Untracked 
| 354|0x0000000096200000, 0x0000000096300000, 0x0000000096300000|100%| O|  |TAMS 0x0000000096200000, 0x0000000096200000| Untracked 
| 355|0x0000000096300000, 0x0000000096400000, 0x0000000096400000|100%| O|  |TAMS 0x0000000096300000, 0x0000000096300000| Untracked 
| 356|0x0000000096400000, 0x0000000096500000, 0x0000000096500000|100%| O|  |TAMS 0x0000000096400000, 0x0000000096400000| Untracked 
| 357|0x0000000096500000, 0x0000000096600000, 0x0000000096600000|100%| O|  |TAMS 0x0000000096500000, 0x0000000096500000| Untracked 
| 358|0x0000000096600000, 0x0000000096700000, 0x0000000096700000|100%| O|  |TAMS 0x0000000096600000, 0x0000000096600000| Untracked 
| 359|0x0000000096700000, 0x0000000096800000, 0x0000000096800000|100%| O|  |TAMS 0x0000000096700000, 0x0000000096700000| Untracked 
| 360|0x0000000096800000, 0x0000000096900000, 0x0000000096900000|100%| O|  |TAMS 0x0000000096800000, 0x0000000096800000| Untracked 
| 361|0x0000000096900000, 0x0000000096a00000, 0x0000000096a00000|100%| O|  |TAMS 0x0000000096900000, 0x0000000096900000| Untracked 
| 362|0x0000000096a00000, 0x0000000096b00000, 0x0000000096b00000|100%| O|  |TAMS 0x0000000096a00000, 0x0000000096a00000| Untracked 
| 363|0x0000000096b00000, 0x0000000096c00000, 0x0000000096c00000|100%| O|  |TAMS 0x0000000096b00000, 0x0000000096b00000| Untracked 
| 364|0x0000000096c00000, 0x0000000096d00000, 0x0000000096d00000|100%| O|  |TAMS 0x0000000096c00000, 0x0000000096c00000| Untracked 
| 365|0x0000000096d00000, 0x0000000096e00000, 0x0000000096e00000|100%| O|  |TAMS 0x0000000096d00000, 0x0000000096d00000| Untracked 
| 366|0x0000000096e00000, 0x0000000096f00000, 0x0000000096f00000|100%| O|  |TAMS 0x0000000096e00000, 0x0000000096e00000| Untracked 
| 367|0x0000000096f00000, 0x0000000097000000, 0x0000000097000000|100%| O|  |TAMS 0x0000000096f00000, 0x0000000096f00000| Untracked 
| 368|0x0000000097000000, 0x0000000097100000, 0x0000000097100000|100%| O|  |TAMS 0x0000000097000000, 0x0000000097000000| Untracked 
| 369|0x0000000097100000, 0x0000000097200000, 0x0000000097200000|100%| O|  |TAMS 0x0000000097100000, 0x0000000097100000| Untracked 
| 370|0x0000000097200000, 0x0000000097300000, 0x0000000097300000|100%| O|  |TAMS 0x0000000097200000, 0x0000000097200000| Untracked 
| 371|0x0000000097300000, 0x0000000097400000, 0x0000000097400000|100%| O|  |TAMS 0x0000000097300000, 0x0000000097300000| Untracked 
| 372|0x0000000097400000, 0x0000000097500000, 0x0000000097500000|100%| O|  |TAMS 0x0000000097400000, 0x0000000097400000| Untracked 
| 373|0x0000000097500000, 0x0000000097600000, 0x0000000097600000|100%| O|  |TAMS 0x0000000097500000, 0x0000000097500000| Untracked 
| 374|0x0000000097600000, 0x0000000097700000, 0x0000000097700000|100%| O|  |TAMS 0x0000000097600000, 0x0000000097600000| Untracked 
| 375|0x0000000097700000, 0x0000000097800000, 0x0000000097800000|100%| O|  |TAMS 0x0000000097700000, 0x0000000097700000| Untracked 
| 376|0x0000000097800000, 0x0000000097900000, 0x0000000097900000|100%| O|  |TAMS 0x0000000097800000, 0x0000000097800000| Untracked 
| 377|0x0000000097900000, 0x0000000097a00000, 0x0000000097a00000|100%| O|  |TAMS 0x0000000097900000, 0x0000000097900000| Untracked 
| 378|0x0000000097a00000, 0x0000000097b00000, 0x0000000097b00000|100%| O|  |TAMS 0x0000000097a00000, 0x0000000097a00000| Untracked 
| 379|0x0000000097b00000, 0x0000000097c00000, 0x0000000097c00000|100%| O|  |TAMS 0x0000000097b00000, 0x0000000097b00000| Untracked 
| 380|0x0000000097c00000, 0x0000000097d00000, 0x0000000097d00000|100%| O|  |TAMS 0x0000000097c00000, 0x0000000097c00000| Untracked 
| 381|0x0000000097d00000, 0x0000000097e00000, 0x0000000097e00000|100%| O|  |TAMS 0x0000000097d00000, 0x0000000097d00000| Untracked 
| 382|0x0000000097e00000, 0x0000000097f00000, 0x0000000097f00000|100%| O|  |TAMS 0x0000000097e00000, 0x0000000097e00000| Untracked 
| 383|0x0000000097f00000, 0x0000000098000000, 0x0000000098000000|100%| O|  |TAMS 0x0000000097f00000, 0x0000000097f00000| Untracked 
| 384|0x0000000098000000, 0x0000000098100000, 0x0000000098100000|100%| O|  |TAMS 0x0000000098000000, 0x0000000098000000| Untracked 
| 385|0x0000000098100000, 0x0000000098200000, 0x0000000098200000|100%| O|  |TAMS 0x0000000098100000, 0x0000000098100000| Untracked 
| 386|0x0000000098200000, 0x0000000098300000, 0x0000000098300000|100%| O|  |TAMS 0x0000000098200000, 0x0000000098200000| Untracked 
| 387|0x0000000098300000, 0x0000000098400000, 0x0000000098400000|100%| O|  |TAMS 0x0000000098300000, 0x0000000098300000| Untracked 
| 388|0x0000000098400000, 0x0000000098500000, 0x0000000098500000|100%| O|  |TAMS 0x0000000098400000, 0x0000000098400000| Untracked 
| 389|0x0000000098500000, 0x0000000098600000, 0x0000000098600000|100%| O|  |TAMS 0x0000000098500000, 0x0000000098500000| Untracked 
| 390|0x0000000098600000, 0x0000000098700000, 0x0000000098700000|100%| O|  |TAMS 0x0000000098600000, 0x0000000098600000| Untracked 
| 391|0x0000000098700000, 0x0000000098800000, 0x0000000098800000|100%| O|  |TAMS 0x0000000098700000, 0x0000000098700000| Untracked 
| 392|0x0000000098800000, 0x0000000098900000, 0x0000000098900000|100%| O|  |TAMS 0x0000000098800000, 0x0000000098800000| Untracked 
| 393|0x0000000098900000, 0x0000000098a00000, 0x0000000098a00000|100%| O|  |TAMS 0x0000000098900000, 0x0000000098900000| Untracked 
| 394|0x0000000098a00000, 0x0000000098b00000, 0x0000000098b00000|100%| O|  |TAMS 0x0000000098a00000, 0x0000000098a00000| Untracked 
| 395|0x0000000098b00000, 0x0000000098c00000, 0x0000000098c00000|100%| O|  |TAMS 0x0000000098b00000, 0x0000000098b00000| Untracked 
| 396|0x0000000098c00000, 0x0000000098d00000, 0x0000000098d00000|100%| O|  |TAMS 0x0000000098c00000, 0x0000000098c00000| Untracked 
| 397|0x0000000098d00000, 0x0000000098e00000, 0x0000000098e00000|100%| O|  |TAMS 0x0000000098d00000, 0x0000000098d00000| Untracked 
| 398|0x0000000098e00000, 0x0000000098f00000, 0x0000000098f00000|100%| O|  |TAMS 0x0000000098e00000, 0x0000000098e00000| Untracked 
| 399|0x0000000098f00000, 0x0000000099000000, 0x0000000099000000|100%| O|  |TAMS 0x0000000098f00000, 0x0000000098f00000| Untracked 
| 400|0x0000000099000000, 0x0000000099100000, 0x0000000099100000|100%| O|  |TAMS 0x0000000099000000, 0x0000000099000000| Untracked 
| 401|0x0000000099100000, 0x0000000099200000, 0x0000000099200000|100%| O|  |TAMS 0x0000000099100000, 0x0000000099100000| Untracked 
| 402|0x0000000099200000, 0x0000000099300000, 0x0000000099300000|100%| O|  |TAMS 0x0000000099200000, 0x0000000099200000| Untracked 
| 403|0x0000000099300000, 0x0000000099400000, 0x0000000099400000|100%| O|  |TAMS 0x0000000099300000, 0x0000000099300000| Untracked 
| 404|0x0000000099400000, 0x0000000099500000, 0x0000000099500000|100%| O|  |TAMS 0x0000000099400000, 0x0000000099400000| Untracked 
| 405|0x0000000099500000, 0x0000000099600000, 0x0000000099600000|100%| O|  |TAMS 0x0000000099500000, 0x0000000099500000| Untracked 
| 406|0x0000000099600000, 0x0000000099700000, 0x0000000099700000|100%| O|  |TAMS 0x0000000099600000, 0x0000000099600000| Untracked 
| 407|0x0000000099700000, 0x0000000099800000, 0x0000000099800000|100%| O|  |TAMS 0x0000000099700000, 0x0000000099700000| Untracked 
| 408|0x0000000099800000, 0x0000000099900000, 0x0000000099900000|100%| O|  |TAMS 0x0000000099800000, 0x0000000099800000| Untracked 
| 409|0x0000000099900000, 0x0000000099a00000, 0x0000000099a00000|100%| O|  |TAMS 0x0000000099900000, 0x0000000099900000| Untracked 
| 410|0x0000000099a00000, 0x0000000099b00000, 0x0000000099b00000|100%| O|  |TAMS 0x0000000099a00000, 0x0000000099a00000| Untracked 
| 411|0x0000000099b00000, 0x0000000099c00000, 0x0000000099c00000|100%| O|  |TAMS 0x0000000099b00000, 0x0000000099b00000| Untracked 
| 412|0x0000000099c00000, 0x0000000099d00000, 0x0000000099d00000|100%| O|  |TAMS 0x0000000099c00000, 0x0000000099c00000| Untracked 
| 413|0x0000000099d00000, 0x0000000099e00000, 0x0000000099e00000|100%| O|  |TAMS 0x0000000099d00000, 0x0000000099d00000| Untracked 
| 414|0x0000000099e00000, 0x0000000099f00000, 0x0000000099f00000|100%| O|  |TAMS 0x0000000099e00000, 0x0000000099e00000| Untracked 
| 415|0x0000000099f00000, 0x000000009a000000, 0x000000009a000000|100%| O|  |TAMS 0x0000000099f00000, 0x0000000099f00000| Untracked 
| 416|0x000000009a000000, 0x000000009a100000, 0x000000009a100000|100%| O|  |TAMS 0x000000009a000000, 0x000000009a000000| Untracked 
| 417|0x000000009a100000, 0x000000009a200000, 0x000000009a200000|100%| O|  |TAMS 0x000000009a100000, 0x000000009a100000| Untracked 
| 418|0x000000009a200000, 0x000000009a300000, 0x000000009a300000|100%| O|  |TAMS 0x000000009a200000, 0x000000009a200000| Untracked 
| 419|0x000000009a300000, 0x000000009a380000, 0x000000009a400000| 50%| O|  |TAMS 0x000000009a300000, 0x000000009a300000| Untracked 
| 420|0x000000009a400000, 0x000000009a400000, 0x000000009a500000|  0%| F|  |TAMS 0x000000009a400000, 0x000000009a400000| Untracked 
| 421|0x000000009a500000, 0x000000009a500000, 0x000000009a600000|  0%| F|  |TAMS 0x000000009a500000, 0x000000009a500000| Untracked 
| 422|0x000000009a600000, 0x000000009a600000, 0x000000009a700000|  0%| F|  |TAMS 0x000000009a600000, 0x000000009a600000| Untracked 
| 423|0x000000009a700000, 0x000000009a700000, 0x000000009a800000|  0%| F|  |TAMS 0x000000009a700000, 0x000000009a700000| Untracked 
| 424|0x000000009a800000, 0x000000009a800000, 0x000000009a900000|  0%| F|  |TAMS 0x000000009a800000, 0x000000009a800000| Untracked 
| 425|0x000000009a900000, 0x000000009a900000, 0x000000009aa00000|  0%| F|  |TAMS 0x000000009a900000, 0x000000009a900000| Untracked 
| 426|0x000000009aa00000, 0x000000009aa00000, 0x000000009ab00000|  0%| F|  |TAMS 0x000000009aa00000, 0x000000009aa00000| Untracked 
| 427|0x000000009ab00000, 0x000000009ab00000, 0x000000009ac00000|  0%| F|  |TAMS 0x000000009ab00000, 0x000000009ab00000| Untracked 
| 428|0x000000009ac00000, 0x000000009ac00000, 0x000000009ad00000|  0%| F|  |TAMS 0x000000009ac00000, 0x000000009ac00000| Untracked 
| 429|0x000000009ad00000, 0x000000009ad00000, 0x000000009ae00000|  0%| F|  |TAMS 0x000000009ad00000, 0x000000009ad00000| Untracked 
| 430|0x000000009ae00000, 0x000000009ae00000, 0x000000009af00000|  0%| F|  |TAMS 0x000000009ae00000, 0x000000009ae00000| Untracked 
| 431|0x000000009af00000, 0x000000009af00000, 0x000000009b000000|  0%| F|  |TAMS 0x000000009af00000, 0x000000009af00000| Untracked 
| 432|0x000000009b000000, 0x000000009b000000, 0x000000009b100000|  0%| F|  |TAMS 0x000000009b000000, 0x000000009b000000| Untracked 
| 433|0x000000009b100000, 0x000000009b100000, 0x000000009b200000|  0%| F|  |TAMS 0x000000009b100000, 0x000000009b100000| Untracked 
| 434|0x000000009b200000, 0x000000009b200000, 0x000000009b300000|  0%| F|  |TAMS 0x000000009b200000, 0x000000009b200000| Untracked 
| 435|0x000000009b300000, 0x000000009b300000, 0x000000009b400000|  0%| F|  |TAMS 0x000000009b300000, 0x000000009b300000| Untracked 
| 436|0x000000009b400000, 0x000000009b400000, 0x000000009b500000|  0%| F|  |TAMS 0x000000009b400000, 0x000000009b400000| Untracked 
| 437|0x000000009b500000, 0x000000009b500000, 0x000000009b600000|  0%| F|  |TAMS 0x000000009b500000, 0x000000009b500000| Untracked 
| 438|0x000000009b600000, 0x000000009b600000, 0x000000009b700000|  0%| F|  |TAMS 0x000000009b600000, 0x000000009b600000| Untracked 
| 439|0x000000009b700000, 0x000000009b700000, 0x000000009b800000|  0%| F|  |TAMS 0x000000009b700000, 0x000000009b700000| Untracked 
| 440|0x000000009b800000, 0x000000009b800000, 0x000000009b900000|  0%| F|  |TAMS 0x000000009b800000, 0x000000009b800000| Untracked 
| 441|0x000000009b900000, 0x000000009b900000, 0x000000009ba00000|  0%| F|  |TAMS 0x000000009b900000, 0x000000009b900000| Untracked 
| 442|0x000000009ba00000, 0x000000009ba00000, 0x000000009bb00000|  0%| F|  |TAMS 0x000000009ba00000, 0x000000009ba00000| Untracked 
| 443|0x000000009bb00000, 0x000000009bb00000, 0x000000009bc00000|  0%| F|  |TAMS 0x000000009bb00000, 0x000000009bb00000| Untracked 
| 444|0x000000009bc00000, 0x000000009bc00000, 0x000000009bd00000|  0%| F|  |TAMS 0x000000009bc00000, 0x000000009bc00000| Untracked 
| 445|0x000000009bd00000, 0x000000009bd00000, 0x000000009be00000|  0%| F|  |TAMS 0x000000009bd00000, 0x000000009bd00000| Untracked 
| 446|0x000000009be00000, 0x000000009be00000, 0x000000009bf00000|  0%| F|  |TAMS 0x000000009be00000, 0x000000009be00000| Untracked 
| 447|0x000000009bf00000, 0x000000009bf00000, 0x000000009c000000|  0%| F|  |TAMS 0x000000009bf00000, 0x000000009bf00000| Untracked 
| 448|0x000000009c000000, 0x000000009c000000, 0x000000009c100000|  0%| F|  |TAMS 0x000000009c000000, 0x000000009c000000| Untracked 
| 449|0x000000009c100000, 0x000000009c100000, 0x000000009c200000|  0%| F|  |TAMS 0x000000009c100000, 0x000000009c100000| Untracked 
| 450|0x000000009c200000, 0x000000009c200000, 0x000000009c300000|  0%| F|  |TAMS 0x000000009c200000, 0x000000009c200000| Untracked 
| 451|0x000000009c300000, 0x000000009c300000, 0x000000009c400000|  0%| F|  |TAMS 0x000000009c300000, 0x000000009c300000| Untracked 
| 452|0x000000009c400000, 0x000000009c400000, 0x000000009c500000|  0%| F|  |TAMS 0x000000009c400000, 0x000000009c400000| Untracked 
| 453|0x000000009c500000, 0x000000009c500000, 0x000000009c600000|  0%| F|  |TAMS 0x000000009c500000, 0x000000009c500000| Untracked 
| 454|0x000000009c600000, 0x000000009c600000, 0x000000009c700000|  0%| F|  |TAMS 0x000000009c600000, 0x000000009c600000| Untracked 
| 455|0x000000009c700000, 0x000000009c700000, 0x000000009c800000|  0%| F|  |TAMS 0x000000009c700000, 0x000000009c700000| Untracked 
| 456|0x000000009c800000, 0x000000009c800000, 0x000000009c900000|  0%| F|  |TAMS 0x000000009c800000, 0x000000009c800000| Untracked 
| 457|0x000000009c900000, 0x000000009c900000, 0x000000009ca00000|  0%| F|  |TAMS 0x000000009c900000, 0x000000009c900000| Untracked 
| 458|0x000000009ca00000, 0x000000009ca00000, 0x000000009cb00000|  0%| F|  |TAMS 0x000000009ca00000, 0x000000009ca00000| Untracked 
| 459|0x000000009cb00000, 0x000000009cb00000, 0x000000009cc00000|  0%| F|  |TAMS 0x000000009cb00000, 0x000000009cb00000| Untracked 
| 460|0x000000009cc00000, 0x000000009cc00000, 0x000000009cd00000|  0%| F|  |TAMS 0x000000009cc00000, 0x000000009cc00000| Untracked 
| 461|0x000000009cd00000, 0x000000009cd00000, 0x000000009ce00000|  0%| F|  |TAMS 0x000000009cd00000, 0x000000009cd00000| Untracked 
| 462|0x000000009ce00000, 0x000000009ce00000, 0x000000009cf00000|  0%| F|  |TAMS 0x000000009ce00000, 0x000000009ce00000| Untracked 
| 463|0x000000009cf00000, 0x000000009cf00000, 0x000000009d000000|  0%| F|  |TAMS 0x000000009cf00000, 0x000000009cf00000| Untracked 
| 464|0x000000009d000000, 0x000000009d000000, 0x000000009d100000|  0%| F|  |TAMS 0x000000009d000000, 0x000000009d000000| Untracked 
| 465|0x000000009d100000, 0x000000009d100000, 0x000000009d200000|  0%| F|  |TAMS 0x000000009d100000, 0x000000009d100000| Untracked 
| 466|0x000000009d200000, 0x000000009d200000, 0x000000009d300000|  0%| F|  |TAMS 0x000000009d200000, 0x000000009d200000| Untracked 
| 467|0x000000009d300000, 0x000000009d300000, 0x000000009d400000|  0%| F|  |TAMS 0x000000009d300000, 0x000000009d300000| Untracked 
| 468|0x000000009d400000, 0x000000009d400000, 0x000000009d500000|  0%| F|  |TAMS 0x000000009d400000, 0x000000009d400000| Untracked 
| 469|0x000000009d500000, 0x000000009d500000, 0x000000009d600000|  0%| F|  |TAMS 0x000000009d500000, 0x000000009d500000| Untracked 
| 470|0x000000009d600000, 0x000000009d600000, 0x000000009d700000|  0%| F|  |TAMS 0x000000009d600000, 0x000000009d600000| Untracked 
| 471|0x000000009d700000, 0x000000009d700000, 0x000000009d800000|  0%| F|  |TAMS 0x000000009d700000, 0x000000009d700000| Untracked 
| 472|0x000000009d800000, 0x000000009d800000, 0x000000009d900000|  0%| F|  |TAMS 0x000000009d800000, 0x000000009d800000| Untracked 
| 473|0x000000009d900000, 0x000000009d900000, 0x000000009da00000|  0%| F|  |TAMS 0x000000009d900000, 0x000000009d900000| Untracked 
| 474|0x000000009da00000, 0x000000009da00000, 0x000000009db00000|  0%| F|  |TAMS 0x000000009da00000, 0x000000009da00000| Untracked 
| 475|0x000000009db00000, 0x000000009db00000, 0x000000009dc00000|  0%| F|  |TAMS 0x000000009db00000, 0x000000009db00000| Untracked 
| 476|0x000000009dc00000, 0x000000009dc00000, 0x000000009dd00000|  0%| F|  |TAMS 0x000000009dc00000, 0x000000009dc00000| Untracked 
| 477|0x000000009dd00000, 0x000000009dd00000, 0x000000009de00000|  0%| F|  |TAMS 0x000000009dd00000, 0x000000009dd00000| Untracked 
| 478|0x000000009de00000, 0x000000009de00000, 0x000000009df00000|  0%| F|  |TAMS 0x000000009de00000, 0x000000009de00000| Untracked 
| 479|0x000000009df00000, 0x000000009df00000, 0x000000009e000000|  0%| F|  |TAMS 0x000000009df00000, 0x000000009df00000| Untracked 
| 480|0x000000009e000000, 0x000000009e000000, 0x000000009e100000|  0%| F|  |TAMS 0x000000009e000000, 0x000000009e000000| Untracked 
| 481|0x000000009e100000, 0x000000009e100000, 0x000000009e200000|  0%| F|  |TAMS 0x000000009e100000, 0x000000009e100000| Untracked 
| 482|0x000000009e200000, 0x000000009e200000, 0x000000009e300000|  0%| F|  |TAMS 0x000000009e200000, 0x000000009e200000| Untracked 
| 483|0x000000009e300000, 0x000000009e300000, 0x000000009e400000|  0%| F|  |TAMS 0x000000009e300000, 0x000000009e300000| Untracked 
| 484|0x000000009e400000, 0x000000009e400000, 0x000000009e500000|  0%| F|  |TAMS 0x000000009e400000, 0x000000009e400000| Untracked 
| 485|0x000000009e500000, 0x000000009e500000, 0x000000009e600000|  0%| F|  |TAMS 0x000000009e500000, 0x000000009e500000| Untracked 
| 486|0x000000009e600000, 0x000000009e600000, 0x000000009e700000|  0%| F|  |TAMS 0x000000009e600000, 0x000000009e600000| Untracked 
| 487|0x000000009e700000, 0x000000009e700000, 0x000000009e800000|  0%| F|  |TAMS 0x000000009e700000, 0x000000009e700000| Untracked 
| 488|0x000000009e800000, 0x000000009e800000, 0x000000009e900000|  0%| F|  |TAMS 0x000000009e800000, 0x000000009e800000| Untracked 
| 489|0x000000009e900000, 0x000000009e900000, 0x000000009ea00000|  0%| F|  |TAMS 0x000000009e900000, 0x000000009e900000| Untracked 
| 490|0x000000009ea00000, 0x000000009ea00000, 0x000000009eb00000|  0%| F|  |TAMS 0x000000009ea00000, 0x000000009ea00000| Untracked 
| 491|0x000000009eb00000, 0x000000009eb00000, 0x000000009ec00000|  0%| F|  |TAMS 0x000000009eb00000, 0x000000009eb00000| Untracked 
| 492|0x000000009ec00000, 0x000000009ec00000, 0x000000009ed00000|  0%| F|  |TAMS 0x000000009ec00000, 0x000000009ec00000| Untracked 
| 493|0x000000009ed00000, 0x000000009ed00000, 0x000000009ee00000|  0%| F|  |TAMS 0x000000009ed00000, 0x000000009ed00000| Untracked 
| 494|0x000000009ee00000, 0x000000009ee00000, 0x000000009ef00000|  0%| F|  |TAMS 0x000000009ee00000, 0x000000009ee00000| Untracked 
| 495|0x000000009ef00000, 0x000000009ef00000, 0x000000009f000000|  0%| F|  |TAMS 0x000000009ef00000, 0x000000009ef00000| Untracked 
| 496|0x000000009f000000, 0x000000009f000000, 0x000000009f100000|  0%| F|  |TAMS 0x000000009f000000, 0x000000009f000000| Untracked 
| 497|0x000000009f100000, 0x000000009f100000, 0x000000009f200000|  0%| F|  |TAMS 0x000000009f100000, 0x000000009f100000| Untracked 
| 498|0x000000009f200000, 0x000000009f200000, 0x000000009f300000|  0%| F|  |TAMS 0x000000009f200000, 0x000000009f200000| Untracked 
| 499|0x000000009f300000, 0x000000009f300000, 0x000000009f400000|  0%| F|  |TAMS 0x000000009f300000, 0x000000009f300000| Untracked 
| 500|0x000000009f400000, 0x000000009f400000, 0x000000009f500000|  0%| F|  |TAMS 0x000000009f400000, 0x000000009f400000| Untracked 
| 501|0x000000009f500000, 0x000000009f500000, 0x000000009f600000|  0%| F|  |TAMS 0x000000009f500000, 0x000000009f500000| Untracked 
| 502|0x000000009f600000, 0x000000009f600000, 0x000000009f700000|  0%| F|  |TAMS 0x000000009f600000, 0x000000009f600000| Untracked 
| 503|0x000000009f700000, 0x000000009f700000, 0x000000009f800000|  0%| F|  |TAMS 0x000000009f700000, 0x000000009f700000| Untracked 
| 504|0x000000009f800000, 0x000000009f800000, 0x000000009f900000|  0%| F|  |TAMS 0x000000009f800000, 0x000000009f800000| Untracked 
| 505|0x000000009f900000, 0x000000009f900000, 0x000000009fa00000|  0%| F|  |TAMS 0x000000009f900000, 0x000000009f900000| Untracked 
| 506|0x000000009fa00000, 0x000000009fa00000, 0x000000009fb00000|  0%| F|  |TAMS 0x000000009fa00000, 0x000000009fa00000| Untracked 
| 507|0x000000009fb00000, 0x000000009fb00000, 0x000000009fc00000|  0%| F|  |TAMS 0x000000009fb00000, 0x000000009fb00000| Untracked 
| 508|0x000000009fc00000, 0x000000009fc00000, 0x000000009fd00000|  0%| F|  |TAMS 0x000000009fc00000, 0x000000009fc00000| Untracked 
| 509|0x000000009fd00000, 0x000000009fd00000, 0x000000009fe00000|  0%| F|  |TAMS 0x000000009fd00000, 0x000000009fd00000| Untracked 
| 510|0x000000009fe00000, 0x000000009fe00000, 0x000000009ff00000|  0%| F|  |TAMS 0x000000009fe00000, 0x000000009fe00000| Untracked 
| 511|0x000000009ff00000, 0x000000009ff00000, 0x00000000a0000000|  0%| F|  |TAMS 0x000000009ff00000, 0x000000009ff00000| Untracked 
| 512|0x00000000a0000000, 0x00000000a0000000, 0x00000000a0100000|  0%| F|  |TAMS 0x00000000a0000000, 0x00000000a0000000| Untracked 
| 513|0x00000000a0100000, 0x00000000a0100000, 0x00000000a0200000|  0%| F|  |TAMS 0x00000000a0100000, 0x00000000a0100000| Untracked 
| 514|0x00000000a0200000, 0x00000000a0200000, 0x00000000a0300000|  0%| F|  |TAMS 0x00000000a0200000, 0x00000000a0200000| Untracked 
| 515|0x00000000a0300000, 0x00000000a0300000, 0x00000000a0400000|  0%| F|  |TAMS 0x00000000a0300000, 0x00000000a0300000| Untracked 
| 516|0x00000000a0400000, 0x00000000a0400000, 0x00000000a0500000|  0%| F|  |TAMS 0x00000000a0400000, 0x00000000a0400000| Untracked 
| 517|0x00000000a0500000, 0x00000000a0500000, 0x00000000a0600000|  0%| F|  |TAMS 0x00000000a0500000, 0x00000000a0500000| Untracked 
| 518|0x00000000a0600000, 0x00000000a0600000, 0x00000000a0700000|  0%| F|  |TAMS 0x00000000a0600000, 0x00000000a0600000| Untracked 
| 519|0x00000000a0700000, 0x00000000a0700000, 0x00000000a0800000|  0%| F|  |TAMS 0x00000000a0700000, 0x00000000a0700000| Untracked 
| 520|0x00000000a0800000, 0x00000000a0800000, 0x00000000a0900000|  0%| F|  |TAMS 0x00000000a0800000, 0x00000000a0800000| Untracked 
| 521|0x00000000a0900000, 0x00000000a0900000, 0x00000000a0a00000|  0%| F|  |TAMS 0x00000000a0900000, 0x00000000a0900000| Untracked 
| 522|0x00000000a0a00000, 0x00000000a0a00000, 0x00000000a0b00000|  0%| F|  |TAMS 0x00000000a0a00000, 0x00000000a0a00000| Untracked 
| 523|0x00000000a0b00000, 0x00000000a0b00000, 0x00000000a0c00000|  0%| F|  |TAMS 0x00000000a0b00000, 0x00000000a0b00000| Untracked 
| 524|0x00000000a0c00000, 0x00000000a0c00000, 0x00000000a0d00000|  0%| F|  |TAMS 0x00000000a0c00000, 0x00000000a0c00000| Untracked 
| 525|0x00000000a0d00000, 0x00000000a0d00000, 0x00000000a0e00000|  0%| F|  |TAMS 0x00000000a0d00000, 0x00000000a0d00000| Untracked 
| 526|0x00000000a0e00000, 0x00000000a0e00000, 0x00000000a0f00000|  0%| F|  |TAMS 0x00000000a0e00000, 0x00000000a0e00000| Untracked 
| 527|0x00000000a0f00000, 0x00000000a0f00000, 0x00000000a1000000|  0%| F|  |TAMS 0x00000000a0f00000, 0x00000000a0f00000| Untracked 
| 528|0x00000000a1000000, 0x00000000a1000000, 0x00000000a1100000|  0%| F|  |TAMS 0x00000000a1000000, 0x00000000a1000000| Untracked 
| 529|0x00000000a1100000, 0x00000000a1100000, 0x00000000a1200000|  0%| F|  |TAMS 0x00000000a1100000, 0x00000000a1100000| Untracked 
| 530|0x00000000a1200000, 0x00000000a1200000, 0x00000000a1300000|  0%| F|  |TAMS 0x00000000a1200000, 0x00000000a1200000| Untracked 
| 531|0x00000000a1300000, 0x00000000a1300000, 0x00000000a1400000|  0%| F|  |TAMS 0x00000000a1300000, 0x00000000a1300000| Untracked 
| 532|0x00000000a1400000, 0x00000000a1400000, 0x00000000a1500000|  0%| F|  |TAMS 0x00000000a1400000, 0x00000000a1400000| Untracked 
| 533|0x00000000a1500000, 0x00000000a1500000, 0x00000000a1600000|  0%| F|  |TAMS 0x00000000a1500000, 0x00000000a1500000| Untracked 
| 534|0x00000000a1600000, 0x00000000a1600000, 0x00000000a1700000|  0%| F|  |TAMS 0x00000000a1600000, 0x00000000a1600000| Untracked 
| 535|0x00000000a1700000, 0x00000000a1700000, 0x00000000a1800000|  0%| F|  |TAMS 0x00000000a1700000, 0x00000000a1700000| Untracked 
| 536|0x00000000a1800000, 0x00000000a1800000, 0x00000000a1900000|  0%| F|  |TAMS 0x00000000a1800000, 0x00000000a1800000| Untracked 
| 537|0x00000000a1900000, 0x00000000a1900000, 0x00000000a1a00000|  0%| F|  |TAMS 0x00000000a1900000, 0x00000000a1900000| Untracked 
| 538|0x00000000a1a00000, 0x00000000a1a00000, 0x00000000a1b00000|  0%| F|  |TAMS 0x00000000a1a00000, 0x00000000a1a00000| Untracked 
| 539|0x00000000a1b00000, 0x00000000a1b00000, 0x00000000a1c00000|  0%| F|  |TAMS 0x00000000a1b00000, 0x00000000a1b00000| Untracked 
| 540|0x00000000a1c00000, 0x00000000a1c00000, 0x00000000a1d00000|  0%| F|  |TAMS 0x00000000a1c00000, 0x00000000a1c00000| Untracked 
| 541|0x00000000a1d00000, 0x00000000a1d00000, 0x00000000a1e00000|  0%| F|  |TAMS 0x00000000a1d00000, 0x00000000a1d00000| Untracked 
| 542|0x00000000a1e00000, 0x00000000a1e00000, 0x00000000a1f00000|  0%| F|  |TAMS 0x00000000a1e00000, 0x00000000a1e00000| Untracked 
| 543|0x00000000a1f00000, 0x00000000a1f00000, 0x00000000a2000000|  0%| F|  |TAMS 0x00000000a1f00000, 0x00000000a1f00000| Untracked 
| 544|0x00000000a2000000, 0x00000000a2000000, 0x00000000a2100000|  0%| F|  |TAMS 0x00000000a2000000, 0x00000000a2000000| Untracked 
| 545|0x00000000a2100000, 0x00000000a2100000, 0x00000000a2200000|  0%| F|  |TAMS 0x00000000a2100000, 0x00000000a2100000| Untracked 
| 546|0x00000000a2200000, 0x00000000a2200000, 0x00000000a2300000|  0%| F|  |TAMS 0x00000000a2200000, 0x00000000a2200000| Untracked 
| 547|0x00000000a2300000, 0x00000000a2300000, 0x00000000a2400000|  0%| F|  |TAMS 0x00000000a2300000, 0x00000000a2300000| Untracked 
| 548|0x00000000a2400000, 0x00000000a2400000, 0x00000000a2500000|  0%| F|  |TAMS 0x00000000a2400000, 0x00000000a2400000| Untracked 
| 549|0x00000000a2500000, 0x00000000a2500000, 0x00000000a2600000|  0%| F|  |TAMS 0x00000000a2500000, 0x00000000a2500000| Untracked 
| 550|0x00000000a2600000, 0x00000000a2600000, 0x00000000a2700000|  0%| F|  |TAMS 0x00000000a2600000, 0x00000000a2600000| Untracked 
| 551|0x00000000a2700000, 0x00000000a2700000, 0x00000000a2800000|  0%| F|  |TAMS 0x00000000a2700000, 0x00000000a2700000| Untracked 
| 552|0x00000000a2800000, 0x00000000a2800000, 0x00000000a2900000|  0%| F|  |TAMS 0x00000000a2800000, 0x00000000a2800000| Untracked 
| 553|0x00000000a2900000, 0x00000000a2900000, 0x00000000a2a00000|  0%| F|  |TAMS 0x00000000a2900000, 0x00000000a2900000| Untracked 
| 554|0x00000000a2a00000, 0x00000000a2a00000, 0x00000000a2b00000|  0%| F|  |TAMS 0x00000000a2a00000, 0x00000000a2a00000| Untracked 
| 555|0x00000000a2b00000, 0x00000000a2b00000, 0x00000000a2c00000|  0%| F|  |TAMS 0x00000000a2b00000, 0x00000000a2b00000| Untracked 
| 556|0x00000000a2c00000, 0x00000000a2c00000, 0x00000000a2d00000|  0%| F|  |TAMS 0x00000000a2c00000, 0x00000000a2c00000| Untracked 
| 557|0x00000000a2d00000, 0x00000000a2d00000, 0x00000000a2e00000|  0%| F|  |TAMS 0x00000000a2d00000, 0x00000000a2d00000| Untracked 
| 558|0x00000000a2e00000, 0x00000000a2e00000, 0x00000000a2f00000|  0%| F|  |TAMS 0x00000000a2e00000, 0x00000000a2e00000| Untracked 
| 559|0x00000000a2f00000, 0x00000000a2f00000, 0x00000000a3000000|  0%| F|  |TAMS 0x00000000a2f00000, 0x00000000a2f00000| Untracked 
| 560|0x00000000a3000000, 0x00000000a3000000, 0x00000000a3100000|  0%| F|  |TAMS 0x00000000a3000000, 0x00000000a3000000| Untracked 
| 561|0x00000000a3100000, 0x00000000a3100000, 0x00000000a3200000|  0%| F|  |TAMS 0x00000000a3100000, 0x00000000a3100000| Untracked 
| 562|0x00000000a3200000, 0x00000000a3200000, 0x00000000a3300000|  0%| F|  |TAMS 0x00000000a3200000, 0x00000000a3200000| Untracked 
| 563|0x00000000a3300000, 0x00000000a3300000, 0x00000000a3400000|  0%| F|  |TAMS 0x00000000a3300000, 0x00000000a3300000| Untracked 
| 564|0x00000000a3400000, 0x00000000a3400000, 0x00000000a3500000|  0%| F|  |TAMS 0x00000000a3400000, 0x00000000a3400000| Untracked 
| 565|0x00000000a3500000, 0x00000000a3500000, 0x00000000a3600000|  0%| F|  |TAMS 0x00000000a3500000, 0x00000000a3500000| Untracked 
| 566|0x00000000a3600000, 0x00000000a3600000, 0x00000000a3700000|  0%| F|  |TAMS 0x00000000a3600000, 0x00000000a3600000| Untracked 
| 567|0x00000000a3700000, 0x00000000a3700000, 0x00000000a3800000|  0%| F|  |TAMS 0x00000000a3700000, 0x00000000a3700000| Untracked 
| 568|0x00000000a3800000, 0x00000000a3800000, 0x00000000a3900000|  0%| F|  |TAMS 0x00000000a3800000, 0x00000000a3800000| Untracked 
| 569|0x00000000a3900000, 0x00000000a3900000, 0x00000000a3a00000|  0%| F|  |TAMS 0x00000000a3900000, 0x00000000a3900000| Untracked 
| 570|0x00000000a3a00000, 0x00000000a3a00000, 0x00000000a3b00000|  0%| F|  |TAMS 0x00000000a3a00000, 0x00000000a3a00000| Untracked 
| 571|0x00000000a3b00000, 0x00000000a3b00000, 0x00000000a3c00000|  0%| F|  |TAMS 0x00000000a3b00000, 0x00000000a3b00000| Untracked 
| 572|0x00000000a3c00000, 0x00000000a3c00000, 0x00000000a3d00000|  0%| F|  |TAMS 0x00000000a3c00000, 0x00000000a3c00000| Untracked 
| 573|0x00000000a3d00000, 0x00000000a3d00000, 0x00000000a3e00000|  0%| F|  |TAMS 0x00000000a3d00000, 0x00000000a3d00000| Untracked 
| 574|0x00000000a3e00000, 0x00000000a3e00000, 0x00000000a3f00000|  0%| F|  |TAMS 0x00000000a3e00000, 0x00000000a3e00000| Untracked 
| 575|0x00000000a3f00000, 0x00000000a3f00000, 0x00000000a4000000|  0%| F|  |TAMS 0x00000000a3f00000, 0x00000000a3f00000| Untracked 
| 576|0x00000000a4000000, 0x00000000a4000000, 0x00000000a4100000|  0%| F|  |TAMS 0x00000000a4000000, 0x00000000a4000000| Untracked 
| 577|0x00000000a4100000, 0x00000000a4100000, 0x00000000a4200000|  0%| F|  |TAMS 0x00000000a4100000, 0x00000000a4100000| Untracked 
| 578|0x00000000a4200000, 0x00000000a4200000, 0x00000000a4300000|  0%| F|  |TAMS 0x00000000a4200000, 0x00000000a4200000| Untracked 
| 579|0x00000000a4300000, 0x00000000a4300000, 0x00000000a4400000|  0%| F|  |TAMS 0x00000000a4300000, 0x00000000a4300000| Untracked 
| 580|0x00000000a4400000, 0x00000000a4400000, 0x00000000a4500000|  0%| F|  |TAMS 0x00000000a4400000, 0x00000000a4400000| Untracked 
| 581|0x00000000a4500000, 0x00000000a4500000, 0x00000000a4600000|  0%| F|  |TAMS 0x00000000a4500000, 0x00000000a4500000| Untracked 
| 582|0x00000000a4600000, 0x00000000a4600000, 0x00000000a4700000|  0%| F|  |TAMS 0x00000000a4600000, 0x00000000a4600000| Untracked 
| 583|0x00000000a4700000, 0x00000000a4700000, 0x00000000a4800000|  0%| F|  |TAMS 0x00000000a4700000, 0x00000000a4700000| Untracked 
| 584|0x00000000a4800000, 0x00000000a4800000, 0x00000000a4900000|  0%| F|  |TAMS 0x00000000a4800000, 0x00000000a4800000| Untracked 
| 585|0x00000000a4900000, 0x00000000a4900000, 0x00000000a4a00000|  0%| F|  |TAMS 0x00000000a4900000, 0x00000000a4900000| Untracked 
| 586|0x00000000a4a00000, 0x00000000a4a00000, 0x00000000a4b00000|  0%| F|  |TAMS 0x00000000a4a00000, 0x00000000a4a00000| Untracked 
| 587|0x00000000a4b00000, 0x00000000a4b00000, 0x00000000a4c00000|  0%| F|  |TAMS 0x00000000a4b00000, 0x00000000a4b00000| Untracked 
| 588|0x00000000a4c00000, 0x00000000a4c00000, 0x00000000a4d00000|  0%| F|  |TAMS 0x00000000a4c00000, 0x00000000a4c00000| Untracked 
| 589|0x00000000a4d00000, 0x00000000a4d00000, 0x00000000a4e00000|  0%| F|  |TAMS 0x00000000a4d00000, 0x00000000a4d00000| Untracked 
| 590|0x00000000a4e00000, 0x00000000a4e00000, 0x00000000a4f00000|  0%| F|  |TAMS 0x00000000a4e00000, 0x00000000a4e00000| Untracked 
| 591|0x00000000a4f00000, 0x00000000a4f00000, 0x00000000a5000000|  0%| F|  |TAMS 0x00000000a4f00000, 0x00000000a4f00000| Untracked 
| 592|0x00000000a5000000, 0x00000000a5000000, 0x00000000a5100000|  0%| F|  |TAMS 0x00000000a5000000, 0x00000000a5000000| Untracked 
| 593|0x00000000a5100000, 0x00000000a5100000, 0x00000000a5200000|  0%| F|  |TAMS 0x00000000a5100000, 0x00000000a5100000| Untracked 
| 594|0x00000000a5200000, 0x00000000a5200000, 0x00000000a5300000|  0%| F|  |TAMS 0x00000000a5200000, 0x00000000a5200000| Untracked 
| 595|0x00000000a5300000, 0x00000000a5300000, 0x00000000a5400000|  0%| F|  |TAMS 0x00000000a5300000, 0x00000000a5300000| Untracked 
| 596|0x00000000a5400000, 0x00000000a5400000, 0x00000000a5500000|  0%| F|  |TAMS 0x00000000a5400000, 0x00000000a5400000| Untracked 
| 597|0x00000000a5500000, 0x00000000a5500000, 0x00000000a5600000|  0%| F|  |TAMS 0x00000000a5500000, 0x00000000a5500000| Untracked 
| 598|0x00000000a5600000, 0x00000000a5600000, 0x00000000a5700000|  0%| F|  |TAMS 0x00000000a5600000, 0x00000000a5600000| Untracked 
| 599|0x00000000a5700000, 0x00000000a5700000, 0x00000000a5800000|  0%| F|  |TAMS 0x00000000a5700000, 0x00000000a5700000| Untracked 
| 600|0x00000000a5800000, 0x00000000a5800000, 0x00000000a5900000|  0%| F|  |TAMS 0x00000000a5800000, 0x00000000a5800000| Untracked 
| 601|0x00000000a5900000, 0x00000000a5900000, 0x00000000a5a00000|  0%| F|  |TAMS 0x00000000a5900000, 0x00000000a5900000| Untracked 
| 602|0x00000000a5a00000, 0x00000000a5a00000, 0x00000000a5b00000|  0%| F|  |TAMS 0x00000000a5a00000, 0x00000000a5a00000| Untracked 
| 603|0x00000000a5b00000, 0x00000000a5b00000, 0x00000000a5c00000|  0%| F|  |TAMS 0x00000000a5b00000, 0x00000000a5b00000| Untracked 
| 604|0x00000000a5c00000, 0x00000000a5c00000, 0x00000000a5d00000|  0%| F|  |TAMS 0x00000000a5c00000, 0x00000000a5c00000| Untracked 
| 605|0x00000000a5d00000, 0x00000000a5d00000, 0x00000000a5e00000|  0%| F|  |TAMS 0x00000000a5d00000, 0x00000000a5d00000| Untracked 
| 606|0x00000000a5e00000, 0x00000000a5e00000, 0x00000000a5f00000|  0%| F|  |TAMS 0x00000000a5e00000, 0x00000000a5e00000| Untracked 
| 607|0x00000000a5f00000, 0x00000000a5f00000, 0x00000000a6000000|  0%| F|  |TAMS 0x00000000a5f00000, 0x00000000a5f00000| Untracked 
| 608|0x00000000a6000000, 0x00000000a6000000, 0x00000000a6100000|  0%| F|  |TAMS 0x00000000a6000000, 0x00000000a6000000| Untracked 
| 609|0x00000000a6100000, 0x00000000a6100000, 0x00000000a6200000|  0%| F|  |TAMS 0x00000000a6100000, 0x00000000a6100000| Untracked 
| 610|0x00000000a6200000, 0x00000000a6200000, 0x00000000a6300000|  0%| F|  |TAMS 0x00000000a6200000, 0x00000000a6200000| Untracked 
| 611|0x00000000a6300000, 0x00000000a6300000, 0x00000000a6400000|  0%| F|  |TAMS 0x00000000a6300000, 0x00000000a6300000| Untracked 
| 612|0x00000000a6400000, 0x00000000a6400000, 0x00000000a6500000|  0%| F|  |TAMS 0x00000000a6400000, 0x00000000a6400000| Untracked 
| 613|0x00000000a6500000, 0x00000000a6500000, 0x00000000a6600000|  0%| F|  |TAMS 0x00000000a6500000, 0x00000000a6500000| Untracked 
| 614|0x00000000a6600000, 0x00000000a6600000, 0x00000000a6700000|  0%| F|  |TAMS 0x00000000a6600000, 0x00000000a6600000| Untracked 
| 615|0x00000000a6700000, 0x00000000a6700000, 0x00000000a6800000|  0%| F|  |TAMS 0x00000000a6700000, 0x00000000a6700000| Untracked 
| 616|0x00000000a6800000, 0x00000000a6800000, 0x00000000a6900000|  0%| F|  |TAMS 0x00000000a6800000, 0x00000000a6800000| Untracked 
| 617|0x00000000a6900000, 0x00000000a6900000, 0x00000000a6a00000|  0%| F|  |TAMS 0x00000000a6900000, 0x00000000a6900000| Untracked 
| 618|0x00000000a6a00000, 0x00000000a6a00000, 0x00000000a6b00000|  0%| F|  |TAMS 0x00000000a6a00000, 0x00000000a6a00000| Untracked 
| 619|0x00000000a6b00000, 0x00000000a6b00000, 0x00000000a6c00000|  0%| F|  |TAMS 0x00000000a6b00000, 0x00000000a6b00000| Untracked 
| 620|0x00000000a6c00000, 0x00000000a6c00000, 0x00000000a6d00000|  0%| F|  |TAMS 0x00000000a6c00000, 0x00000000a6c00000| Untracked 
| 621|0x00000000a6d00000, 0x00000000a6d00000, 0x00000000a6e00000|  0%| F|  |TAMS 0x00000000a6d00000, 0x00000000a6d00000| Untracked 
| 622|0x00000000a6e00000, 0x00000000a6e00000, 0x00000000a6f00000|  0%| F|  |TAMS 0x00000000a6e00000, 0x00000000a6e00000| Untracked 
| 623|0x00000000a6f00000, 0x00000000a6f00000, 0x00000000a7000000|  0%| F|  |TAMS 0x00000000a6f00000, 0x00000000a6f00000| Untracked 
| 624|0x00000000a7000000, 0x00000000a7000000, 0x00000000a7100000|  0%| F|  |TAMS 0x00000000a7000000, 0x00000000a7000000| Untracked 
| 625|0x00000000a7100000, 0x00000000a7100000, 0x00000000a7200000|  0%| F|  |TAMS 0x00000000a7100000, 0x00000000a7100000| Untracked 
| 626|0x00000000a7200000, 0x00000000a7200000, 0x00000000a7300000|  0%| F|  |TAMS 0x00000000a7200000, 0x00000000a7200000| Untracked 
| 627|0x00000000a7300000, 0x00000000a7300000, 0x00000000a7400000|  0%| F|  |TAMS 0x00000000a7300000, 0x00000000a7300000| Untracked 
| 628|0x00000000a7400000, 0x00000000a7400000, 0x00000000a7500000|  0%| F|  |TAMS 0x00000000a7400000, 0x00000000a7400000| Untracked 
| 629|0x00000000a7500000, 0x00000000a7500000, 0x00000000a7600000|  0%| F|  |TAMS 0x00000000a7500000, 0x00000000a7500000| Untracked 
| 630|0x00000000a7600000, 0x00000000a7600000, 0x00000000a7700000|  0%| F|  |TAMS 0x00000000a7600000, 0x00000000a7600000| Untracked 
| 631|0x00000000a7700000, 0x00000000a7700000, 0x00000000a7800000|  0%| F|  |TAMS 0x00000000a7700000, 0x00000000a7700000| Untracked 
| 632|0x00000000a7800000, 0x00000000a7800000, 0x00000000a7900000|  0%| F|  |TAMS 0x00000000a7800000, 0x00000000a7800000| Untracked 
| 633|0x00000000a7900000, 0x00000000a7900000, 0x00000000a7a00000|  0%| F|  |TAMS 0x00000000a7900000, 0x00000000a7900000| Untracked 
| 634|0x00000000a7a00000, 0x00000000a7a00000, 0x00000000a7b00000|  0%| F|  |TAMS 0x00000000a7a00000, 0x00000000a7a00000| Untracked 
| 635|0x00000000a7b00000, 0x00000000a7b00000, 0x00000000a7c00000|  0%| F|  |TAMS 0x00000000a7b00000, 0x00000000a7b00000| Untracked 
| 636|0x00000000a7c00000, 0x00000000a7c00000, 0x00000000a7d00000|  0%| F|  |TAMS 0x00000000a7c00000, 0x00000000a7c00000| Untracked 
| 637|0x00000000a7d00000, 0x00000000a7d00000, 0x00000000a7e00000|  0%| F|  |TAMS 0x00000000a7d00000, 0x00000000a7d00000| Untracked 
| 638|0x00000000a7e00000, 0x00000000a7e00000, 0x00000000a7f00000|  0%| F|  |TAMS 0x00000000a7e00000, 0x00000000a7e00000| Untracked 
| 639|0x00000000a7f00000, 0x00000000a7f00000, 0x00000000a8000000|  0%| F|  |TAMS 0x00000000a7f00000, 0x00000000a7f00000| Untracked 
| 640|0x00000000a8000000, 0x00000000a8000000, 0x00000000a8100000|  0%| F|  |TAMS 0x00000000a8000000, 0x00000000a8000000| Untracked 
| 641|0x00000000a8100000, 0x00000000a8100000, 0x00000000a8200000|  0%| F|  |TAMS 0x00000000a8100000, 0x00000000a8100000| Untracked 
| 642|0x00000000a8200000, 0x00000000a8200000, 0x00000000a8300000|  0%| F|  |TAMS 0x00000000a8200000, 0x00000000a8200000| Untracked 
| 643|0x00000000a8300000, 0x00000000a8300000, 0x00000000a8400000|  0%| F|  |TAMS 0x00000000a8300000, 0x00000000a8300000| Untracked 
| 644|0x00000000a8400000, 0x00000000a8400000, 0x00000000a8500000|  0%| F|  |TAMS 0x00000000a8400000, 0x00000000a8400000| Untracked 
| 645|0x00000000a8500000, 0x00000000a8500000, 0x00000000a8600000|  0%| F|  |TAMS 0x00000000a8500000, 0x00000000a8500000| Untracked 
| 646|0x00000000a8600000, 0x00000000a8600000, 0x00000000a8700000|  0%| F|  |TAMS 0x00000000a8600000, 0x00000000a8600000| Untracked 
| 647|0x00000000a8700000, 0x00000000a8700000, 0x00000000a8800000|  0%| F|  |TAMS 0x00000000a8700000, 0x00000000a8700000| Untracked 
| 648|0x00000000a8800000, 0x00000000a8800000, 0x00000000a8900000|  0%| F|  |TAMS 0x00000000a8800000, 0x00000000a8800000| Untracked 
| 649|0x00000000a8900000, 0x00000000a8900000, 0x00000000a8a00000|  0%| F|  |TAMS 0x00000000a8900000, 0x00000000a8900000| Untracked 
| 650|0x00000000a8a00000, 0x00000000a8a00000, 0x00000000a8b00000|  0%| F|  |TAMS 0x00000000a8a00000, 0x00000000a8a00000| Untracked 
| 651|0x00000000a8b00000, 0x00000000a8b00000, 0x00000000a8c00000|  0%| F|  |TAMS 0x00000000a8b00000, 0x00000000a8b00000| Untracked 
| 652|0x00000000a8c00000, 0x00000000a8c00000, 0x00000000a8d00000|  0%| F|  |TAMS 0x00000000a8c00000, 0x00000000a8c00000| Untracked 
| 653|0x00000000a8d00000, 0x00000000a8d00000, 0x00000000a8e00000|  0%| F|  |TAMS 0x00000000a8d00000, 0x00000000a8d00000| Untracked 
| 654|0x00000000a8e00000, 0x00000000a8e00000, 0x00000000a8f00000|  0%| F|  |TAMS 0x00000000a8e00000, 0x00000000a8e00000| Untracked 
| 655|0x00000000a8f00000, 0x00000000a8f00000, 0x00000000a9000000|  0%| F|  |TAMS 0x00000000a8f00000, 0x00000000a8f00000| Untracked 
| 656|0x00000000a9000000, 0x00000000a9000000, 0x00000000a9100000|  0%| F|  |TAMS 0x00000000a9000000, 0x00000000a9000000| Untracked 
| 657|0x00000000a9100000, 0x00000000a9100000, 0x00000000a9200000|  0%| F|  |TAMS 0x00000000a9100000, 0x00000000a9100000| Untracked 
| 658|0x00000000a9200000, 0x00000000a9200000, 0x00000000a9300000|  0%| F|  |TAMS 0x00000000a9200000, 0x00000000a9200000| Untracked 
| 659|0x00000000a9300000, 0x00000000a9300000, 0x00000000a9400000|  0%| F|  |TAMS 0x00000000a9300000, 0x00000000a9300000| Untracked 
| 660|0x00000000a9400000, 0x00000000a9400000, 0x00000000a9500000|  0%| F|  |TAMS 0x00000000a9400000, 0x00000000a9400000| Untracked 
| 661|0x00000000a9500000, 0x00000000a9500000, 0x00000000a9600000|  0%| F|  |TAMS 0x00000000a9500000, 0x00000000a9500000| Untracked 
| 662|0x00000000a9600000, 0x00000000a9600000, 0x00000000a9700000|  0%| F|  |TAMS 0x00000000a9600000, 0x00000000a9600000| Untracked 
| 663|0x00000000a9700000, 0x00000000a9700000, 0x00000000a9800000|  0%| F|  |TAMS 0x00000000a9700000, 0x00000000a9700000| Untracked 
| 664|0x00000000a9800000, 0x00000000a9800000, 0x00000000a9900000|  0%| F|  |TAMS 0x00000000a9800000, 0x00000000a9800000| Untracked 
| 665|0x00000000a9900000, 0x00000000a9900000, 0x00000000a9a00000|  0%| F|  |TAMS 0x00000000a9900000, 0x00000000a9900000| Untracked 
| 666|0x00000000a9a00000, 0x00000000a9a00000, 0x00000000a9b00000|  0%| F|  |TAMS 0x00000000a9a00000, 0x00000000a9a00000| Untracked 
| 667|0x00000000a9b00000, 0x00000000a9b00000, 0x00000000a9c00000|  0%| F|  |TAMS 0x00000000a9b00000, 0x00000000a9b00000| Untracked 
| 668|0x00000000a9c00000, 0x00000000a9c00000, 0x00000000a9d00000|  0%| F|  |TAMS 0x00000000a9c00000, 0x00000000a9c00000| Untracked 
| 669|0x00000000a9d00000, 0x00000000a9d00000, 0x00000000a9e00000|  0%| F|  |TAMS 0x00000000a9d00000, 0x00000000a9d00000| Untracked 
| 670|0x00000000a9e00000, 0x00000000a9e00000, 0x00000000a9f00000|  0%| F|  |TAMS 0x00000000a9e00000, 0x00000000a9e00000| Untracked 
| 671|0x00000000a9f00000, 0x00000000a9f00000, 0x00000000aa000000|  0%| F|  |TAMS 0x00000000a9f00000, 0x00000000a9f00000| Untracked 
| 672|0x00000000aa000000, 0x00000000aa000000, 0x00000000aa100000|  0%| F|  |TAMS 0x00000000aa000000, 0x00000000aa000000| Untracked 
| 673|0x00000000aa100000, 0x00000000aa100000, 0x00000000aa200000|  0%| F|  |TAMS 0x00000000aa100000, 0x00000000aa100000| Untracked 
| 674|0x00000000aa200000, 0x00000000aa200000, 0x00000000aa300000|  0%| F|  |TAMS 0x00000000aa200000, 0x00000000aa200000| Untracked 
| 675|0x00000000aa300000, 0x00000000aa300000, 0x00000000aa400000|  0%| F|  |TAMS 0x00000000aa300000, 0x00000000aa300000| Untracked 
| 676|0x00000000aa400000, 0x00000000aa400000, 0x00000000aa500000|  0%| F|  |TAMS 0x00000000aa400000, 0x00000000aa400000| Untracked 
| 677|0x00000000aa500000, 0x00000000aa500000, 0x00000000aa600000|  0%| F|  |TAMS 0x00000000aa500000, 0x00000000aa500000| Untracked 
| 678|0x00000000aa600000, 0x00000000aa600000, 0x00000000aa700000|  0%| F|  |TAMS 0x00000000aa600000, 0x00000000aa600000| Untracked 
| 679|0x00000000aa700000, 0x00000000aa700000, 0x00000000aa800000|  0%| F|  |TAMS 0x00000000aa700000, 0x00000000aa700000| Untracked 
| 680|0x00000000aa800000, 0x00000000aa800000, 0x00000000aa900000|  0%| F|  |TAMS 0x00000000aa800000, 0x00000000aa800000| Untracked 
| 681|0x00000000aa900000, 0x00000000aa900000, 0x00000000aaa00000|  0%| F|  |TAMS 0x00000000aa900000, 0x00000000aa900000| Untracked 
| 682|0x00000000aaa00000, 0x00000000aaa00000, 0x00000000aab00000|  0%| F|  |TAMS 0x00000000aaa00000, 0x00000000aaa00000| Untracked 
| 683|0x00000000aab00000, 0x00000000aab00000, 0x00000000aac00000|  0%| F|  |TAMS 0x00000000aab00000, 0x00000000aab00000| Untracked 
| 684|0x00000000aac00000, 0x00000000aac00000, 0x00000000aad00000|  0%| F|  |TAMS 0x00000000aac00000, 0x00000000aac00000| Untracked 
| 685|0x00000000aad00000, 0x00000000aad00000, 0x00000000aae00000|  0%| F|  |TAMS 0x00000000aad00000, 0x00000000aad00000| Untracked 
| 686|0x00000000aae00000, 0x00000000aae00000, 0x00000000aaf00000|  0%| F|  |TAMS 0x00000000aae00000, 0x00000000aae00000| Untracked 
| 687|0x00000000aaf00000, 0x00000000aaf00000, 0x00000000ab000000|  0%| F|  |TAMS 0x00000000aaf00000, 0x00000000aaf00000| Untracked 
| 688|0x00000000ab000000, 0x00000000ab000000, 0x00000000ab100000|  0%| F|  |TAMS 0x00000000ab000000, 0x00000000ab000000| Untracked 
| 689|0x00000000ab100000, 0x00000000ab100000, 0x00000000ab200000|  0%| F|  |TAMS 0x00000000ab100000, 0x00000000ab100000| Untracked 
| 690|0x00000000ab200000, 0x00000000ab200000, 0x00000000ab300000|  0%| F|  |TAMS 0x00000000ab200000, 0x00000000ab200000| Untracked 
| 691|0x00000000ab300000, 0x00000000ab300000, 0x00000000ab400000|  0%| F|  |TAMS 0x00000000ab300000, 0x00000000ab300000| Untracked 
| 692|0x00000000ab400000, 0x00000000ab400000, 0x00000000ab500000|  0%| F|  |TAMS 0x00000000ab400000, 0x00000000ab400000| Untracked 
| 693|0x00000000ab500000, 0x00000000ab500000, 0x00000000ab600000|  0%| F|  |TAMS 0x00000000ab500000, 0x00000000ab500000| Untracked 
| 694|0x00000000ab600000, 0x00000000ab600000, 0x00000000ab700000|  0%| F|  |TAMS 0x00000000ab600000, 0x00000000ab600000| Untracked 
| 695|0x00000000ab700000, 0x00000000ab700000, 0x00000000ab800000|  0%| F|  |TAMS 0x00000000ab700000, 0x00000000ab700000| Untracked 
| 696|0x00000000ab800000, 0x00000000ab800000, 0x00000000ab900000|  0%| F|  |TAMS 0x00000000ab800000, 0x00000000ab800000| Untracked 
| 697|0x00000000ab900000, 0x00000000ab900000, 0x00000000aba00000|  0%| F|  |TAMS 0x00000000ab900000, 0x00000000ab900000| Untracked 
| 698|0x00000000aba00000, 0x00000000aba00000, 0x00000000abb00000|  0%| F|  |TAMS 0x00000000aba00000, 0x00000000aba00000| Untracked 
| 699|0x00000000abb00000, 0x00000000abb00000, 0x00000000abc00000|  0%| F|  |TAMS 0x00000000abb00000, 0x00000000abb00000| Untracked 
| 700|0x00000000abc00000, 0x00000000abc00000, 0x00000000abd00000|  0%| F|  |TAMS 0x00000000abc00000, 0x00000000abc00000| Untracked 
| 701|0x00000000abd00000, 0x00000000abd00000, 0x00000000abe00000|  0%| F|  |TAMS 0x00000000abd00000, 0x00000000abd00000| Untracked 
| 702|0x00000000abe00000, 0x00000000abe00000, 0x00000000abf00000|  0%| F|  |TAMS 0x00000000abe00000, 0x00000000abe00000| Untracked 
| 703|0x00000000abf00000, 0x00000000abf00000, 0x00000000ac000000|  0%| F|  |TAMS 0x00000000abf00000, 0x00000000abf00000| Untracked 
| 704|0x00000000ac000000, 0x00000000ac000000, 0x00000000ac100000|  0%| F|  |TAMS 0x00000000ac000000, 0x00000000ac000000| Untracked 
| 705|0x00000000ac100000, 0x00000000ac100000, 0x00000000ac200000|  0%| F|  |TAMS 0x00000000ac100000, 0x00000000ac100000| Untracked 
| 706|0x00000000ac200000, 0x00000000ac200000, 0x00000000ac300000|  0%| F|  |TAMS 0x00000000ac200000, 0x00000000ac200000| Untracked 
| 707|0x00000000ac300000, 0x00000000ac300000, 0x00000000ac400000|  0%| F|  |TAMS 0x00000000ac300000, 0x00000000ac300000| Untracked 
| 708|0x00000000ac400000, 0x00000000ac400000, 0x00000000ac500000|  0%| F|  |TAMS 0x00000000ac400000, 0x00000000ac400000| Untracked 
| 709|0x00000000ac500000, 0x00000000ac500000, 0x00000000ac600000|  0%| F|  |TAMS 0x00000000ac500000, 0x00000000ac500000| Untracked 
| 710|0x00000000ac600000, 0x00000000ac600000, 0x00000000ac700000|  0%| F|  |TAMS 0x00000000ac600000, 0x00000000ac600000| Untracked 
| 711|0x00000000ac700000, 0x00000000ac700000, 0x00000000ac800000|  0%| F|  |TAMS 0x00000000ac700000, 0x00000000ac700000| Untracked 
| 712|0x00000000ac800000, 0x00000000ac800000, 0x00000000ac900000|  0%| F|  |TAMS 0x00000000ac800000, 0x00000000ac800000| Untracked 
| 713|0x00000000ac900000, 0x00000000ac900000, 0x00000000aca00000|  0%| F|  |TAMS 0x00000000ac900000, 0x00000000ac900000| Untracked 
| 714|0x00000000aca00000, 0x00000000aca00000, 0x00000000acb00000|  0%| F|  |TAMS 0x00000000aca00000, 0x00000000aca00000| Untracked 
| 715|0x00000000acb00000, 0x00000000acc00000, 0x00000000acc00000|100%| S|  |TAMS 0x00000000acb00000, 0x00000000acb00000| Complete 
| 716|0x00000000acc00000, 0x00000000acd00000, 0x00000000acd00000|100%| S|  |TAMS 0x00000000acc00000, 0x00000000acc00000| Complete 
| 717|0x00000000acd00000, 0x00000000ace00000, 0x00000000ace00000|100%| S|  |TAMS 0x00000000acd00000, 0x00000000acd00000| Complete 
| 718|0x00000000ace00000, 0x00000000acf00000, 0x00000000acf00000|100%| S|  |TAMS 0x00000000ace00000, 0x00000000ace00000| Complete 
| 719|0x00000000acf00000, 0x00000000ad000000, 0x00000000ad000000|100%| E|CS|TAMS 0x00000000acf00000, 0x00000000acf00000| Complete 
| 720|0x00000000ad000000, 0x00000000ad100000, 0x00000000ad100000|100%| E|CS|TAMS 0x00000000ad000000, 0x00000000ad000000| Complete 
| 721|0x00000000ad100000, 0x00000000ad200000, 0x00000000ad200000|100%| E|CS|TAMS 0x00000000ad100000, 0x00000000ad100000| Complete 
| 722|0x00000000ad200000, 0x00000000ad300000, 0x00000000ad300000|100%| E|CS|TAMS 0x00000000ad200000, 0x00000000ad200000| Complete 
| 723|0x00000000ad300000, 0x00000000ad400000, 0x00000000ad400000|100%| E|CS|TAMS 0x00000000ad300000, 0x00000000ad300000| Complete 
| 724|0x00000000ad400000, 0x00000000ad500000, 0x00000000ad500000|100%| S|  |TAMS 0x00000000ad400000, 0x00000000ad400000| Complete 
| 725|0x00000000ad500000, 0x00000000ad600000, 0x00000000ad600000|100%| E|CS|TAMS 0x00000000ad500000, 0x00000000ad500000| Complete 
| 726|0x00000000ad600000, 0x00000000ad700000, 0x00000000ad700000|100%| E|CS|TAMS 0x00000000ad600000, 0x00000000ad600000| Complete 
| 727|0x00000000ad700000, 0x00000000ad800000, 0x00000000ad800000|100%| E|CS|TAMS 0x00000000ad700000, 0x00000000ad700000| Complete 
| 728|0x00000000ad800000, 0x00000000ad900000, 0x00000000ad900000|100%| E|CS|TAMS 0x00000000ad800000, 0x00000000ad800000| Complete 
| 729|0x00000000ad900000, 0x00000000ada00000, 0x00000000ada00000|100%| E|CS|TAMS 0x00000000ad900000, 0x00000000ad900000| Complete 
| 730|0x00000000ada00000, 0x00000000adb00000, 0x00000000adb00000|100%| E|CS|TAMS 0x00000000ada00000, 0x00000000ada00000| Complete 
| 731|0x00000000adb00000, 0x00000000adc00000, 0x00000000adc00000|100%| E|CS|TAMS 0x00000000adb00000, 0x00000000adb00000| Complete 
| 732|0x00000000adc00000, 0x00000000add00000, 0x00000000add00000|100%| E|CS|TAMS 0x00000000adc00000, 0x00000000adc00000| Complete 
| 733|0x00000000add00000, 0x00000000ade00000, 0x00000000ade00000|100%| E|CS|TAMS 0x00000000add00000, 0x00000000add00000| Complete 
| 734|0x00000000ade00000, 0x00000000adf00000, 0x00000000adf00000|100%| E|CS|TAMS 0x00000000ade00000, 0x00000000ade00000| Complete 
| 735|0x00000000adf00000, 0x00000000ae000000, 0x00000000ae000000|100%| E|CS|TAMS 0x00000000adf00000, 0x00000000adf00000| Complete 
| 736|0x00000000ae000000, 0x00000000ae100000, 0x00000000ae100000|100%| E|CS|TAMS 0x00000000ae000000, 0x00000000ae000000| Complete 
| 737|0x00000000ae100000, 0x00000000ae200000, 0x00000000ae200000|100%| E|CS|TAMS 0x00000000ae100000, 0x00000000ae100000| Complete 
| 738|0x00000000ae200000, 0x00000000ae300000, 0x00000000ae300000|100%| E|CS|TAMS 0x00000000ae200000, 0x00000000ae200000| Complete 
| 739|0x00000000ae300000, 0x00000000ae400000, 0x00000000ae400000|100%| E|CS|TAMS 0x00000000ae300000, 0x00000000ae300000| Complete 
| 740|0x00000000ae400000, 0x00000000ae500000, 0x00000000ae500000|100%| E|CS|TAMS 0x00000000ae400000, 0x00000000ae400000| Complete 
| 741|0x00000000ae500000, 0x00000000ae600000, 0x00000000ae600000|100%| E|CS|TAMS 0x00000000ae500000, 0x00000000ae500000| Complete 
| 742|0x00000000ae600000, 0x00000000ae700000, 0x00000000ae700000|100%| E|CS|TAMS 0x00000000ae600000, 0x00000000ae600000| Complete 
| 743|0x00000000ae700000, 0x00000000ae800000, 0x00000000ae800000|100%| E|CS|TAMS 0x00000000ae700000, 0x00000000ae700000| Complete 
| 744|0x00000000ae800000, 0x00000000ae900000, 0x00000000ae900000|100%| E|CS|TAMS 0x00000000ae800000, 0x00000000ae800000| Complete 
| 745|0x00000000ae900000, 0x00000000aea00000, 0x00000000aea00000|100%| E|CS|TAMS 0x00000000ae900000, 0x00000000ae900000| Complete 
| 746|0x00000000aea00000, 0x00000000aeb00000, 0x00000000aeb00000|100%| E|CS|TAMS 0x00000000aea00000, 0x00000000aea00000| Complete 
| 747|0x00000000aeb00000, 0x00000000aec00000, 0x00000000aec00000|100%| E|CS|TAMS 0x00000000aeb00000, 0x00000000aeb00000| Complete 
| 748|0x00000000aec00000, 0x00000000aed00000, 0x00000000aed00000|100%| E|CS|TAMS 0x00000000aec00000, 0x00000000aec00000| Complete 
| 749|0x00000000aed00000, 0x00000000aee00000, 0x00000000aee00000|100%| E|CS|TAMS 0x00000000aed00000, 0x00000000aed00000| Complete 
| 750|0x00000000aee00000, 0x00000000aef00000, 0x00000000aef00000|100%| E|CS|TAMS 0x00000000aee00000, 0x00000000aee00000| Complete 
| 751|0x00000000aef00000, 0x00000000af000000, 0x00000000af000000|100%| E|CS|TAMS 0x00000000aef00000, 0x00000000aef00000| Complete 
| 752|0x00000000af000000, 0x00000000af100000, 0x00000000af100000|100%| E|CS|TAMS 0x00000000af000000, 0x00000000af000000| Complete 
| 753|0x00000000af100000, 0x00000000af200000, 0x00000000af200000|100%| E|CS|TAMS 0x00000000af100000, 0x00000000af100000| Complete 
| 754|0x00000000af200000, 0x00000000af300000, 0x00000000af300000|100%| E|CS|TAMS 0x00000000af200000, 0x00000000af200000| Complete 
| 755|0x00000000af300000, 0x00000000af400000, 0x00000000af400000|100%| E|CS|TAMS 0x00000000af300000, 0x00000000af300000| Complete 
| 756|0x00000000af400000, 0x00000000af500000, 0x00000000af500000|100%| E|CS|TAMS 0x00000000af400000, 0x00000000af400000| Complete 

Card table byte_map: [0x0000021a16aa0000,0x0000021a16ea0000] _byte_map_base: 0x0000021a166a0000

Marking Bits (Prev, Next): (CMBitMap*) 0x0000021a7fb1bd10, (CMBitMap*) 0x0000021a7fb1bcd0
 Prev Bits: [0x0000021a192a0000, 0x0000021a1b2a0000)
 Next Bits: [0x0000021a172a0000, 0x0000021a192a0000)

Polling page: 0x0000021a7f280000

Metaspace:

Usage:
  Non-class:     83.13 MB used.
      Class:     13.62 MB used.
       Both:     96.75 MB used.

Virtual space:
  Non-class space:      128.00 MB reserved,      83.50 MB ( 65%) committed,  2 nodes.
      Class space:        1.00 GB reserved,      14.00 MB (  1%) committed,  1 nodes.
             Both:        1.12 GB reserved,      97.50 MB (  8%) committed. 

Chunk freelists:
   Non-Class:  12.01 MB
       Class:  1.91 MB
        Both:  13.92 MB

MaxMetaspaceSize: unlimited
CompressedClassSpaceSize: 1.00 GB
Initial GC threshold: 21.00 MB
Current GC threshold: 158.38 MB
CDS: on
MetaspaceReclaimPolicy: balanced
 - commit_granule_bytes: 65536.
 - commit_granule_words: 8192.
 - virtual_space_node_default_size: 8388608.
 - enlarge_chunks_in_place: 1.
 - new_chunks_are_fully_committed: 0.
 - uncommit_free_chunks: 1.
 - use_allocation_guard: 0.
 - handle_deallocations: 1.


Internal statistics:

num_allocs_failed_limit: 12.
num_arena_births: 1238.
num_arena_deaths: 0.
num_vsnodes_births: 3.
num_vsnodes_deaths: 0.
num_space_committed: 1559.
num_space_uncommitted: 0.
num_chunks_returned_to_freelist: 12.
num_chunks_taken_from_freelist: 5405.
num_chunk_merges: 12.
num_chunk_splits: 3591.
num_chunks_enlarged: 2370.
num_inconsistent_stats: 0.

CodeHeap 'non-profiled nmethods': size=120000Kb used=8281Kb max_used=8281Kb free=111718Kb
 bounds [0x0000021a0f570000, 0x0000021a0fdd0000, 0x0000021a16aa0000]
CodeHeap 'profiled nmethods': size=120000Kb used=23395Kb max_used=23395Kb free=96604Kb
 bounds [0x0000021a07aa0000, 0x0000021a091e0000, 0x0000021a0efd0000]
CodeHeap 'non-nmethods': size=5760Kb used=1742Kb max_used=1790Kb free=4017Kb
 bounds [0x0000021a0efd0000, 0x0000021a0f240000, 0x0000021a0f570000]
 total_blobs=12857 nmethods=12018 adapters=751
 compilation: enabled
              stopped_count=0, restarted_count=0
 full_count=0

Compilation events (20 events):
Event: 63.787 Thread 0x0000021a66eac5b0 nmethod 14197 0x0000021a0fb95f90 code [0x0000021a0fb96120, 0x0000021a0fb962a8]
Event: 63.787 Thread 0x0000021a66eac5b0 14184       4       com.android.tools.r8.dex.code.Z0::<init> (84 bytes)
Event: 63.800 Thread 0x0000021a66eac5b0 nmethod 14184 0x0000021a0fb95390 code [0x0000021a0fb95540, 0x0000021a0fb95a38]
Event: 63.800 Thread 0x0000021a66eac5b0 14215       4       com.android.tools.r8.utils.structural.z$$Lambda$1907/0x0000021a1fdb2ed8::a (15 bytes)
Event: 63.802 Thread 0x0000021a66eac5b0 nmethod 14215 0x0000021a0fb94f90 code [0x0000021a0fb95120, 0x0000021a0fb95278]
Event: 63.802 Thread 0x0000021a66eac5b0 14220       4       com.android.tools.r8.dex.code.H0::hashCode (13 bytes)
Event: 63.804 Thread 0x0000021a66eac5b0 nmethod 14220 0x0000021a0fb94c10 code [0x0000021a0fb94da0, 0x0000021a0fb94e88]
Event: 63.804 Thread 0x0000021a66eac5b0 14314       4       com.android.tools.r8.dex.code.H0::<init> (12 bytes)
Event: 63.805 Thread 0x0000021a66eac5b0 nmethod 14314 0x0000021a0fb94910 code [0x0000021a0fb94aa0, 0x0000021a0fb94b38]
Event: 63.805 Thread 0x0000021a66eac5b0 13890       4       com.android.tools.r8.graph.p0::p0 (4 bytes)
Event: 63.805 Thread 0x0000021a66eac5b0 nmethod 13890 0x0000021a0fb94610 code [0x0000021a0fb94780, 0x0000021a0fb947d8]
Event: 63.805 Thread 0x0000021a66eac5b0 14246       4       com.android.tools.r8.graph.s2$$Lambda$1905/0x0000021a1fdb2598::apply (11 bytes)
Event: 63.807 Thread 0x0000021a66eac5b0 nmethod 14246 0x0000021a0fb94310 code [0x0000021a0fb944a0, 0x0000021a0fb94558]
Event: 63.807 Thread 0x0000021a66eac5b0 14241       4       com.android.tools.r8.graph.s2$$Lambda$1909/0x0000021a1fdb37c8::apply (11 bytes)
Event: 63.808 Thread 0x0000021a66eac5b0 nmethod 14241 0x0000021a0fb94010 code [0x0000021a0fb941a0, 0x0000021a0fb94258]
Event: 63.808 Thread 0x0000021a66eac5b0 14069       4       com.android.tools.r8.graph.L0::hashCode (10 bytes)
Event: 63.809 Thread 0x0000021a66eac5b0 nmethod 14069 0x0000021a0fb93d10 code [0x0000021a0fb93e80, 0x0000021a0fb93f18]
Event: 63.809 Thread 0x0000021a66eac5b0 14386       4       com.android.tools.r8.graph.K0$d::hashCode (48 bytes)
Event: 63.835 Thread 0x0000021a66eac5b0 nmethod 14386 0x0000021a0fb93110 code [0x0000021a0fb932a0, 0x0000021a0fb93958]
Event: 63.835 Thread 0x0000021a66eac5b0 14514       4       com.android.tools.r8.dex.C::h (860 bytes)

GC Heap History (20 events):
Event: 52.750 GC heap after
{Heap after GC invocations=43 (full 0):
 garbage-first heap   total 280576K, used 186641K [0x0000000080000000, 0x0000000100000000)
  region size 1024K, 1 young (1024K), 1 survivors (1024K)
 Metaspace       used 95914K, committed 96704K, reserved 1179648K
  class space    used 13343K, committed 13696K, reserved 1048576K
}
Event: 53.846 GC heap before
{Heap before GC invocations=44 (full 0):
 garbage-first heap   total 478208K, used 367889K [0x0000000080000000, 0x0000000100000000)
  region size 1024K, 35 young (35840K), 1 survivors (1024K)
 Metaspace       used 96376K, committed 97216K, reserved 1179648K
  class space    used 13425K, committed 13824K, reserved 1048576K
}
Event: 53.863 GC heap after
{Heap after GC invocations=45 (full 0):
 garbage-first heap   total 478208K, used 259986K [0x0000000080000000, 0x0000000100000000)
  region size 1024K, 5 young (5120K), 5 survivors (5120K)
 Metaspace       used 96376K, committed 97216K, reserved 1179648K
  class space    used 13425K, committed 13824K, reserved 1048576K
}
Event: 54.816 GC heap before
{Heap before GC invocations=45 (full 0):
 garbage-first heap   total 478208K, used 278418K [0x0000000080000000, 0x0000000100000000)
  region size 1024K, 23 young (23552K), 5 survivors (5120K)
 Metaspace       used 96445K, committed 97280K, reserved 1179648K
  class space    used 13429K, committed 13824K, reserved 1048576K
}
Event: 54.840 GC heap after
{Heap after GC invocations=46 (full 0):
 garbage-first heap   total 478208K, used 266754K [0x0000000080000000, 0x0000000100000000)
  region size 1024K, 3 young (3072K), 3 survivors (3072K)
 Metaspace       used 96445K, committed 97280K, reserved 1179648K
  class space    used 13429K, committed 13824K, reserved 1048576K
}
Event: 57.380 GC heap before
{Heap before GC invocations=46 (full 0):
 garbage-first heap   total 478208K, used 367106K [0x0000000080000000, 0x0000000100000000)
  region size 1024K, 90 young (92160K), 3 survivors (3072K)
 Metaspace       used 96446K, committed 97280K, reserved 1179648K
  class space    used 13429K, committed 13824K, reserved 1048576K
}
Event: 57.448 GC heap after
{Heap after GC invocations=47 (full 0):
 garbage-first heap   total 478208K, used 303299K [0x0000000080000000, 0x0000000100000000)
  region size 1024K, 12 young (12288K), 12 survivors (12288K)
 Metaspace       used 96446K, committed 97280K, reserved 1179648K
  class space    used 13429K, committed 13824K, reserved 1048576K
}
Event: 57.742 GC heap before
{Heap before GC invocations=47 (full 0):
 garbage-first heap   total 478208K, used 320707K [0x0000000080000000, 0x0000000100000000)
  region size 1024K, 31 young (31744K), 12 survivors (12288K)
 Metaspace       used 96446K, committed 97280K, reserved 1179648K
  class space    used 13429K, committed 13824K, reserved 1048576K
}
Event: 57.810 GC heap after
{Heap after GC invocations=48 (full 0):
 garbage-first heap   total 478208K, used 311296K [0x0000000080000000, 0x0000000100000000)
  region size 1024K, 7 young (7168K), 7 survivors (7168K)
 Metaspace       used 96446K, committed 97280K, reserved 1179648K
  class space    used 13429K, committed 13824K, reserved 1048576K
}
Event: 59.227 GC heap before
{Heap before GC invocations=49 (full 0):
 garbage-first heap   total 570368K, used 378880K [0x0000000080000000, 0x0000000100000000)
  region size 1024K, 68 young (69632K), 7 survivors (7168K)
 Metaspace       used 98610K, committed 99392K, reserved 1179648K
  class space    used 13921K, committed 14272K, reserved 1048576K
}
Event: 59.309 GC heap after
{Heap after GC invocations=50 (full 0):
 garbage-first heap   total 570368K, used 336384K [0x0000000080000000, 0x0000000100000000)
  region size 1024K, 9 young (9216K), 9 survivors (9216K)
 Metaspace       used 98610K, committed 99392K, reserved 1179648K
  class space    used 13921K, committed 14272K, reserved 1048576K
}
Event: 59.813 GC heap before
{Heap before GC invocations=50 (full 0):
 garbage-first heap   total 570368K, used 354816K [0x0000000080000000, 0x0000000100000000)
  region size 1024K, 27 young (27648K), 9 survivors (9216K)
 Metaspace       used 98963K, committed 99776K, reserved 1179648K
  class space    used 13945K, committed 14336K, reserved 1048576K
}
Event: 59.896 GC heap after
{Heap after GC invocations=51 (full 0):
 garbage-first heap   total 570368K, used 345088K [0x0000000080000000, 0x0000000100000000)
  region size 1024K, 4 young (4096K), 4 survivors (4096K)
 Metaspace       used 98963K, committed 99776K, reserved 1179648K
  class space    used 13945K, committed 14336K, reserved 1048576K
}
Event: 62.149 GC heap before
{Heap before GC invocations=51 (full 0):
 garbage-first heap   total 570368K, used 428032K [0x0000000080000000, 0x0000000100000000)
  region size 1024K, 86 young (88064K), 4 survivors (4096K)
 Metaspace       used 99053K, committed 99840K, reserved 1179648K
  class space    used 13948K, committed 14336K, reserved 1048576K
}
Event: 62.308 GC heap after
{Heap after GC invocations=52 (full 0):
 garbage-first heap   total 570368K, used 389120K [0x0000000080000000, 0x0000000100000000)
  region size 1024K, 11 young (11264K), 11 survivors (11264K)
 Metaspace       used 99053K, committed 99840K, reserved 1179648K
  class space    used 13948K, committed 14336K, reserved 1048576K
}
Event: 62.513 GC heap before
{Heap before GC invocations=52 (full 0):
 garbage-first heap   total 570368K, used 405504K [0x0000000080000000, 0x0000000100000000)
  region size 1024K, 27 young (27648K), 11 survivors (11264K)
 Metaspace       used 99055K, committed 99840K, reserved 1179648K
  class space    used 13948K, committed 14336K, reserved 1048576K
}
Event: 62.625 GC heap after
{Heap after GC invocations=53 (full 0):
 garbage-first heap   total 775168K, used 398336K [0x0000000080000000, 0x0000000100000000)
  region size 1024K, 4 young (4096K), 4 survivors (4096K)
 Metaspace       used 99055K, committed 99840K, reserved 1179648K
  class space    used 13948K, committed 14336K, reserved 1048576K
}
Event: 63.155 GC heap before
{Heap before GC invocations=53 (full 0):
 garbage-first heap   total 775168K, used 432128K [0x0000000080000000, 0x0000000100000000)
  region size 1024K, 37 young (37888K), 4 survivors (4096K)
 Metaspace       used 99063K, committed 99840K, reserved 1179648K
  class space    used 13948K, committed 14336K, reserved 1048576K
}
Event: 63.217 GC heap after
{Heap after GC invocations=54 (full 0):
 garbage-first heap   total 775168K, used 416256K [0x0000000080000000, 0x0000000100000000)
  region size 1024K, 5 young (5120K), 5 survivors (5120K)
 Metaspace       used 99063K, committed 99840K, reserved 1179648K
  class space    used 13948K, committed 14336K, reserved 1048576K
}
Event: 63.994 GC heap before
{Heap before GC invocations=54 (full 0):
 garbage-first heap   total 775168K, used 449024K [0x0000000080000000, 0x0000000100000000)
  region size 1024K, 37 young (37888K), 5 survivors (5120K)
 Metaspace       used 99070K, committed 99840K, reserved 1179648K
  class space    used 13949K, committed 14336K, reserved 1048576K
}

Dll operation events (16 events):
Event: 0.016 Loaded shared library C:\Program Files\Eclipse Adoptium\jdk-17.0.16.8-hotspot\bin\java.dll
Event: 0.050 Loaded shared library C:\Program Files\Eclipse Adoptium\jdk-17.0.16.8-hotspot\bin\jsvml.dll
Event: 0.165 Loaded shared library C:\Program Files\Eclipse Adoptium\jdk-17.0.16.8-hotspot\bin\zip.dll
Event: 0.171 Loaded shared library C:\Program Files\Eclipse Adoptium\jdk-17.0.16.8-hotspot\bin\instrument.dll
Event: 0.178 Loaded shared library C:\Program Files\Eclipse Adoptium\jdk-17.0.16.8-hotspot\bin\net.dll
Event: 0.182 Loaded shared library C:\Program Files\Eclipse Adoptium\jdk-17.0.16.8-hotspot\bin\nio.dll
Event: 0.185 Loaded shared library C:\Program Files\Eclipse Adoptium\jdk-17.0.16.8-hotspot\bin\zip.dll
Event: 0.667 Loaded shared library C:\Program Files\Eclipse Adoptium\jdk-17.0.16.8-hotspot\bin\jimage.dll
Event: 1.029 Loaded shared library C:\Program Files\Eclipse Adoptium\jdk-17.0.16.8-hotspot\bin\verify.dll
Event: 1.498 Loaded shared library C:\Users\ssaha\.gradle\native\c067742578af261105cb4f569cf0c3c89f3d7b1fecec35dd04571415982c5e48\windows-amd64\native-platform.dll
Event: 1.509 Loaded shared library C:\Users\ssaha\.gradle\native\100fb08df4bc3b14c8652ba06237920a3bd2aa13389f12d3474272988ae205f9\windows-amd64\native-platform-file-events.dll
Event: 3.930 Loaded shared library C:\Program Files\Eclipse Adoptium\jdk-17.0.16.8-hotspot\bin\management.dll
Event: 3.934 Loaded shared library C:\Program Files\Eclipse Adoptium\jdk-17.0.16.8-hotspot\bin\management_ext.dll
Event: 4.330 Loaded shared library C:\Program Files\Eclipse Adoptium\jdk-17.0.16.8-hotspot\bin\extnet.dll
Event: 4.751 Loaded shared library C:\Program Files\Eclipse Adoptium\jdk-17.0.16.8-hotspot\bin\sunmscapi.dll
Event: 44.675 Loaded shared library C:\Program Files\Eclipse Adoptium\jdk-17.0.16.8-hotspot\bin\rmi.dll

Deoptimization events (20 events):
Event: 62.643 Thread 0x0000021a65ff73f0 DEOPT PACKING pc=0x0000021a0fda05fc sp=0x00000059e02fed70
Event: 62.643 Thread 0x0000021a65ff73f0 DEOPT UNPACKING pc=0x0000021a0f0269a3 sp=0x00000059e02fec58 mode 2
Event: 62.891 Thread 0x0000021a66d55710 Uncommon trap: trap_request=0xffffff45 fr.pc=0x0000021a0fa569cc relative=0x000000000000118c
Event: 62.891 Thread 0x0000021a66d55710 Uncommon trap: reason=unstable_if action=reinterpret pc=0x0000021a0fa569cc method=com.android.tools.r8.dex.C.h()Lcom/android/tools/r8/graph/K2; @ 36 c2
Event: 62.891 Thread 0x0000021a66d55710 DEOPT PACKING pc=0x0000021a0fa569cc sp=0x00000059e01fecb0
Event: 62.891 Thread 0x0000021a66d55710 DEOPT UNPACKING pc=0x0000021a0f0269a3 sp=0x00000059e01fec80 mode 2
Event: 63.106 Thread 0x0000021a66d55710 DEOPT PACKING pc=0x0000021a07f7968f sp=0x00000059e01fe9e0
Event: 63.106 Thread 0x0000021a66d55710 DEOPT UNPACKING pc=0x0000021a0f027143 sp=0x00000059e01fdef8 mode 0
Event: 63.269 Thread 0x0000021a65ff73f0 DEOPT PACKING pc=0x0000021a07f7968f sp=0x00000059e02fe9e0
Event: 63.269 Thread 0x0000021a65ff73f0 DEOPT UNPACKING pc=0x0000021a0f027143 sp=0x00000059e02fdef8 mode 0
Event: 63.731 Thread 0x0000021a66d56b50 DEOPT PACKING pc=0x0000021a07f7968f sp=0x00000059dfcfe950
Event: 63.731 Thread 0x0000021a66d56b50 DEOPT UNPACKING pc=0x0000021a0f027143 sp=0x00000059dfcfde68 mode 0
Event: 63.746 Thread 0x0000021a66d56b50 Uncommon trap: trap_request=0xffffffad fr.pc=0x0000021a0fdbdd18 relative=0x0000000000006918
Event: 63.746 Thread 0x0000021a66d56b50 Uncommon trap: reason=uninitialized action=reinterpret pc=0x0000021a0fdbdd18 method=com.android.tools.r8.dex.code.O.a(IILcom/android/tools/r8/dex/code/C1;Lcom/android/tools/r8/graph/r5;)Lcom/android/tools/r8/dex/code/B1; @ 2061 c2
Event: 63.746 Thread 0x0000021a66d56b50 DEOPT PACKING pc=0x0000021a0fdbdd18 sp=0x00000059dfcfec90
Event: 63.747 Thread 0x0000021a66d56b50 DEOPT UNPACKING pc=0x0000021a0f0269a3 sp=0x00000059dfcfec48 mode 2
Event: 63.893 Thread 0x0000021a66d56b50 DEOPT PACKING pc=0x0000021a07f7968f sp=0x00000059dfcfeb20
Event: 63.893 Thread 0x0000021a66d56b50 DEOPT UNPACKING pc=0x0000021a0f027143 sp=0x00000059dfcfe038 mode 0
Event: 63.991 Thread 0x0000021a65ff7900 DEOPT PACKING pc=0x0000021a07f7968f sp=0x00000059e03fea60
Event: 63.991 Thread 0x0000021a65ff7900 DEOPT UNPACKING pc=0x0000021a0f027143 sp=0x00000059e03fdf78 mode 0

Classes loaded (20 events):
Event: 52.735 Loading class java/nio/BufferUnderflowException
Event: 52.735 Loading class java/nio/BufferUnderflowException done
Event: 58.283 Loading class java/util/concurrent/ConcurrentHashMap$TreeNode
Event: 58.283 Loading class java/util/concurrent/ConcurrentHashMap$TreeNode done
Event: 58.283 Loading class java/util/concurrent/ConcurrentHashMap$TreeBin
Event: 58.284 Loading class java/util/concurrent/ConcurrentHashMap$TreeBin done
Event: 58.697 Loading class java/util/concurrent/ForkJoinTask$AdaptedRunnableAction
Event: 58.698 Loading class java/util/concurrent/ForkJoinTask$AdaptedRunnableAction done
Event: 58.698 Loading class java/util/concurrent/ForkJoinPool$DefaultForkJoinWorkerThreadFactory$1
Event: 58.698 Loading class java/util/concurrent/ForkJoinPool$DefaultForkJoinWorkerThreadFactory$1 done
Event: 58.875 Loading class java/util/AbstractList$RandomAccessSubList
Event: 58.875 Loading class java/util/AbstractList$SubList
Event: 58.876 Loading class java/util/AbstractList$SubList done
Event: 58.876 Loading class java/util/AbstractList$RandomAccessSubList done
Event: 58.876 Loading class java/util/AbstractList$SubList$1
Event: 58.877 Loading class java/util/AbstractList$SubList$1 done
Event: 59.072 Loading class java/nio/ShortBuffer
Event: 59.073 Loading class java/nio/ShortBuffer done
Event: 59.073 Loading class java/nio/HeapShortBuffer
Event: 59.074 Loading class java/nio/HeapShortBuffer done

Classes unloaded (0 events):
No events

Classes redefined (0 events):
No events

Internal exceptions (20 events):
Event: 44.307 Thread 0x0000021a64969cc0 Implicit null exception at 0x0000021a0fb9ebce to 0x0000021a0fb9efec
Event: 44.638 Thread 0x0000021a66d542d0 Exception <a 'java/lang/NoSuchMethodError'{0x000000008a98b2d0}: static Lorg/jetbrains/kotlin/daemon/common/LoopbackNetworkInterface$AbstractClientLoopbackSocketFactory;.<clinit>()V> (0x000000008a98b2d0) 
thrown [s\src\hotspot\share\prims\jni.cpp, line 1112]
Event: 44.639 Thread 0x0000021a66d542d0 Exception <a 'java/lang/NoSuchMethodError'{0x000000008a9a2818}: static Lorg/jetbrains/kotlin/daemon/common/LoopbackNetworkInterface$ClientLoopbackSocketFactory;.<clinit>()V> (0x000000008a9a2818) 
thrown [s\src\hotspot\share\prims\jni.cpp, line 1112]
Event: 44.833 Thread 0x0000021a66d542d0 Exception <a 'java/lang/NoSuchMethodError'{0x000000008a8e7460}: static [Ljava/rmi/server/ObjID;.<clinit>()V> (0x000000008a8e7460) 
thrown [s\src\hotspot\share\prims\jni.cpp, line 1112]
Event: 44.842 Thread 0x0000021a66d542d0 Exception <a 'java/lang/NoSuchMethodError'{0x000000008a3de228}: static [B.<clinit>()V> (0x000000008a3de228) 
thrown [s\src\hotspot\share\prims\jni.cpp, line 1112]
Event: 44.854 Thread 0x0000021a66d52980 Exception <a 'java/lang/InterruptedException'{0x000000008a3f9d28}> (0x000000008a3f9d28) 
thrown [s\src\hotspot\share\runtime\objectMonitor.cpp, line 1658]
Event: 44.856 Thread 0x0000021a66d52980 Exception <a 'java/lang/NoSuchMethodError'{0x000000008a3fb188}: 'java.lang.Object java.lang.invoke.DirectMethodHandle$Holder.invokeSpecial(java.lang.Object, java.lang.Object, int, java.lang.Object, long)'> (0x000000008a3fb188) 
thrown [s\src\hotspot\share\interpreter\linkResolver.cpp, line 759]
Event: 44.864 Thread 0x0000021a66d52980 Exception <a 'java/lang/NoSuchMethodError'{0x000000008a202978}: 'java.lang.Object java.lang.invoke.DirectMethodHandle$Holder.newInvokeSpecial(java.lang.Object, java.lang.Object, int, java.lang.Object, long)'> (0x000000008a202978) 
thrown [s\src\hotspot\share\interpreter\linkResolver.cpp, line 759]
Event: 44.955 Thread 0x0000021a66d542d0 Exception <a 'java/lang/NoSuchMethodError'{0x000000008a23fba0}: static Lorg/jetbrains/kotlin/daemon/common/CompileService$CallResult;.<clinit>()V> (0x000000008a23fba0) 
thrown [s\src\hotspot\share\prims\jni.cpp, line 1112]
Event: 44.957 Thread 0x0000021a66d542d0 Exception <a 'java/lang/NoSuchMethodError'{0x000000008a1d16a0}: static Lorg/jetbrains/kotlin/daemon/common/CompileService$CallResult$Good;.<clinit>()V> (0x000000008a1d16a0) 
thrown [s\src\hotspot\share\prims\jni.cpp, line 1112]
Event: 44.960 Thread 0x0000021a66d542d0 Exception <a 'java/lang/NoSuchMethodError'{0x000000008a013738}: static Lorg/jetbrains/kotlin/daemon/common/DaemonJVMOptions;.<clinit>()V> (0x000000008a013738) 
thrown [s\src\hotspot\share\prims\jni.cpp, line 1112]
Event: 44.971 Thread 0x0000021a66d542d0 Exception <a 'java/lang/NoSuchMethodError'{0x000000008a0bdb90}: static Lorg/jetbrains/kotlin/daemon/common/CompileService$CallResult$Ok;.<clinit>()V> (0x000000008a0bdb90) 
thrown [s\src\hotspot\share\prims\jni.cpp, line 1112]
Event: 45.069 Thread 0x0000021a66d542d0 Exception <a 'java/lang/NoSuchMethodError'{0x0000000089b14de8}: static [Ljava/lang/Integer;.<clinit>()V> (0x0000000089b14de8) 
thrown [s\src\hotspot\share\prims\jni.cpp, line 1112]
Event: 49.172 Thread 0x0000021a65ff9250 Exception <a 'java/lang/NoSuchMethodError'{0x000000008b71ba58}: static Ljava/lang/Object;.<clinit>()V> (0x000000008b71ba58) 
thrown [s\src\hotspot\share\prims\jni.cpp, line 1112]
Event: 52.850 Thread 0x0000021a66d55200 Exception <a 'java/lang/NoSuchMethodError'{0x0000000090fa0f30}: 'java.lang.Object java.lang.invoke.DirectMethodHandle$Holder.invokeStaticInit(java.lang.Object, java.lang.Object, java.lang.Object, java.lang.Object, java.lang.Object, java.lang.Object, java.lang.Object, java.lang.Object, java.lang.Object, java.lang.Object, java.lang.Object, java.lang.Object, java.lang.Object, java.lang.Object, java.lang.Object, java.lang.Object, java.lang.Object, java.lang.Object, java.lang.Object, java.lang.Object, int, java
Event: 58.703 Thread 0x0000021a66d56b50 Exception <a 'java/lang/IncompatibleClassChangeError'{0x00000000a1713bf8}: Found class java.lang.Object, but interface was expected> (0x00000000a1713bf8) 
thrown [s\src\hotspot\share\interpreter\linkResolver.cpp, line 826]
Event: 58.879 Thread 0x0000021a65ff7900 Exception <a 'java/lang/NoSuchMethodError'{0x00000000a16303c8}: 'long java.lang.invoke.DirectMethodHandle$Holder.invokeStatic(java.lang.Object, java.lang.Object, java.lang.Object)'> (0x00000000a16303c8) 
thrown [s\src\hotspot\share\interpreter\linkResolver.cpp, line 759]
Event: 58.879 Thread 0x0000021a66d56b50 Exception <a 'java/lang/NoSuchMethodError'{0x00000000a1427550}: 'long java.lang.invoke.DirectMethodHandle$Holder.invokeStatic(java.lang.Object, java.lang.Object, java.lang.Object)'> (0x00000000a1427550) 
thrown [s\src\hotspot\share\interpreter\linkResolver.cpp, line 759]
Event: 58.909 Thread 0x0000021a66d56b50 Exception <a 'java/lang/IncompatibleClassChangeError'{0x00000000a133f8f8}: Found class java.lang.Object, but interface was expected> (0x00000000a133f8f8) 
thrown [s\src\hotspot\share\interpreter\linkResolver.cpp, line 826]
Event: 58.910 Thread 0x0000021a66d56b50 Exception <a 'java/lang/IncompatibleClassChangeError'{0x00000000a1343b20}: Found class java.lang.Object, but interface was expected> (0x00000000a1343b20) 
thrown [s\src\hotspot\share\interpreter\linkResolver.cpp, line 826]

VM Operations (20 events):
Event: 59.309 Executing VM operation: G1CollectForAllocation done
Event: 59.347 Executing VM operation: HandshakeAllThreads
Event: 59.347 Executing VM operation: HandshakeAllThreads done
Event: 59.813 Executing VM operation: G1CollectForAllocation
Event: 59.896 Executing VM operation: G1CollectForAllocation done
Event: 59.996 Executing VM operation: HandshakeAllThreads
Event: 60.004 Executing VM operation: HandshakeAllThreads done
Event: 60.187 Executing VM operation: HandshakeAllThreads
Event: 60.383 Executing VM operation: HandshakeAllThreads done
Event: 60.412 Executing VM operation: HandshakeAllThreads
Event: 60.428 Executing VM operation: HandshakeAllThreads done
Event: 61.429 Executing VM operation: Cleanup
Event: 61.429 Executing VM operation: Cleanup done
Event: 62.149 Executing VM operation: G1CollectForAllocation
Event: 62.308 Executing VM operation: G1CollectForAllocation done
Event: 62.511 Executing VM operation: G1CollectForAllocation
Event: 62.625 Executing VM operation: G1CollectForAllocation done
Event: 63.148 Executing VM operation: G1CollectForAllocation
Event: 63.218 Executing VM operation: G1CollectForAllocation done
Event: 63.993 Executing VM operation: G1CollectForAllocation

Memory protections (0 events):
No events

Nmethod flushes (20 events):
Event: 60.389 Thread 0x0000021a1d772ed0 flushing  nmethod 0x0000021a0fc4b890
Event: 60.390 Thread 0x0000021a1d772ed0 flushing  nmethod 0x0000021a07ab7c10
Event: 60.393 Thread 0x0000021a1d772ed0 flushing  nmethod 0x0000021a07e1f990
Event: 60.393 Thread 0x0000021a1d772ed0 flushing  nmethod 0x0000021a07e22590
Event: 60.393 Thread 0x0000021a1d772ed0 flushing  nmethod 0x0000021a07e23f10
Event: 60.394 Thread 0x0000021a1d772ed0 flushing  nmethod 0x0000021a07e96890
Event: 60.395 Thread 0x0000021a1d772ed0 flushing  nmethod 0x0000021a07f90910
Event: 60.396 Thread 0x0000021a1d772ed0 flushing  nmethod 0x0000021a080bb090
Event: 60.397 Thread 0x0000021a1d772ed0 flushing  nmethod 0x0000021a081be410
Event: 60.399 Thread 0x0000021a1d772ed0 flushing  nmethod 0x0000021a08400110
Event: 60.400 Thread 0x0000021a1d772ed0 flushing  nmethod 0x0000021a0842b410
Event: 60.400 Thread 0x0000021a1d772ed0 flushing  nmethod 0x0000021a08456110
Event: 60.400 Thread 0x0000021a1d772ed0 flushing  nmethod 0x0000021a0847c890
Event: 60.400 Thread 0x0000021a1d772ed0 flushing  nmethod 0x0000021a084e2190
Event: 60.400 Thread 0x0000021a1d772ed0 flushing  nmethod 0x0000021a08522210
Event: 60.401 Thread 0x0000021a1d772ed0 flushing  nmethod 0x0000021a08536a10
Event: 60.401 Thread 0x0000021a1d772ed0 flushing  nmethod 0x0000021a08579710
Event: 60.410 Thread 0x0000021a1d772ed0 flushing  nmethod 0x0000021a08d71810
Event: 60.413 Thread 0x0000021a1d772ed0 flushing  nmethod 0x0000021a09079510
Event: 60.414 Thread 0x0000021a1d772ed0 flushing  nmethod 0x0000021a090d9e10

Events (20 events):
Event: 44.671 Thread 0x0000021a66d542d0 Thread added: 0x0000021a66d52980
Event: 44.676 Thread 0x0000021a66d542d0 Thread added: 0x0000021a66d5a300
Event: 45.015 Thread 0x0000021a66d542d0 Thread added: 0x0000021a66d53dc0
Event: 45.016 Thread 0x0000021a66d542d0 Thread added: 0x0000021a66d52e90
Event: 45.103 Thread 0x0000021a66d53dc0 Thread added: 0x0000021a66d533a0
Event: 48.040 Thread 0x0000021a667e8030 Thread exited: 0x0000021a667e8030
Event: 48.469 Thread 0x0000021a65ffbad0 Thread added: 0x0000021a66d56640
Event: 48.690 Thread 0x0000021a1d77bc60 Thread added: 0x0000021a66eacb00
Event: 48.937 Thread 0x0000021a66d56640 Thread added: 0x0000021a66d55200
Event: 48.938 Thread 0x0000021a66d56640 Thread added: 0x0000021a66d547e0
Event: 49.375 Thread 0x0000021a66eacb00 Thread exited: 0x0000021a66eacb00
Event: 53.649 Thread 0x0000021a1d77bc60 Thread added: 0x0000021a66eaf580
Event: 55.555 Thread 0x0000021a66eaf580 Thread exited: 0x0000021a66eaf580
Event: 57.021 Thread 0x0000021a1d778ee0 Thread added: 0x0000021a66eab070
Event: 57.965 Thread 0x0000021a66eab070 Thread exited: 0x0000021a66eab070
Event: 58.699 Thread 0x0000021a66d55200 Thread added: 0x0000021a66d56b50
Event: 58.699 Thread 0x0000021a66d56b50 Thread added: 0x0000021a66d55710
Event: 58.701 Thread 0x0000021a66d55710 Thread added: 0x0000021a65ff73f0
Event: 58.702 Thread 0x0000021a65ff73f0 Thread added: 0x0000021a65ff7900
Event: 59.124 Thread 0x0000021a1d77bc60 Thread added: 0x0000021a66eac5b0


Dynamic libraries:
0x00007ff6c8920000 - 0x00007ff6c892e000 	C:\Program Files\Eclipse Adoptium\jdk-17.0.16.8-hotspot\bin\java.exe
0x00007ffd0d150000 - 0x00007ffd0d348000 	C:\Windows\SYSTEM32\ntdll.dll
0x00007ffd0b2b0000 - 0x00007ffd0b372000 	C:\Windows\System32\KERNEL32.DLL
0x00007ffd0aa40000 - 0x00007ffd0ad36000 	C:\Windows\System32\KERNELBASE.dll
0x00007ffd0ad70000 - 0x00007ffd0ae70000 	C:\Windows\System32\ucrtbase.dll
0x00007ffcf8800000 - 0x00007ffcf8817000 	C:\Program Files\Eclipse Adoptium\jdk-17.0.16.8-hotspot\bin\jli.dll
0x00007ffcf8880000 - 0x00007ffcf889e000 	C:\Program Files\Eclipse Adoptium\jdk-17.0.16.8-hotspot\bin\VCRUNTIME140.dll
0x00007ffd0cd60000 - 0x00007ffd0cefd000 	C:\Windows\System32\USER32.dll
0x00007ffd09c20000 - 0x00007ffd09ebb000 	C:\Windows\WinSxS\amd64_microsoft.windows.common-controls_6595b64144ccf1df_6.0.19041.6280_none_60bc30a171f2f3f3\COMCTL32.dll
0x00007ffd0ad40000 - 0x00007ffd0ad62000 	C:\Windows\System32\win32u.dll
0x00007ffd0b210000 - 0x00007ffd0b2ae000 	C:\Windows\System32\msvcrt.dll
0x00007ffd0c2c0000 - 0x00007ffd0c2eb000 	C:\Windows\System32\GDI32.dll
0x00007ffd0ae70000 - 0x00007ffd0af89000 	C:\Windows\System32\gdi32full.dll
0x00007ffd0a9a0000 - 0x00007ffd0aa3d000 	C:\Windows\System32\msvcp_win.dll
0x00007ffd0b1e0000 - 0x00007ffd0b20f000 	C:\Windows\System32\IMM32.DLL
0x00007ffd00e80000 - 0x00007ffd00e8c000 	C:\Program Files\Eclipse Adoptium\jdk-17.0.16.8-hotspot\bin\vcruntime140_1.dll
0x00007ffce89d0000 - 0x00007ffce8a5d000 	C:\Program Files\Eclipse Adoptium\jdk-17.0.16.8-hotspot\bin\msvcp140.dll
0x00007ffcba270000 - 0x00007ffcbaedb000 	C:\Program Files\Eclipse Adoptium\jdk-17.0.16.8-hotspot\bin\server\jvm.dll
0x00007ffd0c020000 - 0x00007ffd0c0d1000 	C:\Windows\System32\ADVAPI32.dll
0x00007ffd0c4f0000 - 0x00007ffd0c58f000 	C:\Windows\System32\sechost.dll
0x00007ffd0cab0000 - 0x00007ffd0cbd0000 	C:\Windows\System32\RPCRT4.dll
0x00007ffd0b150000 - 0x00007ffd0b177000 	C:\Windows\System32\bcrypt.dll
0x00007ffd0c240000 - 0x00007ffd0c2ab000 	C:\Windows\System32\WS2_32.dll
0x00007ffd0a650000 - 0x00007ffd0a69b000 	C:\Windows\SYSTEM32\POWRPROF.dll
0x00007ffcfafc0000 - 0x00007ffcfafe7000 	C:\Windows\SYSTEM32\WINMM.dll
0x00007ffcff270000 - 0x00007ffcff27a000 	C:\Windows\SYSTEM32\VERSION.dll
0x00007ffd0a630000 - 0x00007ffd0a642000 	C:\Windows\SYSTEM32\UMPDC.dll
0x00007ffd07940000 - 0x00007ffd07952000 	C:\Windows\SYSTEM32\kernel.appcore.dll
0x00007ffd00d70000 - 0x00007ffd00d7a000 	C:\Program Files\Eclipse Adoptium\jdk-17.0.16.8-hotspot\bin\jimage.dll
0x00007ffd0a0d0000 - 0x00007ffd0a2d1000 	C:\Windows\SYSTEM32\DBGHELP.DLL
0x00007ffd0a090000 - 0x00007ffd0a0c4000 	C:\Windows\SYSTEM32\dbgcore.DLL
0x00007ffd0b0c0000 - 0x00007ffd0b142000 	C:\Windows\System32\bcryptPrimitives.dll
0x00007ffd02ab0000 - 0x00007ffd02abe000 	C:\Program Files\Eclipse Adoptium\jdk-17.0.16.8-hotspot\bin\instrument.dll
0x00007ffcf87d0000 - 0x00007ffcf87f5000 	C:\Program Files\Eclipse Adoptium\jdk-17.0.16.8-hotspot\bin\java.dll
0x00007ffce68c0000 - 0x00007ffce6997000 	C:\Program Files\Eclipse Adoptium\jdk-17.0.16.8-hotspot\bin\jsvml.dll
0x00007ffd0b550000 - 0x00007ffd0bcc0000 	C:\Windows\System32\SHELL32.dll
0x00007ffd081d0000 - 0x00007ffd08975000 	C:\Windows\SYSTEM32\windows.storage.dll
0x00007ffd0bcc0000 - 0x00007ffd0c013000 	C:\Windows\System32\combase.dll
0x00007ffd09950000 - 0x00007ffd0997b000 	C:\Windows\SYSTEM32\Wldp.dll
0x00007ffd0c2f0000 - 0x00007ffd0c3bd000 	C:\Windows\System32\OLEAUT32.dll
0x00007ffd0c590000 - 0x00007ffd0c63d000 	C:\Windows\System32\SHCORE.dll
0x00007ffd0d0b0000 - 0x00007ffd0d10b000 	C:\Windows\System32\shlwapi.dll
0x00007ffd0a720000 - 0x00007ffd0a744000 	C:\Windows\SYSTEM32\profapi.dll
0x00007ffcf4100000 - 0x00007ffcf4118000 	C:\Program Files\Eclipse Adoptium\jdk-17.0.16.8-hotspot\bin\zip.dll
0x00007ffcf6960000 - 0x00007ffcf6979000 	C:\Program Files\Eclipse Adoptium\jdk-17.0.16.8-hotspot\bin\net.dll
0x00007ffd01ce0000 - 0x00007ffd01dea000 	C:\Windows\SYSTEM32\WINHTTP.dll
0x00007ffd097c0000 - 0x00007ffd0982a000 	C:\Windows\system32\mswsock.dll
0x00007ffcf4250000 - 0x00007ffcf4266000 	C:\Program Files\Eclipse Adoptium\jdk-17.0.16.8-hotspot\bin\nio.dll
0x00007ffd007c0000 - 0x00007ffd007d0000 	C:\Program Files\Eclipse Adoptium\jdk-17.0.16.8-hotspot\bin\verify.dll
0x00007ffcf3a50000 - 0x00007ffcf3a77000 	C:\Users\ssaha\.gradle\native\c067742578af261105cb4f569cf0c3c89f3d7b1fecec35dd04571415982c5e48\windows-amd64\native-platform.dll
0x00007ffce6500000 - 0x00007ffce6644000 	C:\Users\ssaha\.gradle\native\100fb08df4bc3b14c8652ba06237920a3bd2aa13389f12d3474272988ae205f9\windows-amd64\native-platform-file-events.dll
0x00007ffcfee10000 - 0x00007ffcfee1a000 	C:\Program Files\Eclipse Adoptium\jdk-17.0.16.8-hotspot\bin\management.dll
0x00007ffcf8e50000 - 0x00007ffcf8e5b000 	C:\Program Files\Eclipse Adoptium\jdk-17.0.16.8-hotspot\bin\management_ext.dll
0x00007ffd0cd50000 - 0x00007ffd0cd58000 	C:\Windows\System32\PSAPI.DLL
0x00007ffd0a490000 - 0x00007ffd0a4a8000 	C:\Windows\SYSTEM32\CRYPTSP.dll
0x00007ffd09170000 - 0x00007ffd091a8000 	C:\Windows\system32\rsaenh.dll
0x00007ffd0a6e0000 - 0x00007ffd0a70e000 	C:\Windows\SYSTEM32\USERENV.dll
0x00007ffd09a80000 - 0x00007ffd09a8c000 	C:\Windows\SYSTEM32\CRYPTBASE.dll
0x00007ffd094d0000 - 0x00007ffd0950b000 	C:\Windows\SYSTEM32\IPHLPAPI.DLL
0x00007ffd0c2b0000 - 0x00007ffd0c2b8000 	C:\Windows\System32\NSI.dll
0x00007ffd02420000 - 0x00007ffd02437000 	C:\Windows\SYSTEM32\dhcpcsvc6.DLL
0x00007ffd027c0000 - 0x00007ffd027dd000 	C:\Windows\SYSTEM32\dhcpcsvc.DLL
0x00007ffd09510000 - 0x00007ffd095da000 	C:\Windows\SYSTEM32\DNSAPI.dll
0x00007ffcf8e40000 - 0x00007ffcf8e49000 	C:\Program Files\Eclipse Adoptium\jdk-17.0.16.8-hotspot\bin\extnet.dll
0x00007ffd02aa0000 - 0x00007ffd02aae000 	C:\Program Files\Eclipse Adoptium\jdk-17.0.16.8-hotspot\bin\sunmscapi.dll
0x00007ffd0a840000 - 0x00007ffd0a99d000 	C:\Windows\System32\CRYPT32.dll
0x00007ffd09a50000 - 0x00007ffd09a77000 	C:\Windows\SYSTEM32\ncrypt.dll
0x00007ffd09980000 - 0x00007ffd099bb000 	C:\Windows\SYSTEM32\NTASN1.dll
0x00007ffd02a10000 - 0x00007ffd02a17000 	C:\Windows\system32\wshunix.dll
0x00007ffcf4220000 - 0x00007ffcf4237000 	C:\Windows\system32\napinsp.dll
0x00007ffcf43b0000 - 0x00007ffcf43cb000 	C:\Windows\system32\pnrpnsp.dll
0x00007ffd03740000 - 0x00007ffd0375d000 	C:\Windows\system32\wshbth.dll
0x00007ffd05a50000 - 0x00007ffd05a6d000 	C:\Windows\system32\NLAapi.dll
0x00007ffcf41e0000 - 0x00007ffcf41f2000 	C:\Windows\System32\winrnr.dll
0x00007ffcff260000 - 0x00007ffcff26a000 	C:\Windows\System32\rasadhlp.dll
0x00007ffcfd470000 - 0x00007ffcfd4f0000 	C:\Windows\System32\fwpuclnt.dll
0x00007ffd02b10000 - 0x00007ffd02b17000 	C:\Program Files\Eclipse Adoptium\jdk-17.0.16.8-hotspot\bin\rmi.dll

dbghelp: loaded successfully - version: 4.0.5 - missing functions: none
symbol engine: initialized successfully - sym options: 0x614 - pdb path: .;C:\Program Files\Eclipse Adoptium\jdk-17.0.16.8-hotspot\bin;C:\Windows\SYSTEM32;C:\Windows\WinSxS\amd64_microsoft.windows.common-controls_6595b64144ccf1df_6.0.19041.6280_none_60bc30a171f2f3f3;C:\Program Files\Eclipse Adoptium\jdk-17.0.16.8-hotspot\bin\server;C:\Users\ssaha\.gradle\native\c067742578af261105cb4f569cf0c3c89f3d7b1fecec35dd04571415982c5e48\windows-amd64;C:\Users\ssaha\.gradle\native\100fb08df4bc3b14c8652ba06237920a3bd2aa13389f12d3474272988ae205f9\windows-amd64

VM Arguments:
jvm_args: --add-opens=java.base/java.util=ALL-UNNAMED --add-opens=java.base/java.lang=ALL-UNNAMED --add-opens=java.base/java.lang.invoke=ALL-UNNAMED --add-opens=java.prefs/java.util.prefs=ALL-UNNAMED --add-exports=jdk.compiler/com.sun.tools.javac.api=ALL-UNNAMED --add-exports=jdk.compiler/com.sun.tools.javac.util=ALL-UNNAMED --add-opens=java.base/java.nio.charset=ALL-UNNAMED --add-opens=java.base/java.net=ALL-UNNAMED --add-opens=java.base/java.util.concurrent.atomic=ALL-UNNAMED -Xmx2g -Dfile.encoding=UTF-8 -Duser.country=US -Duser.language=en -Duser.variant -javaagent:C:\Users\ssaha\.gradle\wrapper\dists\gradle-8.9-bin\90cnw93cvbtalezasaz0blq0a\gradle-8.9\lib\agents\gradle-instrumentation-agent-8.9.jar 
java_command: org.gradle.launcher.daemon.bootstrap.GradleDaemon 8.9
java_class_path (initial): C:\Users\ssaha\.gradle\wrapper\dists\gradle-8.9-bin\90cnw93cvbtalezasaz0blq0a\gradle-8.9\lib\gradle-daemon-main-8.9.jar
Launcher Type: SUN_STANDARD

[Global flags]
     intx CICompilerCount                          = 3                                         {product} {ergonomic}
     uint ConcGCThreads                            = 1                                         {product} {ergonomic}
     uint G1ConcRefinementThreads                  = 4                                         {product} {ergonomic}
   size_t G1HeapRegionSize                         = 1048576                                   {product} {ergonomic}
    uintx GCDrainStackTargetSize                   = 64                                        {product} {ergonomic}
   size_t InitialHeapSize                          = 134217728                                 {product} {ergonomic}
   size_t MarkStackSize                            = 4194304                                   {product} {ergonomic}
   size_t MaxHeapSize                              = 2147483648                                {product} {command line}
   size_t MaxNewSize                               = 1287651328                                {product} {ergonomic}
   size_t MinHeapDeltaBytes                        = 1048576                                   {product} {ergonomic}
   size_t MinHeapSize                              = 8388608                                   {product} {ergonomic}
    uintx NonNMethodCodeHeapSize                   = 5832780                                {pd product} {ergonomic}
    uintx NonProfiledCodeHeapSize                  = 122912730                              {pd product} {ergonomic}
    uintx ProfiledCodeHeapSize                     = 122912730                              {pd product} {ergonomic}
    uintx ReservedCodeCacheSize                    = 251658240                              {pd product} {ergonomic}
     bool SegmentedCodeCache                       = true                                      {product} {ergonomic}
   size_t SoftMaxHeapSize                          = 2147483648                             {manageable} {ergonomic}
     bool UseCompressedClassPointers               = true                           {product lp64_product} {ergonomic}
     bool UseCompressedOops                        = true                           {product lp64_product} {ergonomic}
     bool UseG1GC                                  = true                                      {product} {ergonomic}
     bool UseLargePagesIndividualAllocation        = false                                  {pd product} {ergonomic}

Logging:
Log output configuration:
 #0: stdout all=warning uptime,level,tags
 #1: stderr all=off uptime,level,tags

Environment Variables:
JAVA_HOME=C:\Program Files\Eclipse Adoptium\jdk-17.0.16.8-hotspot
CLASSPATH=C:\Mobile\WordGameMobileApp\\gradle\wrapper\gradle-wrapper.jar
PATH=C:\Windows\system32;C:\Windows;C:\Windows\System32\Wbem;C:\Windows\System32\WindowsPowerShell\v1.0\;C:\Windows\System32\OpenSSH\;C:\Program Files\Eclipse Adoptium\jdk-17.0.16.8-hotspot\bin;C:\ProgramData\ComposerSetup\bin;C:\Program Files\nodejs\;C:\Program Files\Git\cmd;C:\Android\sdk\platform-tools;C:\Android\sdk\emulator;C:\Android\sdk\cmdline-tools\latest\bin;C:\Windows\system32;C:\Windows;C:\Windows\System32\Wbem;C:\Windows\System32\WindowsPowerShell\v1.0\;C:\Windows\System32\OpenSSH\;C:\Program Files\Eclipse Adoptium\jdk-17.0.16.8-hotspot\bin;C:\ProgramData\ComposerSetup\bin;C:\Program Files\nodejs\;C:\Program Files\Git\cmd;C:\Android\sdk\platform-tools;C:\Android\sdk\emulator;C:\Android\sdk\cmdline-tools\latest\bin;;C:\Users\ssaha\AppData\Local\Programs\Microsoft VS Code\bin;C:\Users\ssaha\AppData\Local\Programs\cursor\resources\app\bin;C:\Users\ssaha\AppData\Local\Programs\Qoder\bin
USERNAME=ssaha
LANG=en_US.UTF-8
OS=Windows_NT
PROCESSOR_IDENTIFIER=Intel64 Family 6 Model 61 Stepping 4, GenuineIntel
TMP=C:\Users\ssaha\AppData\Local\Temp
TEMP=C:\Users\ssaha\AppData\Local\Temp



Periodic native trim disabled


---------------  S Y S T E M  ---------------

OS:
 Windows 10 , 64 bit Build 19041 (10.0.19041.5915)
OS uptime: 1 days 0:10 hours
Hyper-V role detected

CPU: total 4 (initial active 4) (2 cores per cpu, 2 threads per core) family 6 model 61 stepping 4 microcode 0x2f, cx8, cmov, fxsr, ht, mmx, 3dnowpref, sse, sse2, sse3, ssse3, sse4.1, sse4.2, popcnt, lzcnt, tsc, tscinvbit, avx, avx2, aes, erms, clmul, bmi1, bmi2, adx, fma, vzeroupper, clflush, hv
Processor Information for all 4 processors :
  Max Mhz: 2000, Current Mhz: 2000, Mhz Limit: 2000

Memory: 4k page, system-wide physical 8101M (1446M free)
TotalPageFile size 14501M (AvailPageFile size 4775M)
current process WorkingSet (physical memory assigned to process): 931M, peak: 934M
current process commit charge ("private bytes"): 1146M, peak: 1150M

vm_info: OpenJDK 64-Bit Server VM (17.0.16+8) for windows-amd64 JRE (17.0.16+8), built on Jul 16 2025 10:37:56 by "admin" with MS VC++ 17.7 (VS2022)

END.
